date,n_bars,dup_ts,bad_ohlc,has_0845,has_1000,has_1344,has_1345,first,last
2023-08-14,301,0,0,True,True,True,True,08:45,13:45
2023-08-15,300,0,0,True,True,True,False,08:45,13:44
2023-08-16,300,0,0,True,True,True,False,08:45,13:44
2023-08-17,300,0,0,True,True,True,False,08:45,13:44
2023-08-18,300,0,0,True,True,True,False,08:45,13:44
2023-08-21,301,0,0,True,True,True,True,08:45,13:45
2023-08-22,301,0,0,True,True,True,True,08:45,13:45
2023-08-23,300,0,0,True,True,True,False,08:45,13:44
2023-08-24,300,0,0,True,True,True,False,08:45,13:44
2023-08-25,300,0,0,True,True,True,False,08:45,13:44
2023-08-28,300,0,0,True,True,True,False,08:45,13:44
2023-08-29,300,0,0,True,True,True,False,08:45,13:44
2023-08-30,300,0,0,True,True,True,False,08:45,13:44
2023-08-31,300,0,0,True,True,True,False,08:45,13:44
2023-09-01,300,0,0,True,True,True,False,08:45,13:44
2023-09-04,300,0,0,True,True,True,False,08:45,13:44
2023-09-05,300,0,0,True,True,True,False,08:45,13:44
2023-09-06,300,0,0,True,True,True,False,08:45,13:44
2023-09-07,300,0,0,True,True,True,False,08:45,13:44
2023-09-08,300,0,0,True,True,True,False,08:45,13:44
2023-09-11,300,0,0,True,True,True,False,08:45,13:44
2023-09-12,300,0,0,True,True,True,False,08:45,13:44
2023-09-13,300,0,0,True,True,True,False,08:45,13:44
2023-09-14,300,0,0,True,True,True,False,08:45,13:44
2023-09-15,300,0,0,True,True,True,False,08:45,13:44
2023-09-18,300,0,0,True,True,True,False,08:45,13:44
2023-09-19,300,0,0,True,True,True,False,08:45,13:44
2023-09-20,300,0,0,True,True,True,False,08:45,13:44
2023-09-21,300,0,0,True,True,True,False,08:45,13:44
2023-09-22,300,0,0,True,True,True,False,08:45,13:44
2023-09-25,300,0,0,True,True,True,False,08:45,13:44
2023-09-26,301,0,0,True,True,True,True,08:45,13:45
2023-09-27,300,0,0,True,True,True,False,08:45,13:44
2023-09-28,300,0,0,True,True,True,False,08:45,13:44
2023-10-02,300,0,0,True,True,True,False,08:45,13:44
2023-10-03,300,0,0,True,True,True,False,08:45,13:44
2023-10-04,300,0,0,True,True,True,False,08:45,13:44
2023-10-05,300,0,0,True,True,True,False,08:45,13:44
2023-10-06,300,0,0,True,True,True,False,08:45,13:44
2023-10-11,300,0,0,True,True,True,False,08:45,13:44
2023-10-12,300,0,0,True,True,True,False,08:45,13:44
2023-10-13,300,0,0,True,True,True,False,08:45,13:44
2023-10-16,300,0,0,True,True,True,False,08:45,13:44
2023-10-17,300,0,0,True,True,True,False,08:45,13:44
2023-10-18,301,0,0,True,True,True,True,08:45,13:45
2023-10-19,300,0,0,True,True,True,False,08:45,13:44
2023-10-20,300,0,0,True,True,True,False,08:45,13:44
2023-10-23,300,0,0,True,True,True,False,08:45,13:44
2023-10-24,300,0,0,True,True,True,False,08:45,13:44
2023-10-25,300,0,0,True,True,True,False,08:45,13:44
2023-10-26,301,0,0,True,True,True,True,08:45,13:45
2023-10-27,300,0,0,True,True,True,False,08:45,13:44
2023-10-30,300,0,0,True,True,True,False,08:45,13:44
2023-10-31,300,0,0,True,True,True,False,08:45,13:44
2023-11-01,300,0,0,True,True,True,False,08:45,13:44
2023-11-02,300,0,0,True,True,True,False,08:45,13:44
2023-11-03,300,0,0,True,True,True,False,08:45,13:44
2023-11-06,300,0,0,True,True,True,False,08:45,13:44
2023-11-07,300,0,0,True,True,True,False,08:45,13:44
2023-11-08,300,0,0,True,True,True,False,08:45,13:44
2023-11-09,300,0,0,True,True,True,False,08:45,13:44
2023-11-10,300,0,0,True,True,True,False,08:45,13:44
2023-11-13,300,0,0,True,True,True,False,08:45,13:44
2023-11-14,300,0,0,True,True,True,False,08:45,13:44
2023-11-15,300,0,0,True,True,True,False,08:45,13:44
2023-11-16,300,0,0,True,True,True,False,08:45,13:44
2023-11-17,300,0,0,True,True,True,False,08:45,13:44
2023-11-20,300,0,0,True,True,True,False,08:45,13:44
2023-11-21,300,0,0,True,True,True,False,08:45,13:44
2023-11-22,300,0,0,True,True,True,False,08:45,13:44
2023-11-23,301,0,0,True,True,True,True,08:45,13:45
2023-11-24,301,0,0,True,True,True,True,08:45,13:45
2023-11-27,300,0,0,True,True,True,False,08:45,13:44
2023-11-28,300,0,0,True,True,True,False,08:45,13:44
2023-11-29,300,0,0,True,True,True,False,08:45,13:44
2023-11-30,300,0,0,True,True,True,False,08:45,13:44
2023-12-01,300,0,0,True,True,True,False,08:45,13:44
2023-12-04,300,0,0,True,True,True,False,08:45,13:44
2023-12-05,300,0,0,True,True,True,False,08:45,13:44
2023-12-06,300,0,0,True,True,True,False,08:45,13:44
2023-12-07,300,0,0,True,True,True,False,08:45,13:44
2023-12-08,300,0,0,True,True,True,False,08:45,13:44
2023-12-11,300,0,0,True,True,True,False,08:45,13:44
2023-12-12,301,0,0,True,True,True,True,08:45,13:45
2023-12-13,301,0,0,True,True,True,True,08:45,13:45
2023-12-14,301,0,0,True,True,True,True,08:45,13:45
2023-12-15,300,0,0,True,True,True,False,08:45,13:44
2023-12-18,300,0,0,True,True,True,False,08:45,13:44
2023-12-19,300,0,0,True,True,True,False,08:45,13:44
2023-12-20,300,0,0,True,True,True,False,08:45,13:44
2023-12-21,300,0,0,True,True,True,False,08:45,13:44
2023-12-22,300,0,0,True,True,True,False,08:45,13:44
2023-12-25,300,0,0,True,True,True,False,08:45,13:44
2023-12-26,301,0,0,True,True,True,True,08:45,13:45
2023-12-27,300,0,0,True,True,True,False,08:45,13:44
2023-12-28,300,0,0,True,True,True,False,08:45,13:44
2023-12-29,300,0,0,True,True,True,False,08:45,13:44
2024-01-02,300,0,0,True,True,True,False,08:45,13:44
2024-01-03,300,0,0,True,True,True,False,08:45,13:44
2024-01-04,300,0,0,True,True,True,False,08:45,13:44
2024-01-05,300,0,0,True,True,True,False,08:45,13:44
2024-01-08,300,0,0,True,True,True,False,08:45,13:44
2024-01-09,300,0,0,True,True,True,False,08:45,13:44
2024-01-10,300,0,0,True,True,True,False,08:45,13:44
2024-01-11,300,0,0,True,True,True,False,08:45,13:44
2024-01-12,300,0,0,True,True,True,False,08:45,13:44
2024-01-15,300,0,0,True,True,True,False,08:45,13:44
2024-01-16,300,0,0,True,True,True,False,08:45,13:44
2024-01-17,301,0,0,True,True,True,True,08:45,13:45
2024-01-18,300,0,0,True,True,True,False,08:45,13:44
2024-01-19,300,0,0,True,True,True,False,08:45,13:44
2024-01-22,300,0,0,True,True,True,False,08:45,13:44
2024-01-23,300,0,0,True,True,True,False,08:45,13:44
2024-01-24,300,0,0,True,True,True,False,08:45,13:44
2024-01-25,300,0,0,True,True,True,False,08:45,13:44
2024-01-26,300,0,0,True,True,True,False,08:45,13:44
2024-01-29,300,0,0,True,True,True,False,08:45,13:44
2024-01-30,300,0,0,True,True,True,False,08:45,13:44
2024-01-31,300,0,0,True,True,True,False,08:45,13:44
2024-02-01,301,0,0,True,True,True,True,08:45,13:45
2024-02-02,300,0,0,True,True,True,False,08:45,13:44
2024-02-05,300,0,0,True,True,True,False,08:45,13:44
2024-02-15,300,0,0,True,True,True,False,08:45,13:44
2024-02-16,300,0,0,True,True,True,False,08:45,13:44
2024-02-19,300,0,0,True,True,True,False,08:45,13:44
2024-02-20,300,0,0,True,True,True,False,08:45,13:44
2024-02-21,300,0,0,True,True,True,False,08:45,13:44
2024-02-22,300,0,0,True,True,True,False,08:45,13:44
2024-02-23,300,0,0,True,True,True,False,08:45,13:44
2024-02-26,300,0,0,True,True,True,False,08:45,13:44
2024-02-27,300,0,0,True,True,True,False,08:45,13:44
2024-02-29,300,0,0,True,True,True,False,08:45,13:44
2024-03-01,300,0,0,True,True,True,False,08:45,13:44
2024-03-04,300,0,0,True,True,True,False,08:45,13:44
2024-03-05,301,0,0,True,True,True,True,08:45,13:45
2024-03-06,300,0,0,True,True,True,False,08:45,13:44
2024-03-07,301,0,0,True,True,True,True,08:45,13:45
2024-03-08,300,0,0,True,True,True,False,08:45,13:44
2024-03-11,300,0,0,True,True,True,False,08:45,13:44
2024-03-12,301,0,0,True,True,True,True,08:45,13:45
2024-03-13,300,0,0,True,True,True,False,08:45,13:44
2024-03-14,300,0,0,True,True,True,False,08:45,13:44
2024-03-15,300,0,0,True,True,True,False,08:45,13:44
2024-03-18,300,0,0,True,True,True,False,08:45,13:44
2024-03-19,300,0,0,True,True,True,False,08:45,13:44
2024-03-20,300,0,0,True,True,True,False,08:45,13:44
2024-03-21,301,0,0,True,True,True,True,08:45,13:45
2024-03-22,301,0,0,True,True,True,True,08:45,13:45
2024-03-25,300,0,0,True,True,True,False,08:45,13:44
2024-03-26,300,0,0,True,True,True,False,08:45,13:44
2024-03-27,300,0,0,True,True,True,False,08:45,13:44
2024-03-28,300,0,0,True,True,True,False,08:45,13:44
2024-03-29,300,0,0,True,True,True,False,08:45,13:44
2024-04-01,300,0,0,True,True,True,False,08:45,13:44
2024-04-02,300,0,0,True,True,True,False,08:45,13:44
2024-04-03,300,0,0,True,True,True,False,08:45,13:44
2024-04-08,300,0,0,True,True,True,False,08:45,13:44
2024-04-09,301,0,0,True,True,True,True,08:45,13:45
2024-04-10,300,0,0,True,True,True,False,08:45,13:44
2024-04-11,300,0,0,True,True,True,False,08:45,13:44
2024-04-12,300,0,0,True,True,True,False,08:45,13:44
2024-04-15,300,0,0,True,True,True,False,08:45,13:44
2024-04-16,300,0,0,True,True,True,False,08:45,13:44
2024-04-17,301,0,0,True,True,True,True,08:45,13:45
2024-04-18,300,0,0,True,True,True,False,08:45,13:44
2024-04-19,301,0,0,True,True,True,True,08:45,13:45
2024-04-22,301,0,0,True,True,True,True,08:45,13:45
2024-04-23,300,0,0,True,True,True,False,08:45,13:44
2024-04-24,301,0,0,True,True,True,True,08:45,13:45
2024-04-25,300,0,0,True,True,True,False,08:45,13:44
2024-04-26,300,0,0,True,True,True,False,08:45,13:44
2024-04-29,300,0,0,True,True,True,False,08:45,13:44
2024-04-30,300,0,0,True,True,True,False,08:45,13:44
2024-05-02,300,0,0,True,True,True,False,08:45,13:44
2024-05-03,300,0,0,True,True,True,False,08:45,13:44
2024-05-06,300,0,0,True,True,True,False,08:45,13:44
2024-05-07,300,0,0,True,True,True,False,08:45,13:44
2024-05-08,300,0,0,True,True,True,False,08:45,13:44
2024-05-09,301,0,0,True,True,True,True,08:45,13:45
2024-05-10,300,0,0,True,True,True,False,08:45,13:44
2024-05-13,300,0,0,True,True,True,False,08:45,13:44
2024-05-14,300,0,0,True,True,True,False,08:45,13:44
2024-05-15,300,0,0,True,True,True,False,08:45,13:44
2024-05-16,300,0,0,True,True,True,False,08:45,13:44
2024-05-17,300,0,0,True,True,True,False,08:45,13:44
2024-05-20,301,0,0,True,True,True,True,08:45,13:45
2024-05-21,300,0,0,True,True,True,False,08:45,13:44
2024-05-22,300,0,0,True,True,True,False,08:45,13:44
2024-05-23,300,0,0,True,True,True,False,08:45,13:44
2024-05-24,300,0,0,True,True,True,False,08:45,13:44
2024-05-27,300,0,0,True,True,True,False,08:45,13:44
2024-05-28,300,0,0,True,True,True,False,08:45,13:44
2024-05-29,300,0,0,True,True,True,False,08:45,13:44
2024-05-30,300,0,0,True,True,True,False,08:45,13:44
2024-05-31,301,0,0,True,True,True,True,08:45,13:45
2024-06-03,300,0,0,True,True,True,False,08:45,13:44
2024-06-04,300,0,0,True,True,True,False,08:45,13:44
2024-06-05,300,0,0,True,True,True,False,08:45,13:44
2024-06-06,300,0,0,True,True,True,False,08:45,13:44
2024-06-07,300,0,0,True,True,True,False,08:45,13:44
2024-06-11,301,0,0,True,True,True,True,08:45,13:45
2024-06-12,300,0,0,True,True,True,False,08:45,13:44
2024-06-13,300,0,0,True,True,True,False,08:45,13:44
2024-06-14,300,0,0,True,True,True,False,08:45,13:44
2024-06-17,300,0,0,True,True,True,False,08:45,13:44
2024-06-18,300,0,0,True,True,True,False,08:45,13:44
2024-06-19,301,0,0,True,True,True,True,08:45,13:45
2024-06-20,301,0,0,True,True,True,True,08:45,13:45
2024-06-21,300,0,0,True,True,True,False,08:45,13:44
2024-06-24,300,0,0,True,True,True,False,08:45,13:44
2024-06-25,300,0,0,True,True,True,False,08:45,13:44
2024-06-26,300,0,0,True,True,True,False,08:45,13:44
2024-06-27,300,0,0,True,True,True,False,08:45,13:44
2024-06-28,300,0,0,True,True,True,False,08:45,13:44
2024-07-01,300,0,0,True,True,True,False,08:45,13:44
2024-07-02,300,0,0,True,True,True,False,08:45,13:44
2024-07-03,300,0,0,True,True,True,False,08:45,13:44
2024-07-04,301,0,0,True,True,True,True,08:45,13:45
2024-07-05,300,0,0,True,True,True,False,08:45,13:44
2024-07-08,300,0,0,True,True,True,False,08:45,13:44
2024-07-09,300,0,0,True,True,True,False,08:45,13:44
2024-07-10,300,0,0,True,True,True,False,08:45,13:44
2024-07-11,300,0,0,True,True,True,False,08:45,13:44
2024-07-12,301,0,0,True,True,True,True,08:45,13:45
2024-07-15,300,0,0,True,True,True,False,08:45,13:44
2024-07-16,300,0,0,True,True,True,False,08:45,13:44
2024-07-17,300,0,0,True,True,True,False,08:45,13:44
2024-07-18,300,0,0,True,True,True,False,08:45,13:44
2024-07-19,300,0,0,True,True,True,False,08:45,13:44
2024-07-22,300,0,0,True,True,True,False,08:45,13:44
2024-07-23,300,0,0,True,True,True,False,08:45,13:44
2024-07-26,300,0,0,True,True,True,False,08:45,13:44
2024-07-29,300,0,0,True,True,True,False,08:45,13:44
2024-07-30,300,0,0,True,True,True,False,08:45,13:44
2024-07-31,300,0,0,True,True,True,False,08:45,13:44
2024-08-01,300,0,0,True,True,True,False,08:45,13:44
2024-08-02,300,0,0,True,True,True,False,08:45,13:44
2024-08-05,300,0,0,True,True,True,False,08:45,13:44
2024-08-06,300,0,0,True,True,True,False,08:45,13:44
2024-08-07,301,0,0,True,True,True,True,08:45,13:45
2024-08-08,301,0,0,True,True,True,True,08:45,13:45
2024-08-09,300,0,0,True,True,True,False,08:45,13:44
2024-08-12,300,0,0,True,True,True,False,08:45,13:44
2024-08-13,300,0,0,True,True,True,False,08:45,13:44
2024-08-14,301,0,0,True,True,True,True,08:45,13:45
2024-08-15,300,0,0,True,True,True,False,08:45,13:44
2024-08-16,300,0,0,True,True,True,False,08:45,13:44
2024-08-19,300,0,0,True,True,True,False,08:45,13:44
2024-08-20,300,0,0,True,True,True,False,08:45,13:44
2024-08-21,300,0,0,True,True,True,False,08:45,13:44
2024-08-22,301,0,0,True,True,True,True,08:45,13:45
2024-08-23,300,0,0,True,True,True,False,08:45,13:44
2024-08-26,300,0,0,True,True,True,False,08:45,13:44
2024-08-27,301,0,0,True,True,True,True,08:45,13:45
2024-08-28,301,0,0,True,True,True,True,08:45,13:45
2024-08-29,300,0,0,True,True,True,False,08:45,13:44
2024-08-30,300,0,0,True,True,True,False,08:45,13:44
2024-09-02,301,0,0,True,True,True,True,08:45,13:45
2024-09-03,300,0,0,True,True,True,False,08:45,13:44
2024-09-04,300,0,0,True,True,True,False,08:45,13:44
2024-09-05,300,0,0,True,True,True,False,08:45,13:44
2024-09-06,300,0,0,True,True,True,False,08:45,13:44
2024-09-09,301,0,0,True,True,True,True,08:45,13:45
2024-09-10,300,0,0,True,True,True,False,08:45,13:44
2024-09-11,301,0,0,True,True,True,True,08:45,13:45
2024-09-12,300,0,0,True,True,True,False,08:45,13:44
2024-09-13,300,0,0,True,True,True,False,08:45,13:44
2024-09-16,300,0,0,True,True,True,False,08:45,13:44
2024-09-18,300,0,0,True,True,True,False,08:45,13:44
2024-09-19,300,0,0,True,True,True,False,08:45,13:44
2024-09-20,300,0,0,True,True,True,False,08:45,13:44
2024-09-23,300,0,0,True,True,True,False,08:45,13:44
2024-09-24,301,0,0,True,True,True,True,08:45,13:45
2024-09-25,300,0,0,True,True,True,False,08:45,13:44
2024-09-26,300,0,0,True,True,True,False,08:45,13:44
2024-09-27,300,0,0,True,True,True,False,08:45,13:44
2024-09-30,300,0,0,True,True,True,False,08:45,13:44
2024-10-01,300,0,0,True,True,True,False,08:45,13:44
2024-10-04,301,0,0,True,True,True,True,08:45,13:45
2024-10-07,301,0,0,True,True,True,True,08:45,13:45
2024-10-08,300,0,0,True,True,True,False,08:45,13:44
2024-10-09,301,0,0,True,True,True,True,08:45,13:45
2024-10-11,300,0,0,True,True,True,False,08:45,13:44
2024-10-14,300,0,0,True,True,True,False,08:45,13:44
2024-10-15,300,0,0,True,True,True,False,08:45,13:44
2024-10-16,300,0,0,True,True,True,False,08:45,13:44
2024-10-17,300,0,0,True,True,True,False,08:45,13:44
2024-10-18,300,0,0,True,True,True,False,08:45,13:44
2024-10-21,300,0,0,True,True,True,False,08:45,13:44
2024-10-22,300,0,0,True,True,True,False,08:45,13:44
2024-10-23,300,0,0,True,True,True,False,08:45,13:44
2024-10-24,300,0,0,True,True,True,False,08:45,13:44
2024-10-25,300,0,0,True,True,True,False,08:45,13:44
2024-10-28,300,0,0,True,True,True,False,08:45,13:44
2024-10-29,301,0,0,True,True,True,True,08:45,13:45
2024-10-30,300,0,0,True,True,True,False,08:45,13:44
2024-11-01,301,0,0,True,True,True,True,08:45,13:45
2024-11-04,300,0,0,True,True,True,False,08:45,13:44
2024-11-05,301,0,0,True,True,True,True,08:45,13:45
2024-11-06,300,0,0,True,True,True,False,08:45,13:44
2024-11-07,300,0,0,True,True,True,False,08:45,13:44
2024-11-08,300,0,0,True,True,True,False,08:45,13:44
2024-11-11,301,0,0,True,True,True,True,08:45,13:45
2024-11-12,300,0,0,True,True,True,False,08:45,13:44
2024-11-13,300,0,0,True,True,True,False,08:45,13:44
2024-11-14,300,0,0,True,True,True,False,08:45,13:44
2024-11-15,300,0,0,True,True,True,False,08:45,13:44
2024-11-18,300,0,0,True,True,True,False,08:45,13:44
2024-11-19,300,0,0,True,True,True,False,08:45,13:44
2024-11-20,300,0,0,True,True,True,False,08:45,13:44
2024-11-21,300,0,0,True,True,True,False,08:45,13:44
2024-11-22,301,0,0,True,True,True,True,08:45,13:45
2024-11-25,301,0,0,True,True,True,True,08:45,13:45
2024-11-26,300,0,0,True,True,True,False,08:45,13:44
2024-11-27,300,0,0,True,True,True,False,08:45,13:44
2024-11-28,300,0,0,True,True,True,False,08:45,13:44
2024-11-29,300,0,0,True,True,True,False,08:45,13:44
2024-12-02,300,0,0,True,True,True,False,08:45,13:44
2024-12-03,300,0,0,True,True,True,False,08:45,13:44
2024-12-04,300,0,0,True,True,True,False,08:45,13:44
2024-12-05,300,0,0,True,True,True,False,08:45,13:44
2024-12-06,300,0,0,True,True,True,False,08:45,13:44
2024-12-09,300,0,0,True,True,True,False,08:45,13:44
2024-12-10,300,0,0,True,True,True,False,08:45,13:44
2024-12-11,300,0,0,True,True,True,False,08:45,13:44
2024-12-12,300,0,0,True,True,True,False,08:45,13:44
2024-12-13,300,0,0,True,True,True,False,08:45,13:44
2024-12-16,300,0,0,True,True,True,False,08:45,13:44
2024-12-17,300,0,0,True,True,True,False,08:45,13:44
2024-12-18,300,0,0,True,True,True,False,08:45,13:44
2024-12-19,300,0,0,True,True,True,False,08:45,13:44
2024-12-20,300,0,0,True,True,True,False,08:45,13:44
2024-12-23,300,0,0,True,True,True,False,08:45,13:44
2024-12-24,300,0,0,True,True,True,False,08:45,13:44
2024-12-25,300,0,0,True,True,True,False,08:45,13:44
2024-12-26,300,0,0,True,True,True,False,08:45,13:44
2024-12-27,301,0,0,True,True,True,True,08:45,13:45
2024-12-30,300,0,0,True,True,True,False,08:45,13:44
2024-12-31,300,0,0,True,True,True,False,08:45,13:44
2025-01-02,300,0,0,True,True,True,False,08:45,13:44
2025-01-03,300,0,0,True,True,True,False,08:45,13:44
2025-01-06,300,0,0,True,True,True,False,08:45,13:44
2025-01-07,300,0,0,True,True,True,False,08:45,13:44
2025-01-08,300,0,0,True,True,True,False,08:45,13:44
2025-01-09,300,0,0,True,True,True,False,08:45,13:44
2025-01-10,300,0,0,True,True,True,False,08:45,13:44
2025-01-13,300,0,0,True,True,True,False,08:45,13:44
2025-01-14,300,0,0,True,True,True,False,08:45,13:44
2025-01-15,300,0,0,True,True,True,False,08:45,13:44
2025-01-16,300,0,0,True,True,True,False,08:45,13:44
2025-01-17,300,0,0,True,True,True,False,08:45,13:44
2025-01-20,300,0,0,True,True,True,False,08:45,13:44
2025-01-21,300,0,0,True,True,True,False,08:45,13:44
2025-01-22,300,0,0,True,True,True,False,08:45,13:44
2025-02-03,300,0,0,True,True,True,False,08:45,13:44
2025-02-04,300,0,0,True,True,True,False,08:45,13:44
2025-02-05,300,0,0,True,True,True,False,08:45,13:44
2025-02-06,301,0,0,True,True,True,True,08:45,13:45
2025-02-07,300,0,0,True,True,True,False,08:45,13:44
2025-02-10,300,0,0,True,True,True,False,08:45,13:44
2025-02-11,300,0,0,True,True,True,False,08:45,13:44
2025-02-12,300,0,0,True,True,True,False,08:45,13:44
2025-02-13,300,0,0,True,True,True,False,08:45,13:44
2025-02-14,300,0,0,True,True,True,False,08:45,13:44
2025-02-17,300,0,0,True,True,True,False,08:45,13:44
2025-02-18,300,0,0,True,True,True,False,08:45,13:44
2025-02-19,300,0,0,True,True,True,False,08:45,13:44
2025-02-20,300,0,0,True,True,True,False,08:45,13:44
2025-02-21,300,0,0,True,True,True,False,08:45,13:44
2025-02-24,300,0,0,True,True,True,False,08:45,13:44
2025-02-25,300,0,0,True,True,True,False,08:45,13:44
2025-02-26,300,0,0,True,True,True,False,08:45,13:44
2025-02-27,301,0,0,True,True,True,True,08:45,13:45
2025-03-03,300,0,0,True,True,True,False,08:45,13:44
2025-03-04,300,0,0,True,True,True,False,08:45,13:44
2025-03-05,300,0,0,True,True,True,False,08:45,13:44
2025-03-06,300,0,0,True,True,True,False,08:45,13:44
2025-03-07,300,0,0,True,True,True,False,08:45,13:44
2025-03-10,300,0,0,True,True,True,False,08:45,13:44
2025-03-11,300,0,0,True,True,True,False,08:45,13:44
2025-03-12,300,0,0,True,True,True,False,08:45,13:44
2025-03-13,300,0,0,True,True,True,False,08:45,13:44
2025-03-14,300,0,0,True,True,True,False,08:45,13:44
2025-03-17,300,0,0,True,True,True,False,08:45,13:44
2025-03-18,300,0,0,True,True,True,False,08:45,13:44
2025-03-19,300,0,0,True,True,True,False,08:45,13:44
2025-03-20,300,0,0,True,True,True,False,08:45,13:44
2025-03-21,300,0,0,True,True,True,False,08:45,13:44
2025-03-24,300,0,0,True,True,True,False,08:45,13:44
2025-03-25,300,0,0,True,True,True,False,08:45,13:44
2025-03-26,300,0,0,True,True,True,False,08:45,13:44
2025-03-27,300,0,0,True,True,True,False,08:45,13:44
2025-03-28,300,0,0,True,True,True,False,08:45,13:44
2025-03-31,300,0,0,True,True,True,False,08:45,13:44
2025-04-01,300,0,0,True,True,True,False,08:45,13:44
2025-04-02,300,0,0,True,True,True,False,08:45,13:44
2025-04-07,160,0,0,True,True,True,False,08:45,13:44
2025-04-08,300,0,0,True,True,True,False,08:45,13:44
2025-04-09,301,0,0,True,True,True,True,08:45,13:45
2025-04-10,153,0,0,True,True,True,False,08:45,13:44
2025-04-11,301,0,0,True,True,True,True,08:45,13:45
2025-04-14,300,0,0,True,True,True,False,08:45,13:44
2025-04-15,301,0,0,True,True,True,True,08:45,13:45
2025-04-16,301,0,0,True,True,True,True,08:45,13:45
2025-04-17,301,0,0,True,True,True,True,08:45,13:45
2025-04-18,300,0,0,True,True,True,False,08:45,13:44
2025-04-21,300,0,0,True,True,True,False,08:45,13:44
2025-04-22,300,0,0,True,True,True,False,08:45,13:44
2025-04-23,300,0,0,True,True,True,False,08:45,13:44
2025-04-24,300,0,0,True,True,True,False,08:45,13:44
2025-04-25,300,0,0,True,True,True,False,08:45,13:44
2025-04-28,300,0,0,True,True,True,False,08:45,13:44
2025-04-29,300,0,0,True,True,True,False,08:45,13:44
2025-04-30,300,0,0,True,True,True,False,08:45,13:44
2025-05-02,300,0,0,True,True,True,False,08:45,13:44
2025-05-05,301,0,0,True,True,True,True,08:45,13:45
2025-05-06,300,0,0,True,True,True,False,08:45,13:44
2025-05-07,301,0,0,True,True,True,True,08:45,13:45
2025-05-08,300,0,0,True,True,True,False,08:45,13:44
2025-05-09,300,0,0,True,True,True,False,08:45,13:44
2025-05-12,300,0,0,True,True,True,False,08:45,13:44
2025-05-13,300,0,0,True,True,True,False,08:45,13:44
2025-05-14,300,0,0,True,True,True,False,08:45,13:44
2025-05-15,301,0,0,True,True,True,True,08:45,13:45
2025-05-16,300,0,0,True,True,True,False,08:45,13:44
2025-05-19,300,0,0,True,True,True,False,08:45,13:44
2025-05-20,300,0,0,True,True,True,False,08:45,13:44
2025-05-21,300,0,0,True,True,True,False,08:45,13:44
2025-05-22,300,0,0,True,True,True,False,08:45,13:44
2025-05-23,301,0,0,True,True,True,True,08:45,13:45
2025-05-26,300,0,0,True,True,True,False,08:45,13:44
2025-05-27,300,0,0,True,True,True,False,08:45,13:44
2025-05-28,300,0,0,True,True,True,False,08:45,13:44
2025-05-29,300,0,0,True,True,True,False,08:45,13:44
2025-06-02,300,0,0,True,True,True,False,08:45,13:44
2025-06-03,300,0,0,True,True,True,False,08:45,13:44
2025-06-04,300,0,0,True,True,True,False,08:45,13:44
2025-06-05,300,0,0,True,True,True,False,08:45,13:44
2025-06-06,300,0,0,True,True,True,False,08:45,13:44
2025-06-09,300,0,0,True,True,True,False,08:45,13:44
2025-06-10,301,0,0,True,True,True,True,08:45,13:45
2025-06-11,300,0,0,True,True,True,False,08:45,13:44
2025-06-12,300,0,0,True,True,True,False,08:45,13:44
2025-06-13,300,0,0,True,True,True,False,08:45,13:44
2025-06-16,300,0,0,True,True,True,False,08:45,13:44
2025-06-17,301,0,0,True,True,True,True,08:45,13:45
2025-06-18,300,0,0,True,True,True,False,08:45,13:44
2025-06-19,300,0,0,True,True,True,False,08:45,13:44
2025-06-20,300,0,0,True,True,True,False,08:45,13:44
2025-06-23,300,0,0,True,True,True,False,08:45,13:44
2025-06-24,300,0,0,True,True,True,False,08:45,13:44
2025-06-25,300,0,0,True,True,True,False,08:45,13:44
2025-06-26,300,0,0,True,True,True,False,08:45,13:44
2025-06-27,300,0,0,True,True,True,False,08:45,13:44
2025-06-30,300,0,0,True,True,True,False,08:45,13:44
2025-07-01,300,0,0,True,True,True,False,08:45,13:44
2025-07-02,300,0,0,True,True,True,False,08:45,13:44
2025-07-03,301,0,0,True,True,True,True,08:45,13:45
2025-07-04,300,0,0,True,True,True,False,08:45,13:44
2025-07-07,300,0,0,True,True,True,False,08:45,13:44
2025-07-08,300,0,0,True,True,True,False,08:45,13:44
2025-07-09,300,0,0,True,True,True,False,08:45,13:44
2025-07-10,300,0,0,True,True,True,False,08:45,13:44
2025-07-11,300,0,0,True,True,True,False,08:45,13:44
2025-07-14,300,0,0,True,True,True,False,08:45,13:44
2025-07-15,300,0,0,True,True,True,False,08:45,13:44
2025-07-16,300,0,0,True,True,True,False,08:45,13:44
2025-07-17,300,0,0,True,True,True,False,08:45,13:44
2025-07-18,300,0,0,True,True,True,False,08:45,13:44
2025-07-21,300,0,0,True,True,True,False,08:45,13:44
2025-07-22,300,0,0,True,True,True,False,08:45,13:44
2025-07-23,300,0,0,True,True,True,False,08:45,13:44
2025-07-24,300,0,0,True,True,True,False,08:45,13:44
2025-07-25,300,0,0,True,True,True,False,08:45,13:44
2025-07-28,300,0,0,True,True,True,False,08:45,13:44
2025-07-29,300,0,0,True,True,True,False,08:45,13:44
2025-07-30,300,0,0,True,True,True,False,08:45,13:44
2025-07-31,300,0,0,True,True,True,False,08:45,13:44
2025-08-01,300,0,0,True,True,True,False,08:45,13:44
2025-08-04,300,0,0,True,True,True,False,08:45,13:44
2025-08-05,300,0,0,True,True,True,False,08:45,13:44
2025-08-06,300,0,0,True,True,True,False,08:45,13:44
2025-08-07,300,0,0,True,True,True,False,08:45,13:44
2025-08-08,301,0,0,True,True,True,True,08:45,13:45
2025-08-11,300,0,0,True,True,True,False,08:45,13:44
2025-08-12,300,0,0,True,True,True,False,08:45,13:44
2025-08-13,300,0,0,True,True,True,False,08:45,13:44
2025-08-14,300,0,0,True,True,True,False,08:45,13:44
2025-08-15,301,0,0,True,True,True,True,08:45,13:45
2025-08-18,300,0,0,True,True,True,False,08:45,13:44
2025-08-19,300,0,0,True,True,True,False,08:45,13:44
2025-08-20,300,0,0,True,True,True,False,08:45,13:44
2025-08-21,301,0,0,True,True,True,True,08:45,13:45
2025-08-22,300,0,0,True,True,True,False,08:45,13:44
2025-08-25,300,0,0,True,True,True,False,08:45,13:44
2025-08-26,300,0,0,True,True,True,False,08:45,13:44
2025-08-27,300,0,0,True,True,True,False,08:45,13:44
2025-08-28,301,0,0,True,True,True,True,08:45,13:45
2025-08-29,300,0,0,True,True,True,False,08:45,13:44
2025-09-01,300,0,0,True,True,True,False,08:45,13:44
2025-09-02,300,0,0,True,True,True,False,08:45,13:44
2025-09-03,300,0,0,True,True,True,False,08:45,13:44
2025-09-04,300,0,0,True,True,True,False,08:45,13:44
2025-09-05,300,0,0,True,True,True,False,08:45,13:44
2025-09-08,301,0,0,True,True,True,True,08:45,13:45
2025-09-09,300,0,0,True,True,True,False,08:45,13:44
2025-09-10,300,0,0,True,True,True,False,08:45,13:44
2025-09-11,300,0,0,True,True,True,False,08:45,13:44
2025-09-12,300,0,0,True,True,True,False,08:45,13:44
2025-09-15,300,0,0,True,True,True,False,08:45,13:44
2025-09-16,300,0,0,True,True,True,False,08:45,13:44
2025-09-17,300,0,0,True,True,True,False,08:45,13:44
2025-09-18,300,0,0,True,True,True,False,08:45,13:44
2025-09-19,300,0,0,True,True,True,False,08:45,13:44
2025-09-22,300,0,0,True,True,True,False,08:45,13:44
2025-09-23,300,0,0,True,True,True,False,08:45,13:44
2025-09-24,300,0,0,True,True,True,False,08:45,13:44
2025-09-25,301,0,0,True,True,True,True,08:45,13:45
2025-09-26,301,0,0,True,True,True,True,08:45,13:45
2025-09-30,300,0,0,True,True,True,False,08:45,13:44
2025-10-01,300,0,0,True,True,True,False,08:45,13:44
2025-10-02,300,0,0,True,True,True,False,08:45,13:44
2025-10-03,300,0,0,True,True,True,False,08:45,13:44
2025-10-07,300,0,0,True,True,True,False,08:45,13:44
2025-10-08,300,0,0,True,True,True,False,08:45,13:44
2025-10-09,300,0,0,True,True,True,False,08:45,13:44
2025-10-13,301,0,0,True,True,True,True,08:45,13:45
2025-10-14,300,0,0,True,True,True,False,08:45,13:44
2025-10-15,300,0,0,True,True,True,False,08:45,13:44
2025-10-16,300,0,0,True,True,True,False,08:45,13:44
2025-10-17,300,0,0,True,True,True,False,08:45,13:44
2025-10-20,300,0,0,True,True,True,False,08:45,13:44
2025-10-21,300,0,0,True,True,True,False,08:45,13:44
2025-10-22,300,0,0,True,True,True,False,08:45,13:44
2025-10-23,300,0,0,True,True,True,False,08:45,13:44
2025-10-27,301,0,0,True,True,True,True,08:45,13:45
2025-10-28,300,0,0,True,True,True,False,08:45,13:44
2025-10-29,301,0,0,True,True,True,True,08:45,13:45
2025-10-30,300,0,0,True,True,True,False,08:45,13:44
2025-10-31,300,0,0,True,True,True,False,08:45,13:44
2025-11-03,300,0,0,True,True,True,False,08:45,13:44
2025-11-04,300,0,0,True,True,True,False,08:45,13:44
2025-11-05,300,0,0,True,True,True,False,08:45,13:44
2025-11-06,300,0,0,True,True,True,False,08:45,13:44
2025-11-07,300,0,0,True,True,True,False,08:45,13:44
2025-11-10,300,0,0,True,True,True,False,08:45,13:44
2025-11-11,300,0,0,True,True,True,False,08:45,13:44
2025-11-12,300,0,0,True,True,True,False,08:45,13:44
2025-11-13,300,0,0,True,True,True,False,08:45,13:44
2025-11-14,301,0,0,True,True,True,True,08:45,13:45
2025-11-17,300,0,0,True,True,True,False,08:45,13:44
2025-11-18,300,0,0,True,True,True,False,08:45,13:44
2025-11-19,300,0,0,True,True,True,False,08:45,13:44
2025-11-20,300,0,0,True,True,True,False,08:45,13:44
2025-11-21,300,0,0,True,True,True,False,08:45,13:44
2025-11-24,300,0,0,True,True,True,False,08:45,13:44
2025-11-25,300,0,0,True,True,True,False,08:45,13:44
2025-11-26,300,0,0,True,True,True,False,08:45,13:44
2025-11-27,300,0,0,True,True,True,False,08:45,13:44
2025-11-28,300,0,0,True,True,True,False,08:45,13:44
2025-12-01,300,0,0,True,True,True,False,08:45,13:44
2025-12-02,300,0,0,True,True,True,False,08:45,13:44
2025-12-03,300,0,0,True,True,True,False,08:45,13:44
2025-12-04,300,0,0,True,True,True,False,08:45,13:44
2025-12-05,301,0,0,True,True,True,True,08:45,13:45
2025-12-08,300,0,0,True,True,True,False,08:45,13:44
2025-12-09,300,0,0,True,True,True,False,08:45,13:44
2025-12-10,300,0,0,True,True,True,False,08:45,13:44
2025-12-11,300,0,0,True,True,True,False,08:45,13:44
2025-12-12,301,0,0,True,True,True,True,08:45,13:45
2025-12-15,300,0,0,True,True,True,False,08:45,13:44
2025-12-16,300,0,0,True,True,True,False,08:45,13:44
2025-12-17,300,0,0,True,True,True,False,08:45,13:44
2025-12-18,300,0,0,True,True,True,False,08:45,13:44
2025-12-19,300,0,0,True,True,True,False,08:45,13:44
2025-12-22,300,0,0,True,True,True,False,08:45,13:44
2025-12-23,300,0,0,True,True,True,False,08:45,13:44
2025-12-24,300,0,0,True,True,True,False,08:45,13:44
2025-12-26,300,0,0,True,True,True,False,08:45,13:44
2025-12-29,301,0,0,True,True,True,True,08:45,13:45
2025-12-30,301,0,0,True,True,True,True,08:45,13:45
2025-12-31,300,0,0,True,True,True,False,08:45,13:44
2026-01-02,300,0,0,True,True,True,False,08:45,13:44
2026-01-05,301,0,0,True,True,True,True,08:45,13:45
2026-01-06,300,0,0,True,True,True,False,08:45,13:44
2026-01-07,300,0,0,True,True,True,False,08:45,13:44
2026-01-08,300,0,0,True,True,True,False,08:45,13:44
2026-01-09,300,0,0,True,True,True,False,08:45,13:44
2026-01-12,300,0,0,True,True,True,False,08:45,13:44
2026-01-13,300,0,0,True,True,True,False,08:45,13:44
2026-01-14,300,0,0,True,True,True,False,08:45,13:44
2026-01-15,300,0,0,True,True,True,False,08:45,13:44
2026-01-16,300,0,0,True,True,True,False,08:45,13:44
2026-01-19,300,0,0,True,True,True,False,08:45,13:44
2026-01-20,300,0,0,True,True,True,False,08:45,13:44
2026-01-21,300,0,0,True,True,True,False,08:45,13:44
2026-01-22,300,0,0,True,True,True,False,08:45,13:44
2026-01-23,300,0,0,True,True,True,False,08:45,13:44
2026-01-26,300,0,0,True,True,True,False,08:45,13:44
2026-01-27,300,0,0,True,True,True,False,08:45,13:44
2026-01-28,300,0,0,True,True,True,False,08:45,13:44
2026-01-29,300,0,0,True,True,True,False,08:45,13:44
2026-01-30,301,0,0,True,True,True,True,08:45,13:45
2026-02-02,300,0,0,True,True,True,False,08:45,13:44
2026-02-03,300,0,0,True,True,True,False,08:45,13:44
2026-02-04,300,0,0,True,True,True,False,08:45,13:44
2026-02-05,300,0,0,True,True,True,False,08:45,13:44
2026-02-06,300,0,0,True,True,True,False,08:45,13:44
2026-02-09,300,0,0,True,True,True,False,08:45,13:44
2026-02-10,300,0,0,True,True,True,False,08:45,13:44
2026-02-11,300,0,0,True,True,True,False,08:45,13:44
2026-02-23,300,0,0,True,True,True,False,08:45,13:44
2026-02-24,300,0,0,True,True,True,False,08:45,13:44
2026-02-25,300,0,0,True,True,True,False,08:45,13:44
2026-02-26,300,0,0,True,True,True,False,08:45,13:44
2026-03-02,301,0,0,True,True,True,True,08:45,13:45
2026-03-03,300,0,0,True,True,True,False,08:45,13:44
2026-03-04,300,0,0,True,True,True,False,08:45,13:44
2026-03-05,300,0,0,True,True,True,False,08:45,13:44
2026-03-06,300,0,0,True,True,True,False,08:45,13:44
2026-03-09,301,0,0,True,True,True,True,08:45,13:45
2026-03-10,300,0,0,True,True,True,False,08:45,13:44
2026-03-11,301,0,0,True,True,True,True,08:45,13:45
2026-03-12,300,0,0,True,True,True,False,08:45,13:44
2026-03-13,300,0,0,True,True,True,False,08:45,13:44
2026-03-16,300,0,0,True,True,True,False,08:45,13:44
2026-03-17,300,0,0,True,True,True,False,08:45,13:44
2026-03-18,300,0,0,True,True,True,False,08:45,13:44
2026-03-19,300,0,0,True,True,True,False,08:45,13:44
2026-03-20,300,0,0,True,True,True,False,08:45,13:44
2026-03-23,300,0,0,True,True,True,False,08:45,13:44
2026-03-24,300,0,0,True,True,True,False,08:45,13:44
2026-03-25,300,0,0,True,True,True,False,08:45,13:44
2026-03-26,301,0,0,True,True,True,True,08:45,13:45
2026-03-27,300,0,0,True,True,True,False,08:45,13:44
2026-03-30,300,0,0,True,True,True,False,08:45,13:44
2026-03-31,300,0,0,True,True,True,False,08:45,13:44
2026-04-01,300,0,0,True,True,True,False,08:45,13:44
2026-04-02,300,0,0,True,True,True,False,08:45,13:44
2026-04-07,300,0,0,True,True,True,False,08:45,13:44
2026-04-08,300,0,0,True,True,True,False,08:45,13:44
2026-04-09,300,0,0,True,True,True,False,08:45,13:44
2026-04-10,300,0,0,True,True,True,False,08:45,13:44
2026-04-13,300,0,0,True,True,True,False,08:45,13:44
2026-04-14,301,0,0,True,True,True,True,08:45,13:45
2026-04-15,301,0,0,True,True,True,True,08:45,13:45
2026-04-16,300,0,0,True,True,True,False,08:45,13:44
2026-04-17,300,0,0,True,True,True,False,08:45,13:44
2026-04-20,300,0,0,True,True,True,False,08:45,13:44
2026-04-21,300,0,0,True,True,True,False,08:45,13:44
2026-04-22,301,0,0,True,True,True,True,08:45,13:45
2026-04-23,300,0,0,True,True,True,False,08:45,13:44
2026-04-24,300,0,0,True,True,True,False,08:45,13:44
2026-04-27,300,0,0,True,True,True,False,08:45,13:44
2026-04-28,301,0,0,True,True,True,True,08:45,13:45
2026-04-29,300,0,0,True,True,True,False,08:45,13:44
2026-04-30,300,0,0,True,True,True,False,08:45,13:44
2026-05-04,301,0,0,True,True,True,True,08:45,13:45
2026-05-05,300,0,0,True,True,True,False,08:45,13:44
2026-05-06,300,0,0,True,True,True,False,08:45,13:44
2026-05-07,300,0,0,True,True,True,False,08:45,13:44
2026-05-08,300,0,0,True,True,True,False,08:45,13:44
2026-05-11,300,0,0,True,True,True,False,08:45,13:44
2026-05-12,301,0,0,True,True,True,True,08:45,13:45
2026-05-13,300,0,0,True,True,True,False,08:45,13:44
2026-05-14,301,0,0,True,True,True,True,08:45,13:45
2026-05-15,301,0,0,True,True,True,True,08:45,13:45
2026-05-18,300,0,0,True,True,True,False,08:45,13:44
2026-05-19,300,0,0,True,True,True,False,08:45,13:44
2026-05-20,300,0,0,True,True,True,False,08:45,13:44
2026-05-21,301,0,0,True,True,True,True,08:45,13:45
2026-05-22,300,0,0,True,True,True,False,08:45,13:44
2026-05-25,300,0,0,True,True,True,False,08:45,13:44
2026-05-26,300,0,0,True,True,True,False,08:45,13:44
2026-05-27,300,0,0,True,True,True,False,08:45,13:44
2026-05-28,301,0,0,True,True,True,True,08:45,13:45
2026-05-29,301,0,0,True,True,True,True,08:45,13:45
2026-06-01,301,0,0,True,True,True,True,08:45,13:45
2026-06-02,300,0,0,True,True,True,False,08:45,13:44
2026-06-03,301,0,0,True,True,True,True,08:45,13:45
2026-06-04,300,0,0,True,True,True,False,08:45,13:44
2026-06-05,300,0,0,True,True,True,False,08:45,13:44
2026-06-08,300,0,0,True,True,True,False,08:45,13:44
2026-06-09,300,0,0,True,True,True,False,08:45,13:44
2026-06-10,301,0,0,True,True,True,True,08:45,13:45
2026-06-11,300,0,0,True,True,True,False,08:45,13:44
2026-06-12,301,0,0,True,True,True,True,08:45,13:45
2026-06-15,300,0,0,True,True,True,False,08:45,13:44
2026-06-16,300,0,0,True,True,True,False,08:45,13:44
2026-06-17,300,0,0,True,True,True,False,08:45,13:44
2026-06-18,300,0,0,True,True,True,False,08:45,13:44
2026-06-22,300,0,0,True,True,True,False,08:45,13:44
2026-06-23,300,0,0,True,True,True,False,08:45,13:44
2026-06-24,300,0,0,True,True,True,False,08:45,13:44
2026-06-25,300,0,0,True,True,True,False,08:45,13:44
2026-06-26,301,0,0,True,True,True,True,08:45,13:45
2026-06-29,300,0,0,True,True,True,False,08:45,13:44
2026-06-30,300,0,0,True,True,True,False,08:45,13:44
2026-07-01,300,0,0,True,True,True,False,08:45,13:44
2026-07-02,300,0,0,True,True,True,False,08:45,13:44
2026-07-03,300,0,0,True,True,True,False,08:45,13:44
2026-07-06,300,0,0,True,True,True,False,08:45,13:44
2026-07-07,300,0,0,True,True,True,False,08:45,13:44
2026-07-08,301,0,0,True,True,True,True,08:45,13:45
2026-07-09,300,0,0,True,True,True,False,08:45,13:44
2026-07-13,300,0,0,True,True,True,False,08:45,13:44
2026-07-14,300,0,0,True,True,True,False,08:45,13:44
2026-07-15,300,0,0,True,True,True,False,08:45,13:44
2026-07-16,300,0,0,True,True,True,False,08:45,13:44
2026-07-17,301,0,0,True,True,True,True,08:45,13:45
2026-07-20,300,0,0,True,True,True,False,08:45,13:44
2026-07-21,301,0,0,True,True,True,True,08:45,13:45
2026-07-22,300,0,0,True,True,True,False,08:45,13:44
2026-07-23,300,0,0,True,True,True,False,08:45,13:44
2026-07-24,301,0,0,True,True,True,True,08:45,13:45
2026-07-27,300,0,0,True,True,True,False,08:45,13:44
2026-07-28,301,0,0,True,True,True,True,08:45,13:45
2026-07-29,300,0,0,True,True,True,False,08:45,13:44
2026-07-30,300,0,0,True,True,True,False,08:45,13:44
2026-07-31,300,0,0,True,True,True,False,08:45,13:44
2026-08-03,300,0,0,True,True,True,False,08:45,13:44
2026-08-04,300,0,0,True,True,True,False,08:45,13:44
2026-08-05,300,0,0,True,True,True,False,08:45,13:44
2026-08-06,300,0,0,True,True,True,False,08:45,13:44
2026-08-07,300,0,0,True,True,True,False,08:45,13:44
2026-08-10,300,0,0,True,True,True,False,08:45,13:44
2026-08-11,300,0,0,True,True,True,False,08:45,13:44
2026-08-12,301,0,0,True,True,True,True,08:45,13:45
2026-08-13,300,0,0,True,True,True,False,08:45,13:44
2026-08-14,300,0,0,True,True,True,False,08:45,13:44
2026-08-17,300,0,0,True,True,True,False,08:45,13:44
2026-08-18,300,0,0,True,True,True,False,08:45,13:44
2026-08-19,300,0,0,True,True,True,False,08:45,13:44
2026-08-20,300,0,0,True,True,True,False,08:45,13:44
