date,pnl_a16,pnl_a19,bucket,_merge,diff
2023-08-15,,103.0,大漲>=2%,right_only,
2023-08-16,,-68.0,跌-2~-1%,right_only,
2023-08-21,,-72.0,小漲0~1%,right_only,
2023-08-22,,19.0,大漲>=2%,right_only,
2023-08-24,,-5.0,大漲>=2%,right_only,
2023-08-28,,22.0,小漲0~1%,right_only,
2023-08-29,,55.0,漲1~2%,right_only,
2023-08-30,,39.0,大漲>=2%,right_only,
2023-08-31,,-106.0,小漲0~1%,right_only,
2023-09-01,,53.0,小漲0~1%,right_only,
2023-09-04,,129.0,小漲0~1%,right_only,
2023-09-05,,13.0,小漲0~1%,right_only,
2023-09-06,,-51.0,小漲0~1%,right_only,
2023-09-08,,-76.0,跌-2~-1%,right_only,
2023-09-12,102.0,102.0,小漲0~1%,both,0.0
2023-09-14,163.0,163.0,小漲0~1%,both,0.0
2023-09-15,58.0,58.0,小漲0~1%,both,0.0
2023-09-19,-84.0,-84.0,小漲0~1%,both,0.0
2023-09-21,174.0,174.0,跌-2~-1%,both,0.0
2023-09-22,-146.0,-146.0,跌-2~-1%,both,0.0
2023-09-25,100.0,100.0,小漲0~1%,both,0.0
2023-09-26,-101.0,-102.0,小漲0~1%,both,1.0
2023-09-27,-71.0,-71.0,跌-2~-1%,both,0.0
2023-09-28,23.0,23.0,小漲0~1%,both,0.0
2023-10-02,35.0,35.0,小漲0~1%,both,0.0
2023-10-03,-86.0,-86.0,小漲0~1%,both,0.0
2023-10-05,156.0,156.0,漲1~2%,both,0.0
2023-10-11,-87.0,-87.0,漲1~2%,both,0.0
2023-10-12,75.0,75.0,小漲0~1%,both,0.0
2023-10-13,19.0,19.0,小漲0~1%,both,0.0
2023-10-17,-105.0,-105.0,漲1~2%,both,0.0
2023-10-19,-111.0,-111.0,跌-2~-1%,both,0.0
2023-10-20,40.0,40.0,跌-2~-1%,both,0.0
2023-10-23,90.0,90.0,跌-2~-1%,both,0.0
2023-10-25,-11.0,-11.0,漲1~2%,both,0.0
2023-10-30,44.0,44.0,漲1~2%,both,0.0
2023-10-31,189.0,189.0,跌-2~-1%,both,0.0
2023-11-01,-47.0,-47.0,小漲0~1%,both,0.0
2023-11-02,-46.0,-46.0,大漲>=2%,both,0.0
2023-11-03,-14.0,-14.0,大漲>=2%,both,0.0
2023-11-06,18.0,18.0,大漲>=2%,both,0.0
2023-11-08,18.0,18.0,小漲0~1%,both,0.0
2023-11-09,53.0,53.0,小漲0~1%,both,0.0
2023-11-13,20.0,20.0,大漲>=2%,both,0.0
2023-11-15,-12.0,-12.0,大漲>=2%,both,0.0
2023-11-16,-15.0,-15.0,小漲0~1%,both,0.0
2023-11-17,64.0,64.0,小漲0~1%,both,0.0
2023-11-20,-26.0,-26.0,小漲0~1%,both,0.0
2023-11-21,125.0,125.0,漲1~2%,both,0.0
2023-11-22,14.0,14.0,跌-2~-1%,both,0.0
2023-11-23,36.0,36.0,小漲0~1%,both,0.0
2023-11-24,-48.0,-47.0,小漲0~1%,both,-1.0
2023-11-27,-90.0,-90.0,小漲0~1%,both,0.0
2023-11-30,-8.0,-8.0,小漲0~1%,both,0.0
2023-12-04,-50.0,-50.0,小漲0~1%,both,0.0
2023-12-05,-31.0,-31.0,跌-2~-1%,both,0.0
2023-12-08,16.0,16.0,大漲>=2%,both,0.0
2023-12-11,-18.0,-18.0,小漲0~1%,both,0.0
2023-12-12,24.0,21.0,大漲>=2%,both,3.0
2023-12-13,-40.0,-44.0,小漲0~1%,both,4.0
2023-12-14,62.0,59.0,漲1~2%,both,3.0
2023-12-15,66.0,66.0,大漲>=2%,both,0.0
2023-12-18,-13.0,-13.0,小漲0~1%,both,0.0
2023-12-20,66.0,66.0,小漲0~1%,both,0.0
2023-12-22,7.0,7.0,大漲>=2%,both,0.0
2023-12-25,-14.0,-14.0,小漲0~1%,both,0.0
2023-12-26,82.0,83.0,小漲0~1%,both,-1.0
2023-12-27,97.0,97.0,漲1~2%,both,0.0
2023-12-28,11.0,11.0,小漲0~1%,both,0.0
2024-01-08,25.0,25.0,小漲0~1%,both,0.0
2024-01-09,69.0,69.0,大漲>=2%,both,0.0
2024-01-10,-54.0,-54.0,小漲0~1%,both,0.0
2024-01-12,14.0,14.0,小漲0~1%,both,0.0
2024-01-17,-108.0,-108.0,漲1~2%,both,0.0
2024-01-19,-99.0,-99.0,大漲>=2%,both,0.0
2024-01-22,-2.0,-2.0,大漲>=2%,both,0.0
2024-01-23,70.0,70.0,小漲0~1%,both,0.0
2024-01-24,-8.0,-8.0,小漲0~1%,both,0.0
2024-01-25,-29.0,-29.0,漲1~2%,both,0.0
2024-01-30,-53.0,-53.0,漲1~2%,both,0.0
2024-01-31,62.0,62.0,跌-2~-1%,both,0.0
2024-02-01,-13.0,-12.0,跌-2~-1%,both,-1.0
2024-02-02,-17.0,-17.0,小漲0~1%,both,0.0
2024-02-05,70.0,70.0,漲1~2%,both,0.0
2024-02-15,-95.0,-95.0,大漲>=2%,both,0.0
2024-02-21,59.0,59.0,跌-2~-1%,both,0.0
2024-02-23,39.0,39.0,大漲>=2%,both,0.0
2024-02-26,-51.0,-51.0,跌-2~-1%,both,0.0
2024-02-27,-90.0,-90.0,漲1~2%,both,0.0
2024-02-29,-157.0,-157.0,跌-2~-1%,both,0.0
2024-03-01,11.0,11.0,大漲>=2%,both,0.0
2024-03-04,-28.0,-28.0,大漲>=2%,both,0.0
2024-03-05,17.0,18.0,漲1~2%,both,-1.0
2024-03-07,-41.0,-42.0,大漲>=2%,both,1.0
2024-03-08,163.0,163.0,大漲>=2%,both,0.0
2024-03-12,-244.0,-246.0,跌-2~-1%,both,2.0
2024-03-13,25.0,25.0,大漲>=2%,both,0.0
2024-03-15,99.0,99.0,跌-2~-1%,both,0.0
2024-03-21,220.0,220.0,漲1~2%,both,0.0
2024-03-22,-72.0,-74.0,大漲>=2%,both,2.0
2024-03-25,-26.0,-26.0,小漲0~1%,both,0.0
2024-03-28,-38.0,-38.0,小漲0~1%,both,0.0
2024-03-29,57.0,57.0,小漲0~1%,both,0.0
2024-04-01,-107.0,-107.0,小漲0~1%,both,0.0
2024-04-02,165.0,165.0,漲1~2%,both,0.0
2024-04-03,22.0,22.0,跌-2~-1%,both,0.0
2024-04-08,44.0,44.0,漲1~2%,both,0.0
2024-04-09,332.0,331.0,小漲0~1%,both,1.0
2024-04-10,27.0,27.0,小漲0~1%,both,0.0
2024-04-11,-49.0,-49.0,跌-2~-1%,both,0.0
2024-04-12,-17.0,-17.0,大漲>=2%,both,0.0
2024-04-16,337.0,337.0,跌-2~-1%,both,0.0
2024-04-17,213.0,213.0,小漲0~1%,both,0.0
2024-04-19,315.0,312.0,跌-2~-1%,both,3.0
2024-04-23,30.0,30.0,漲1~2%,both,0.0
2024-04-24,-47.0,-51.0,大漲>=2%,both,4.0
2024-04-25,-64.0,-64.0,漲1~2%,both,0.0
2024-04-26,49.0,49.0,漲1~2%,both,0.0
2024-04-29,-1.0,-1.0,大漲>=2%,both,0.0
2024-04-30,-90.0,-90.0,小漲0~1%,both,0.0
2024-05-03,81.0,81.0,大漲>=2%,both,0.0
2024-05-06,81.0,81.0,大漲>=2%,both,0.0
2024-05-07,-17.0,-17.0,大漲>=2%,both,0.0
2024-05-09,-110.0,-111.0,小漲0~1%,both,1.0
2024-05-13,-58.0,-58.0,漲1~2%,both,0.0
2024-05-14,127.0,127.0,小漲0~1%,both,0.0
2024-05-15,54.0,54.0,漲1~2%,both,0.0
2024-05-16,104.0,104.0,大漲>=2%,both,0.0
2024-05-21,-78.0,-78.0,大漲>=2%,both,0.0
2024-05-23,-16.0,-16.0,漲1~2%,both,0.0
2024-05-27,197.0,197.0,漲1~2%,both,0.0
2024-05-28,63.0,63.0,漲1~2%,both,0.0
2024-05-29,-144.0,-144.0,漲1~2%,both,0.0
2024-05-30,113.0,113.0,跌-2~-1%,both,0.0
2024-06-04,-248.0,-248.0,小漲0~1%,both,0.0
2024-06-06,-5.0,-5.0,大漲>=2%,both,0.0
2024-06-11,-122.0,-123.0,漲1~2%,both,1.0
2024-06-12,216.0,216.0,小漲0~1%,both,0.0
2024-06-13,87.0,87.0,大漲>=2%,both,0.0
2024-06-14,240.0,240.0,漲1~2%,both,0.0
2024-06-18,57.0,57.0,漲1~2%,both,0.0
2024-06-19,254.0,258.0,漲1~2%,both,-4.0
2024-06-20,235.0,234.0,漲1~2%,both,1.0
2024-06-24,299.0,299.0,跌-2~-1%,both,0.0
2024-06-26,62.0,62.0,漲1~2%,both,0.0
2024-07-01,26.0,26.0,小漲0~1%,both,0.0
2024-07-02,-28.0,-28.0,小漲0~1%,both,0.0
2024-07-03,109.0,109.0,漲1~2%,both,0.0
2024-07-04,134.0,134.0,漲1~2%,both,0.0
2024-07-05,-77.0,-77.0,漲1~2%,both,0.0
2024-07-08,365.0,365.0,小漲0~1%,both,0.0
2024-07-09,-60.0,-60.0,漲1~2%,both,0.0
2024-07-11,-71.0,-71.0,大漲>=2%,both,0.0
2024-07-15,-232.0,-232.0,漲1~2%,both,0.0
2024-07-16,169.0,169.0,小漲0~1%,both,0.0
2024-07-17,-256.0,-256.0,小漲0~1%,both,0.0
2024-07-19,-239.0,-239.0,小漲0~1%,both,0.0
2024-07-23,-68.0,-68.0,大漲>=2%,both,0.0
2024-07-26,-41.0,-41.0,跌-2~-1%,both,0.0
2024-07-29,-164.0,-164.0,漲1~2%,both,0.0
2024-08-01,-101.0,-101.0,大漲>=2%,both,0.0
2024-08-06,-30.0,-30.0,跌-2~-1%,both,0.0
2024-08-07,645.0,639.0,漲1~2%,both,6.0
2024-08-09,-21.0,-21.0,大漲>=2%,both,0.0
2024-08-13,-82.0,-82.0,小漲0~1%,both,0.0
2024-08-14,89.0,95.0,大漲>=2%,both,-6.0
2024-08-16,-59.0,-59.0,大漲>=2%,both,0.0
2024-08-20,-119.0,-119.0,漲1~2%,both,0.0
2024-08-21,83.0,83.0,跌-2~-1%,both,0.0
2024-08-22,-144.0,-144.0,漲1~2%,both,0.0
2024-08-26,198.0,198.0,大漲>=2%,both,0.0
2024-08-28,215.0,215.0,漲1~2%,both,0.0
2024-08-29,-218.0,-218.0,跌-2~-1%,both,0.0
2024-09-02,79.0,87.0,大漲>=2%,both,-8.0
2024-09-03,239.0,239.0,大漲>=2%,both,0.0
2024-09-05,-118.0,-118.0,小漲0~1%,both,0.0
2024-09-10,125.0,125.0,大漲>=2%,both,0.0
2024-09-11,-103.0,-103.0,漲1~2%,both,0.0
2024-09-12,-34.0,-34.0,大漲>=2%,both,0.0
2024-09-16,-10.0,-10.0,漲1~2%,both,0.0
2024-09-18,-69.0,-69.0,小漲0~1%,both,0.0
2024-09-19,-303.0,-303.0,跌-2~-1%,both,0.0
2024-09-20,101.0,101.0,大漲>=2%,both,0.0
2024-09-23,-40.0,-40.0,跌-2~-1%,both,0.0
2024-09-24,190.0,187.0,小漲0~1%,both,3.0
2024-09-25,-46.0,-46.0,漲1~2%,both,0.0
2024-09-26,-69.0,-69.0,小漲0~1%,both,0.0
2024-09-27,191.0,191.0,大漲>=2%,both,0.0
2024-09-30,348.0,348.0,跌-2~-1%,both,0.0
2024-10-04,-41.0,-45.0,小漲0~1%,both,4.0
2024-10-07,211.0,209.0,漲1~2%,both,2.0
2024-10-09,-70.0,-72.0,漲1~2%,both,2.0
2024-10-14,5.0,5.0,小漲0~1%,both,0.0
2024-10-15,63.0,63.0,漲1~2%,both,0.0
2024-10-17,123.0,123.0,小漲0~1%,both,0.0
2024-10-18,-174.0,-174.0,小漲0~1%,both,0.0
2024-10-21,-241.0,-241.0,小漲0~1%,both,0.0
2024-10-22,57.0,57.0,小漲0~1%,both,0.0
2024-10-24,73.0,73.0,跌-2~-1%,both,0.0
2024-10-25,203.0,203.0,小漲0~1%,both,0.0
2024-10-28,-326.0,-326.0,漲1~2%,both,0.0
2024-10-30,222.0,222.0,大漲>=2%,both,0.0
2024-11-04,243.0,243.0,漲1~2%,both,0.0
2024-11-06,60.0,60.0,漲1~2%,both,0.0
2024-11-07,-112.0,-112.0,大漲>=2%,both,0.0
2024-11-08,-41.0,-41.0,大漲>=2%,both,0.0
2024-11-19,221.0,221.0,漲1~2%,both,0.0
2024-11-20,-175.0,-175.0,小漲0~1%,both,0.0
2024-11-22,229.0,226.0,漲1~2%,both,3.0
2024-11-26,-97.0,-97.0,小漲0~1%,both,0.0
2024-11-27,266.0,266.0,跌-2~-1%,both,0.0
2024-11-28,-25.0,-25.0,跌-2~-1%,both,0.0
2024-11-29,-87.0,-87.0,跌-2~-1%,both,0.0
2024-12-02,292.0,292.0,漲1~2%,both,0.0
2024-12-03,-71.0,-71.0,大漲>=2%,both,0.0
2024-12-05,-14.0,-14.0,漲1~2%,both,0.0
2024-12-06,154.0,154.0,跌-2~-1%,both,0.0
2024-12-09,46.0,46.0,小漲0~1%,both,0.0
2024-12-12,-2.0,-2.0,大漲>=2%,both,0.0
2024-12-16,273.0,273.0,大漲>=2%,both,0.0
2024-12-17,141.0,141.0,大漲>=2%,both,0.0
2024-12-18,-181.0,-181.0,跌-2~-1%,both,0.0
2024-12-20,140.0,140.0,跌-2~-1%,both,0.0
2024-12-23,339.0,339.0,漲1~2%,both,0.0
2024-12-24,112.0,112.0,大漲>=2%,both,0.0
2024-12-25,-8.0,-8.0,漲1~2%,both,0.0
2024-12-26,-38.0,-38.0,漲1~2%,both,0.0
2024-12-27,173.0,172.0,小漲0~1%,both,1.0
2024-12-30,37.0,37.0,跌-2~-1%,both,0.0
2024-12-31,-42.0,-42.0,跌-2~-1%,both,0.0
2025-01-03,58.0,58.0,小漲0~1%,both,0.0
2025-01-06,-187.0,-187.0,大漲>=2%,both,0.0
2025-01-07,173.0,173.0,大漲>=2%,both,0.0
2025-01-08,97.0,97.0,跌-2~-1%,both,0.0
2025-01-15,-270.0,-270.0,小漲0~1%,both,0.0
2025-01-16,-9.0,-9.0,大漲>=2%,both,0.0
2025-01-17,-85.0,-85.0,小漲0~1%,both,0.0
2025-01-20,-12.0,-12.0,大漲>=2%,both,0.0
2025-01-21,-70.0,-70.0,大漲>=2%,both,0.0
2025-01-22,103.0,103.0,漲1~2%,both,0.0
2025-02-04,92.0,92.0,跌-2~-1%,both,0.0
2025-02-05,66.0,66.0,漲1~2%,both,0.0
2025-02-06,23.0,25.0,大漲>=2%,both,-2.0
2025-02-07,137.0,137.0,小漲0~1%,both,0.0
2025-02-10,74.0,74.0,跌-2~-1%,both,0.0
2025-02-11,-45.0,-45.0,漲1~2%,both,0.0
2025-02-13,-34.0,-34.0,小漲0~1%,both,0.0
2025-02-14,-159.0,-159.0,漲1~2%,both,0.0
2025-02-17,207.0,207.0,小漲0~1%,both,0.0
2025-02-18,93.0,93.0,小漲0~1%,both,0.0
2025-02-19,39.0,39.0,漲1~2%,both,0.0
2025-02-20,17.0,17.0,漲1~2%,both,0.0
2025-02-21,216.0,216.0,小漲0~1%,both,0.0
2025-02-27,142.0,137.0,大漲>=2%,both,5.0
2025-03-03,72.0,72.0,漲1~2%,both,0.0
2025-03-05,250.0,250.0,小漲0~1%,both,0.0
2025-03-06,64.0,64.0,大漲>=2%,both,0.0
2025-03-10,-12.0,-12.0,大漲>=2%,both,0.0
2025-03-13,451.0,451.0,大漲>=2%,both,0.0
2025-03-17,117.0,117.0,大漲>=2%,both,0.0
2025-03-18,-144.0,-144.0,漲1~2%,both,0.0
2025-03-19,201.0,201.0,跌-2~-1%,both,0.0
2025-03-20,126.0,126.0,小漲0~1%,both,0.0
2025-03-25,12.0,12.0,大漲>=2%,both,0.0
2025-04-02,39.0,39.0,小漲0~1%,both,0.0
2025-04-08,233.0,233.0,大漲>=2%,both,0.0
2025-04-10,-2.0,,,left_only,
2025-04-14,153.0,153.0,大漲>=2%,both,0.0
2025-04-15,206.0,207.0,小漲0~1%,both,-1.0
2025-04-16,-259.0,-259.0,小漲0~1%,both,0.0
2025-04-23,-184.0,-184.0,大漲>=2%,both,0.0
2025-04-24,70.0,70.0,大漲>=2%,both,0.0
2025-04-25,51.0,51.0,大漲>=2%,both,0.0
2025-04-28,-12.0,-12.0,漲1~2%,both,0.0
2025-05-02,205.0,205.0,小漲0~1%,both,0.0
2025-05-05,-51.0,-48.0,大漲>=2%,both,-3.0
2025-05-07,53.0,56.0,跌-2~-1%,both,-3.0
2025-05-08,102.0,102.0,漲1~2%,both,0.0
2025-05-09,193.0,193.0,漲1~2%,both,0.0
2025-05-12,58.0,58.0,小漲0~1%,both,0.0
2025-05-13,92.0,92.0,大漲>=2%,both,0.0
2025-05-14,-98.0,-98.0,大漲>=2%,both,0.0
2025-05-15,-88.0,-88.0,小漲0~1%,both,0.0
2025-05-22,-52.0,-52.0,跌-2~-1%,both,0.0
2025-05-26,62.0,62.0,跌-2~-1%,both,0.0
2025-05-27,164.0,164.0,跌-2~-1%,both,0.0
2025-05-28,63.0,63.0,大漲>=2%,both,0.0
2025-06-03,-54.0,-54.0,漲1~2%,both,0.0
2025-06-04,-38.0,-38.0,大漲>=2%,both,0.0
2025-06-05,-38.0,-38.0,漲1~2%,both,0.0
2025-06-09,57.0,57.0,小漲0~1%,both,0.0
2025-06-10,244.0,244.0,漲1~2%,both,0.0
2025-06-11,-91.0,-91.0,大漲>=2%,both,0.0
2025-06-13,-39.0,-39.0,小漲0~1%,both,0.0
2025-06-17,62.0,64.0,大漲>=2%,both,-2.0
2025-06-19,-118.0,-118.0,小漲0~1%,both,0.0
2025-06-20,17.0,17.0,小漲0~1%,both,0.0
2025-06-24,200.0,200.0,小漲0~1%,both,0.0
2025-06-25,-102.0,-102.0,大漲>=2%,both,0.0
2025-06-26,-55.0,-55.0,小漲0~1%,both,0.0
2025-06-27,-81.0,-81.0,小漲0~1%,both,0.0
2025-06-30,-96.0,-96.0,小漲0~1%,both,0.0
2025-07-01,156.0,156.0,小漲0~1%,both,0.0
2025-07-03,107.0,107.0,漲1~2%,both,0.0
2025-07-04,-315.0,-315.0,小漲0~1%,both,0.0
2025-07-07,-11.0,-11.0,小漲0~1%,both,0.0
2025-07-08,83.0,83.0,跌-2~-1%,both,0.0
2025-07-09,178.0,178.0,漲1~2%,both,0.0
2025-07-10,143.0,143.0,小漲0~1%,both,0.0
2025-07-11,250.0,250.0,小漲0~1%,both,0.0
2025-07-16,211.0,211.0,漲1~2%,both,0.0
2025-07-18,-94.0,-94.0,小漲0~1%,both,0.0
2025-07-22,-261.0,-261.0,小漲0~1%,both,0.0
2025-07-23,-199.0,-199.0,跌-2~-1%,both,0.0
2025-07-25,-21.0,-21.0,小漲0~1%,both,0.0
2025-07-28,24.0,24.0,小漲0~1%,both,0.0
2025-07-29,-173.0,-173.0,漲1~2%,both,0.0
2025-07-30,147.0,147.0,小漲0~1%,both,0.0
2025-07-31,110.0,110.0,小漲0~1%,both,0.0
2025-08-04,-154.0,-154.0,跌-2~-1%,both,0.0
2025-08-05,139.0,139.0,漲1~2%,both,0.0
2025-08-06,-13.0,-13.0,跌-2~-1%,both,0.0
2025-08-08,-130.0,-132.0,漲1~2%,both,2.0
2025-08-11,192.0,192.0,小漲0~1%,both,0.0
2025-08-13,-13.0,-13.0,大漲>=2%,both,0.0
2025-08-14,-80.0,-80.0,小漲0~1%,both,0.0
2025-08-19,-40.0,-40.0,小漲0~1%,both,0.0
2025-08-20,431.0,431.0,跌-2~-1%,both,0.0
2025-08-25,-137.0,-137.0,大漲>=2%,both,0.0
2025-08-26,108.0,108.0,小漲0~1%,both,0.0
2025-08-27,103.0,103.0,小漲0~1%,both,0.0
2025-08-28,-133.0,-132.0,小漲0~1%,both,-1.0
2025-08-29,-136.0,-136.0,小漲0~1%,both,0.0
2025-09-03,-39.0,-39.0,跌-2~-1%,both,0.0
2025-09-05,49.0,49.0,漲1~2%,both,0.0
2025-09-08,-30.0,-31.0,漲1~2%,both,1.0
2025-09-09,83.0,83.0,小漲0~1%,both,0.0
2025-09-10,184.0,184.0,小漲0~1%,both,0.0
2025-09-11,144.0,144.0,大漲>=2%,both,0.0
2025-09-12,46.0,46.0,小漲0~1%,both,0.0
2025-09-15,-59.0,-59.0,小漲0~1%,both,0.0
2025-09-16,205.0,205.0,小漲0~1%,both,0.0
2025-09-17,-103.0,-103.0,小漲0~1%,both,0.0
2025-09-19,21.0,21.0,大漲>=2%,both,0.0
2025-09-23,210.0,210.0,漲1~2%,both,0.0
2025-09-30,159.0,159.0,小漲0~1%,both,0.0
2025-10-01,-54.0,-54.0,小漲0~1%,both,0.0
2025-10-02,56.0,56.0,大漲>=2%,both,0.0
2025-10-03,247.0,247.0,漲1~2%,both,0.0
2025-10-07,-47.0,-47.0,大漲>=2%,both,0.0
2025-10-09,67.0,67.0,大漲>=2%,both,0.0
2025-10-14,656.0,656.0,大漲>=2%,both,0.0
2025-10-16,-120.0,-120.0,大漲>=2%,both,0.0
2025-10-17,-1.0,-1.0,小漲0~1%,both,0.0
2025-10-21,-72.0,-72.0,漲1~2%,both,0.0
2025-10-27,-14.0,-15.0,漲1~2%,both,1.0
2025-10-28,121.0,121.0,大漲>=2%,both,0.0
2025-10-29,199.0,199.0,小漲0~1%,both,0.0
2025-10-30,-28.0,-28.0,漲1~2%,both,0.0
2025-10-31,9.0,9.0,跌-2~-1%,both,0.0
2025-11-03,-43.0,-43.0,小漲0~1%,both,0.0
2025-11-04,-289.0,-289.0,小漲0~1%,both,0.0
2025-11-06,-14.0,-14.0,大漲>=2%,both,0.0
2025-11-10,-252.0,-252.0,跌-2~-1%,both,0.0
2025-11-11,259.0,259.0,大漲>=2%,both,0.0
2025-11-13,-67.0,-67.0,漲1~2%,both,0.0
2025-11-18,350.0,350.0,跌-2~-1%,both,0.0
2025-11-20,184.0,184.0,漲1~2%,both,0.0
2025-11-24,-98.0,-98.0,小漲0~1%,both,0.0
2025-11-25,-46.0,-46.0,大漲>=2%,both,0.0
2025-11-26,150.0,150.0,小漲0~1%,both,0.0
2025-11-27,28.0,28.0,大漲>=2%,both,0.0
2025-11-28,-68.0,-68.0,大漲>=2%,both,0.0
2025-12-01,-255.0,-255.0,漲1~2%,both,0.0
2025-12-03,-44.0,-44.0,漲1~2%,both,0.0
2025-12-04,-41.0,-41.0,漲1~2%,both,0.0
2025-12-08,237.0,237.0,漲1~2%,both,0.0
2025-12-09,-129.0,-129.0,漲1~2%,both,0.0
2025-12-11,-508.0,-508.0,漲1~2%,both,0.0
2025-12-19,-6.0,-6.0,大漲>=2%,both,0.0
2025-12-22,-144.0,-144.0,大漲>=2%,both,0.0
2025-12-23,28.0,28.0,漲1~2%,both,0.0
2025-12-24,-106.0,-106.0,小漲0~1%,both,0.0
2025-12-26,88.0,88.0,小漲0~1%,both,0.0
2025-12-29,202.0,203.0,小漲0~1%,both,-1.0
2026-01-02,-427.0,-427.0,跌-2~-1%,both,0.0
2026-01-05,-129.0,-132.0,大漲>=2%,both,3.0
2026-01-06,327.0,327.0,漲1~2%,both,0.0
2026-01-07,-27.0,-27.0,大漲>=2%,both,0.0
2026-01-09,-12.0,-12.0,跌-2~-1%,both,0.0
2026-01-12,-79.0,-79.0,大漲>=2%,both,0.0
2026-01-13,-206.0,-206.0,小漲0~1%,both,0.0
2026-01-14,-16.0,-16.0,小漲0~1%,both,0.0
2026-01-16,93.0,93.0,漲1~2%,both,0.0
2026-01-19,406.0,406.0,漲1~2%,both,0.0
2026-01-20,175.0,175.0,漲1~2%,both,0.0
2026-01-21,-46.0,-46.0,跌-2~-1%,both,0.0
2026-01-22,53.0,53.0,大漲>=2%,both,0.0
2026-01-23,151.0,151.0,小漲0~1%,both,0.0
2026-01-26,-8.0,-8.0,跌-2~-1%,both,0.0
2026-01-28,-198.0,-198.0,大漲>=2%,both,0.0
2026-01-29,2.0,2.0,大漲>=2%,both,0.0
2026-01-30,-201.0,-201.0,小漲0~1%,both,0.0
2026-02-03,-93.0,-93.0,漲1~2%,both,0.0
2026-02-09,-30.0,-30.0,大漲>=2%,both,0.0
2026-02-10,403.0,403.0,漲1~2%,both,0.0
2026-02-23,-213.0,-213.0,漲1~2%,both,0.0
2026-02-25,238.0,238.0,漲1~2%,both,0.0
2026-02-26,70.0,70.0,漲1~2%,both,0.0
2026-03-02,-506.0,-506.0,跌-2~-1%,both,0.0
2026-03-03,-676.0,-676.0,小漲0~1%,both,0.0
2026-03-05,-261.0,-261.0,漲1~2%,both,0.0
2026-03-06,-343.0,-343.0,跌-2~-1%,both,0.0
2026-03-10,514.0,514.0,大漲>=2%,both,0.0
2026-03-11,655.0,656.0,小漲0~1%,both,-1.0
2026-03-12,-146.0,-146.0,小漲0~1%,both,0.0
2026-03-16,-162.0,-162.0,小漲0~1%,both,0.0
2026-03-17,175.0,175.0,漲1~2%,both,0.0
2026-03-18,209.0,209.0,小漲0~1%,both,0.0
2026-03-20,-225.0,-225.0,小漲0~1%,both,0.0
2026-03-24,-520.0,-520.0,漲1~2%,both,0.0
2026-03-25,-163.0,-163.0,漲1~2%,both,0.0
2026-03-26,-393.0,-407.0,漲1~2%,both,14.0
2026-03-30,-451.0,-451.0,跌-2~-1%,both,0.0
2026-04-01,-191.0,-191.0,大漲>=2%,both,0.0
2026-04-02,430.0,430.0,大漲>=2%,both,0.0
2026-04-07,6.0,6.0,漲1~2%,both,0.0
2026-04-08,330.0,330.0,漲1~2%,both,0.0
2026-04-09,1.0,1.0,大漲>=2%,both,0.0
2026-04-10,-111.0,-111.0,大漲>=2%,both,0.0
2026-04-13,138.0,138.0,大漲>=2%,both,0.0
2026-04-14,304.0,292.0,漲1~2%,both,12.0
2026-04-15,368.0,364.0,大漲>=2%,both,4.0
2026-04-16,335.0,335.0,小漲0~1%,both,0.0
2026-04-17,-69.0,-69.0,小漲0~1%,both,0.0
2026-04-20,381.0,381.0,大漲>=2%,both,0.0
2026-04-21,335.0,335.0,小漲0~1%,both,0.0
2026-04-22,84.0,81.0,小漲0~1%,both,3.0
2026-04-23,636.0,636.0,大漲>=2%,both,0.0
2026-04-24,928.0,928.0,漲1~2%,both,0.0
2026-04-27,270.0,270.0,大漲>=2%,both,0.0
2026-04-28,50.0,50.0,跌-2~-1%,both,0.0
2026-04-30,454.0,454.0,大漲>=2%,both,0.0
2026-05-04,617.0,616.0,小漲0~1%,both,1.0
2026-05-06,-123.0,-123.0,大漲>=2%,both,0.0
2026-05-07,-14.0,-14.0,大漲>=2%,both,0.0
2026-05-11,150.0,150.0,大漲>=2%,both,0.0
2026-05-12,111.0,118.0,大漲>=2%,both,-7.0
2026-05-14,67.0,60.0,大漲>=2%,both,7.0
2026-05-15,-1292.0,-1290.0,小漲0~1%,both,-2.0
2026-05-20,-119.0,-119.0,小漲0~1%,both,0.0
2026-05-21,9.0,23.0,大漲>=2%,both,-14.0
2026-05-22,246.0,246.0,漲1~2%,both,0.0
2026-05-25,695.0,695.0,漲1~2%,both,0.0
2026-05-26,-363.0,-363.0,漲1~2%,both,0.0
2026-05-27,-118.0,-118.0,大漲>=2%,both,0.0
2026-05-28,1340.0,1348.0,跌-2~-1%,both,-8.0
2026-05-29,630.0,630.0,小漲0~1%,both,0.0
2026-06-01,593.0,592.0,小漲0~1%,both,1.0
2026-06-02,-29.0,-29.0,漲1~2%,both,0.0
2026-06-03,15.0,17.0,大漲>=2%,both,-2.0
2026-06-04,-174.0,-174.0,漲1~2%,both,0.0
2026-06-09,-460.0,-460.0,大漲>=2%,both,0.0
2026-06-10,407.0,417.0,跌-2~-1%,both,-10.0
2026-06-12,144.0,143.0,大漲>=2%,both,1.0
2026-06-15,-117.0,-117.0,漲1~2%,both,0.0
2026-06-16,-39.0,-39.0,大漲>=2%,both,0.0
2026-06-18,286.0,286.0,漲1~2%,both,0.0
2026-06-22,-363.0,-363.0,大漲>=2%,both,0.0
2026-06-23,735.0,735.0,大漲>=2%,both,0.0
2026-06-26,984.0,995.0,大漲>=2%,both,-11.0
2026-06-30,-201.0,-201.0,大漲>=2%,both,0.0
2026-07-01,-153.0,-153.0,大漲>=2%,both,0.0
2026-07-07,1196.0,1196.0,大漲>=2%,both,0.0
2026-07-09,-9.0,-9.0,大漲>=2%,both,0.0
2026-07-13,-704.0,-704.0,小漲0~1%,both,0.0
2026-07-15,-180.0,-180.0,大漲>=2%,both,0.0
2026-07-20,800.0,800.0,跌-2~-1%,both,0.0
2026-07-21,1114.0,1124.0,小漲0~1%,both,-10.0
2026-07-22,308.0,308.0,大漲>=2%,both,0.0
2026-07-23,-417.0,-417.0,小漲0~1%,both,0.0
2026-07-31,-278.0,-278.0,大漲>=2%,both,0.0
2026-08-03,44.0,44.0,小漲0~1%,both,0.0
2026-08-04,659.0,659.0,漲1~2%,both,0.0
2026-08-05,256.0,256.0,大漲>=2%,both,0.0
2026-08-06,-134.0,-134.0,跌-2~-1%,both,0.0
2026-08-07,-254.0,-254.0,小漲0~1%,both,0.0
2026-08-10,169.0,169.0,大漲>=2%,both,0.0
2026-08-12,142.0,142.0,小漲0~1%,both,0.0
2026-08-13,141.0,141.0,大漲>=2%,both,0.0
2026-08-14,-671.0,-671.0,小漲0~1%,both,0.0
2026-08-18,-894.0,-894.0,漲1~2%,both,0.0
