date,yr,bucket,status,entry,dir,pnl_nosl_ideal,how_nosl_ideal,pnl_sl_ideal,how_sl_ideal,pnl_sl_gap0,how_sl_gap0,pnl_sl_gap_slip,how_sl_gap_slip
2023-08-14,2023,大跌<-2%,flat,,,,,,,,,,
2023-08-15,2023,大漲>=2%,active,16529.0,-1.0,103.0,close,103.0,close,103.0,close,103.0,close
2023-08-16,2023,跌-2~-1%,active,16308.0,-1.0,-68.0,close,-68.0,close,-68.0,close,-68.0,close
2023-08-17,2023,大跌<-2%,flat,,,,,,,,,,
2023-08-18,2023,小跌-1~0,flat,,,,,,,,,,
2023-08-21,2023,小漲0~1%,active,16420.0,1.0,-72.0,close,-72.0,close,-72.0,close,-72.0,close
2023-08-22,2023,大漲>=2%,active,16420.0,-1.0,19.0,close,19.0,close,19.0,close,19.0,close
2023-08-23,2023,小跌-1~0,flat,,,,,,,,,,
2023-08-24,2023,大漲>=2%,active,16757.0,-1.0,-5.0,close,-5.0,close,-5.0,close,-5.0,close
2023-08-25,2023,大跌<-2%,flat,,,,,,,,,,
2023-08-28,2023,小漲0~1%,active,16468.0,1.0,22.0,close,22.0,close,22.0,close,22.0,close
2023-08-29,2023,漲1~2%,active,16571.0,1.0,55.0,close,55.0,close,55.0,close,55.0,close
2023-08-30,2023,大漲>=2%,active,16765.0,-1.0,39.0,close,39.0,close,39.0,close,39.0,close
2023-08-31,2023,小漲0~1%,active,16728.0,1.0,-106.0,close,-127.46,stop,-128.0,stop,-129.0,stop
2023-09-01,2023,小漲0~1%,active,16595.0,1.0,53.0,close,53.0,close,53.0,close,53.0,close
2023-09-04,2023,小漲0~1%,active,16648.0,1.0,129.0,close,129.0,close,129.0,close,129.0,close
2023-09-05,2023,小漲0~1%,active,16736.0,1.0,13.0,close,13.0,close,13.0,close,13.0,close
2023-09-06,2023,小漲0~1%,active,16760.0,1.0,-51.0,close,-51.0,close,-51.0,close,-51.0,close
2023-09-07,2023,小跌-1~0,flat,,,,,,,,,,
2023-09-08,2023,跌-2~-1%,active,16488.0,-1.0,-76.0,close,-76.0,close,-76.0,close,-76.0,close
2023-09-11,2023,小跌-1~0,flat,,,,,,,,,,
2023-09-12,2023,小漲0~1%,active,16465.0,1.0,102.0,close,102.0,close,102.0,close,102.0,close
2023-09-13,2023,小跌-1~0,flat,,,,,,,,,,
2023-09-14,2023,小漲0~1%,active,16675.0,1.0,163.0,close,163.0,close,163.0,close,163.0,close
2023-09-15,2023,小漲0~1%,active,16846.0,1.0,58.0,close,58.0,close,58.0,close,58.0,close
2023-09-18,2023,大跌<-2%,flat,,,,,,,,,,
2023-09-19,2023,小漲0~1%,active,16689.0,1.0,-84.0,close,-84.0,close,-84.0,close,-84.0,close
2023-09-20,2023,小跌-1~0,flat,,,,,,,,,,
2023-09-21,2023,跌-2~-1%,active,16484.0,-1.0,174.0,close,174.0,close,174.0,close,174.0,close
2023-09-22,2023,跌-2~-1%,active,16200.0,-1.0,-146.0,close,-123.5,stop,-124.0,stop,-125.0,stop
2023-09-25,2023,小漲0~1%,active,16360.0,1.0,100.0,close,100.0,close,100.0,close,100.0,close
2023-09-26,2023,小漲0~1%,active,16407.0,1.0,-102.0,close,-125.0525,stop,-126.0,stop,-127.0,stop
2023-09-27,2023,跌-2~-1%,active,16243.0,-1.0,-71.0,close,-71.0,close,-71.0,close,-71.0,close
2023-09-28,2023,小漲0~1%,active,16345.0,1.0,23.0,close,23.0,close,23.0,close,23.0,close
2023-10-02,2023,小漲0~1%,active,16521.0,1.0,35.0,close,35.0,close,35.0,close,35.0,close
2023-10-03,2023,小漲0~1%,active,16495.0,1.0,-86.0,close,-86.0,close,-86.0,close,-86.0,close
2023-10-04,2023,大跌<-2%,flat,,,,,,,,,,
2023-10-05,2023,漲1~2%,active,16300.0,1.0,156.0,close,156.0,close,156.0,close,156.0,close
2023-10-06,2023,小跌-1~0,flat,,,,,,,,,,
2023-10-11,2023,漲1~2%,active,16800.0,1.0,-87.0,close,-128.0,stop,-128.0,stop,-129.0,stop
2023-10-12,2023,小漲0~1%,active,16773.0,1.0,75.0,close,75.0,close,75.0,close,75.0,close
2023-10-13,2023,小漲0~1%,active,16749.0,1.0,19.0,close,19.0,close,19.0,close,19.0,close
2023-10-16,2023,大跌<-2%,flat,,,,,,,,,,
2023-10-17,2023,漲1~2%,active,16756.0,1.0,-105.0,close,-105.0,close,-105.0,close,-105.0,close
2023-10-18,2023,小跌-1~0,flat,,,,,,,,,,
2023-10-19,2023,跌-2~-1%,active,16351.0,-1.0,-111.0,close,-124.6325,stop,-125.0,stop,-126.0,stop
2023-10-20,2023,跌-2~-1%,active,16457.0,-1.0,40.0,close,40.0,close,40.0,close,40.0,close
2023-10-23,2023,跌-2~-1%,active,16350.0,-1.0,90.0,close,90.0,close,90.0,close,90.0,close
2023-10-24,2023,小跌-1~0,flat,,,,,,,,,,
2023-10-25,2023,漲1~2%,active,16366.0,1.0,-11.0,close,-11.0,close,-11.0,close,-11.0,close
2023-10-26,2023,大跌<-2%,flat,,,,,,,,,,
2023-10-27,2023,小跌-1~0,flat,,,,,,,,,,
2023-10-30,2023,漲1~2%,active,16115.0,1.0,44.0,close,44.0,close,44.0,close,44.0,close
2023-10-31,2023,跌-2~-1%,active,16187.0,-1.0,189.0,close,189.0,close,189.0,close,189.0,close
2023-11-01,2023,小漲0~1%,active,16094.0,1.0,-47.0,close,-47.0,close,-47.0,close,-47.0,close
2023-11-02,2023,大漲>=2%,active,16349.0,-1.0,-46.0,close,-46.0,close,-46.0,close,-46.0,close
2023-11-03,2023,大漲>=2%,active,16500.0,-1.0,-14.0,close,-14.0,close,-14.0,close,-14.0,close
2023-11-06,2023,大漲>=2%,active,16693.0,-1.0,18.0,close,18.0,close,18.0,close,18.0,close
2023-11-07,2023,小跌-1~0,flat,,,,,,,,,,
2023-11-08,2023,小漲0~1%,active,16730.0,1.0,18.0,close,18.0,close,18.0,close,18.0,close
2023-11-09,2023,小漲0~1%,active,16710.0,1.0,53.0,close,53.0,close,53.0,close,53.0,close
2023-11-10,2023,小跌-1~0,flat,,,,,,,,,,
2023-11-13,2023,大漲>=2%,active,16896.0,-1.0,20.0,close,20.0,close,20.0,close,20.0,close
2023-11-14,2023,小跌-1~0,flat,,,,,,,,,,
2023-11-15,2023,大漲>=2%,active,17155.0,-1.0,-12.0,close,-12.0,close,-12.0,close,-12.0,close
2023-11-16,2023,小漲0~1%,active,17200.0,1.0,-15.0,close,-15.0,close,-15.0,close,-15.0,close
2023-11-17,2023,小漲0~1%,active,17154.0,1.0,64.0,close,64.0,close,64.0,close,64.0,close
2023-11-20,2023,小漲0~1%,active,17222.0,1.0,-26.0,close,-26.0,close,-26.0,close,-26.0,close
2023-11-21,2023,漲1~2%,active,17285.0,1.0,125.0,close,125.0,close,125.0,close,125.0,close
2023-11-22,2023,跌-2~-1%,active,17302.0,-1.0,14.0,close,14.0,close,14.0,close,14.0,close
2023-11-23,2023,小漲0~1%,active,17267.0,1.0,36.0,close,36.0,close,36.0,close,36.0,close
2023-11-24,2023,小漲0~1%,active,17336.0,1.0,-47.0,close,-47.0,close,-47.0,close,-47.0,close
2023-11-27,2023,小漲0~1%,active,17260.0,1.0,-90.0,close,-90.0,close,-90.0,close,-90.0,close
2023-11-28,2023,小跌-1~0,flat,,,,,,,,,,
2023-11-29,2023,小跌-1~0,flat,,,,,,,,,,
2023-11-30,2023,小漲0~1%,active,17400.0,1.0,-8.0,close,-8.0,close,-8.0,close,-8.0,close
2023-12-01,2023,小跌-1~0,flat,,,,,,,,,,
2023-12-04,2023,小漲0~1%,active,17466.0,1.0,-50.0,close,-50.0,close,-50.0,close,-50.0,close
2023-12-05,2023,跌-2~-1%,active,17281.0,-1.0,-31.0,close,-31.0,close,-31.0,close,-31.0,close
2023-12-06,2023,小跌-1~0,flat,,,,,,,,,,
2023-12-07,2023,小跌-1~0,flat,,,,,,,,,,
2023-12-08,2023,大漲>=2%,active,17392.0,-1.0,16.0,close,16.0,close,16.0,close,16.0,close
2023-12-11,2023,小漲0~1%,active,17432.0,1.0,-18.0,close,-18.0,close,-18.0,close,-18.0,close
2023-12-12,2023,大漲>=2%,active,17487.0,-1.0,21.0,close,21.0,close,21.0,close,21.0,close
2023-12-13,2023,小漲0~1%,active,17495.0,1.0,-44.0,close,-44.0,close,-44.0,close,-44.0,close
2023-12-14,2023,漲1~2%,active,17600.0,1.0,59.0,close,59.0,close,59.0,close,59.0,close
2023-12-15,2023,大漲>=2%,active,17741.0,-1.0,66.0,close,66.0,close,66.0,close,66.0,close
2023-12-18,2023,小漲0~1%,active,17665.0,1.0,-13.0,close,-13.0,close,-13.0,close,-13.0,close
2023-12-19,2023,小跌-1~0,flat,,,,,,,,,,
2023-12-20,2023,小漲0~1%,active,17591.0,1.0,66.0,close,66.0,close,66.0,close,66.0,close
2023-12-21,2023,大跌<-2%,flat,,,,,,,,,,
2023-12-22,2023,大漲>=2%,active,17568.0,-1.0,7.0,close,7.0,close,7.0,close,7.0,close
2023-12-25,2023,小漲0~1%,active,17633.0,1.0,-14.0,close,-14.0,close,-14.0,close,-14.0,close
2023-12-26,2023,小漲0~1%,active,17649.0,1.0,83.0,close,83.0,close,83.0,close,83.0,close
2023-12-27,2023,漲1~2%,active,17758.0,1.0,97.0,close,97.0,close,97.0,close,97.0,close
2023-12-28,2023,小漲0~1%,active,17850.0,1.0,11.0,close,11.0,close,11.0,close,11.0,close
2023-12-29,2023,小跌-1~0,flat,,,,,,,,,,
2024-01-02,2024,小跌-1~0,flat,,,,,,,,,,
2024-01-03,2024,大跌<-2%,flat,,,,,,,,,,
2024-01-04,2024,大跌<-2%,flat,,,,,,,,,,
2024-01-05,2024,小跌-1~0,flat,,,,,,,,,,
2024-01-08,2024,小漲0~1%,active,17570.0,1.0,25.0,close,25.0,close,25.0,close,25.0,close
2024-01-09,2024,大漲>=2%,active,17615.0,-1.0,69.0,close,69.0,close,69.0,close,69.0,close
2024-01-10,2024,小漲0~1%,active,17510.0,1.0,-54.0,close,-54.0,close,-54.0,close,-54.0,close
2024-01-11,2024,小跌-1~0,flat,,,,,,,,,,
2024-01-12,2024,小漲0~1%,active,17470.0,1.0,14.0,close,14.0,close,14.0,close,14.0,close
2024-01-15,2024,小跌-1~0,flat,,,,,,,,,,
2024-01-16,2024,小跌-1~0,flat,,,,,,,,,,
2024-01-17,2024,漲1~2%,active,17341.0,1.0,-108.0,close,-108.0,close,-108.0,close,-108.0,close
2024-01-18,2024,小跌-1~0,flat,,,,,,,,,,
2024-01-19,2024,大漲>=2%,active,17580.0,-1.0,-99.0,close,-99.0,close,-99.0,close,-99.0,close
2024-01-22,2024,大漲>=2%,active,17817.0,-1.0,-2.0,close,-2.0,close,-2.0,close,-2.0,close
2024-01-23,2024,小漲0~1%,active,17797.0,1.0,70.0,close,70.0,close,70.0,close,70.0,close
2024-01-24,2024,小漲0~1%,active,17902.0,1.0,-8.0,close,-8.0,close,-8.0,close,-8.0,close
2024-01-25,2024,漲1~2%,active,18025.0,1.0,-29.0,close,-29.0,close,-29.0,close,-29.0,close
2024-01-26,2024,小跌-1~0,flat,,,,,,,,,,
2024-01-29,2024,大跌<-2%,flat,,,,,,,,,,
2024-01-30,2024,漲1~2%,active,18131.0,1.0,-53.0,close,-53.0,close,-53.0,close,-53.0,close
2024-01-31,2024,跌-2~-1%,active,17983.0,-1.0,62.0,close,62.0,close,62.0,close,62.0,close
2024-02-01,2024,跌-2~-1%,active,17978.0,-1.0,-12.0,close,-12.0,close,-12.0,close,-12.0,close
2024-02-02,2024,小漲0~1%,active,18099.0,1.0,-17.0,close,-17.0,close,-17.0,close,-17.0,close
2024-02-05,2024,漲1~2%,active,18014.0,1.0,70.0,close,70.0,close,70.0,close,70.0,close
2024-02-15,2024,大漲>=2%,active,18574.0,-1.0,-95.0,close,-95.0,close,-95.0,close,-95.0,close
2024-02-16,2024,小跌-1~0,flat,,,,,,,,,,
2024-02-19,2024,小跌-1~0,flat,,,,,,,,,,
2024-02-20,2024,小跌-1~0,flat,,,,,,,,,,
2024-02-21,2024,跌-2~-1%,active,18751.0,-1.0,59.0,close,59.0,close,59.0,close,59.0,close
2024-02-22,2024,小跌-1~0,flat,,,,,,,,,,
2024-02-23,2024,大漲>=2%,active,18952.0,-1.0,39.0,close,39.0,close,39.0,close,39.0,close
2024-02-26,2024,跌-2~-1%,active,18915.0,-1.0,-51.0,close,-51.0,close,-51.0,close,-51.0,close
2024-02-27,2024,漲1~2%,active,18955.0,1.0,-90.0,close,-144.1625,stop,-145.0,stop,-146.0,stop
2024-02-29,2024,跌-2~-1%,active,18811.0,-1.0,-157.0,close,-143.08249999999998,stop,-144.0,stop,-145.0,stop
2024-03-01,2024,大漲>=2%,active,18972.0,-1.0,11.0,close,11.0,close,11.0,close,11.0,close
2024-03-04,2024,大漲>=2%,active,19288.0,-1.0,-28.0,close,-28.0,close,-28.0,close,-28.0,close
2024-03-05,2024,漲1~2%,active,19372.0,1.0,18.0,close,18.0,close,18.0,close,18.0,close
2024-03-06,2024,大跌<-2%,flat,,,,,,,,,,
2024-03-07,2024,大漲>=2%,active,19666.0,-1.0,-42.0,close,-42.0,close,-42.0,close,-42.0,close
2024-03-08,2024,大漲>=2%,active,19959.0,-1.0,163.0,close,163.0,close,163.0,close,163.0,close
2024-03-11,2024,大跌<-2%,flat,,,,,,,,,,
2024-03-12,2024,跌-2~-1%,active,19713.0,-1.0,-246.0,close,-149.8475,stop,-150.0,stop,-151.0,stop
2024-03-13,2024,大漲>=2%,active,19955.0,-1.0,25.0,close,25.0,close,25.0,close,25.0,close
2024-03-14,2024,大跌<-2%,flat,,,,,,,,,,
2024-03-15,2024,跌-2~-1%,active,19827.0,-1.0,99.0,close,99.0,close,99.0,close,99.0,close
2024-03-18,2024,小跌-1~0,flat,,,,,,,,,,
2024-03-19,2024,小跌-1~0,flat,,,,,,,,,,
2024-03-20,2024,小跌-1~0,flat,,,,,,,,,,
2024-03-21,2024,漲1~2%,active,20043.0,1.0,220.0,close,220.0,close,220.0,close,220.0,close
2024-03-22,2024,大漲>=2%,active,20170.0,-1.0,-74.0,close,-74.0,close,-74.0,close,-74.0,close
2024-03-25,2024,小漲0~1%,active,20250.0,1.0,-26.0,close,-26.0,close,-26.0,close,-26.0,close
2024-03-26,2024,小跌-1~0,flat,,,,,,,,,,
2024-03-27,2024,小跌-1~0,flat,,,,,,,,,,
2024-03-28,2024,小漲0~1%,active,20239.0,1.0,-38.0,close,-153.7925,stop,-157.0,stop_gap,-158.0,stop_gap
2024-03-29,2024,小漲0~1%,active,20220.0,1.0,57.0,close,57.0,close,57.0,close,57.0,close
2024-04-01,2024,小漲0~1%,active,20394.0,1.0,-107.0,close,-107.0,close,-107.0,close,-107.0,close
2024-04-02,2024,漲1~2%,active,20355.0,1.0,165.0,close,165.0,close,165.0,close,165.0,close
2024-04-03,2024,跌-2~-1%,active,20375.0,-1.0,22.0,close,22.0,close,22.0,close,22.0,close
2024-04-08,2024,漲1~2%,active,20405.0,1.0,44.0,close,44.0,close,44.0,close,44.0,close
2024-04-09,2024,小漲0~1%,active,20539.0,1.0,331.0,close,331.0,close,331.0,close,331.0,close
2024-04-10,2024,小漲0~1%,active,20821.0,1.0,27.0,close,27.0,close,27.0,close,27.0,close
2024-04-11,2024,跌-2~-1%,active,20705.0,-1.0,-49.0,close,-49.0,close,-49.0,close,-49.0,close
2024-04-12,2024,大漲>=2%,active,20737.0,-1.0,-17.0,close,-17.0,close,-17.0,close,-17.0,close
2024-04-15,2024,大跌<-2%,flat,,,,,,,,,,
2024-04-16,2024,跌-2~-1%,active,20282.0,-1.0,337.0,close,337.0,close,337.0,close,337.0,close
2024-04-17,2024,小漲0~1%,active,19969.0,1.0,213.0,close,213.0,close,213.0,close,213.0,close
2024-04-18,2024,大跌<-2%,flat,,,,,,,,,,
2024-04-19,2024,跌-2~-1%,active,19860.0,-1.0,312.0,close,312.0,close,312.0,close,312.0,close
2024-04-22,2024,大跌<-2%,flat,,,,,,,,,,
2024-04-23,2024,漲1~2%,active,19648.0,1.0,30.0,close,30.0,close,30.0,close,30.0,close
2024-04-24,2024,大漲>=2%,active,20126.0,-1.0,-51.0,close,-51.0,close,-51.0,close,-51.0,close
2024-04-25,2024,漲1~2%,active,19937.0,1.0,-64.0,close,-64.0,close,-64.0,close,-64.0,close
2024-04-26,2024,漲1~2%,active,20126.0,1.0,49.0,close,49.0,close,49.0,close,49.0,close
2024-04-29,2024,大漲>=2%,active,20553.0,-1.0,-1.0,close,-1.0,close,-1.0,close,-1.0,close
2024-04-30,2024,小漲0~1%,active,20503.0,1.0,-90.0,close,-90.0,close,-90.0,close,-90.0,close
2024-05-02,2024,大跌<-2%,flat,,,,,,,,,,
2024-05-03,2024,大漲>=2%,active,20464.0,-1.0,81.0,close,81.0,close,81.0,close,81.0,close
2024-05-06,2024,大漲>=2%,active,20684.0,-1.0,81.0,close,81.0,close,81.0,close,81.0,close
2024-05-07,2024,大漲>=2%,active,20630.0,-1.0,-17.0,close,-17.0,close,-17.0,close,-17.0,close
2024-05-08,2024,小跌-1~0,flat,,,,,,,,,,
2024-05-09,2024,小漲0~1%,active,20719.0,1.0,-111.0,close,-111.0,close,-111.0,close,-111.0,close
2024-05-10,2024,小跌-1~0,flat,,,,,,,,,,
2024-05-13,2024,漲1~2%,active,20938.0,1.0,-58.0,close,-58.0,close,-58.0,close,-58.0,close
2024-05-14,2024,小漲0~1%,active,20882.0,1.0,127.0,close,127.0,close,127.0,close,127.0,close
2024-05-15,2024,漲1~2%,active,21192.0,1.0,54.0,close,54.0,close,54.0,close,54.0,close
2024-05-16,2024,大漲>=2%,active,21478.0,-1.0,104.0,close,104.0,close,104.0,close,104.0,close
2024-05-17,2024,小跌-1~0,flat,,,,,,,,,,
2024-05-20,2024,小跌-1~0,flat,,,,,,,,,,
2024-05-21,2024,大漲>=2%,active,21202.0,-1.0,-78.0,close,-78.0,close,-78.0,close,-78.0,close
2024-05-22,2024,小跌-1~0,flat,,,,,,,,,,
2024-05-23,2024,漲1~2%,active,21619.0,1.0,-16.0,close,-16.0,close,-16.0,close,-16.0,close
2024-05-24,2024,小跌-1~0,flat,,,,,,,,,,
2024-05-27,2024,漲1~2%,active,21673.0,1.0,197.0,close,197.0,close,197.0,close,197.0,close
2024-05-28,2024,漲1~2%,active,21884.0,1.0,63.0,close,63.0,close,63.0,close,63.0,close
2024-05-29,2024,漲1~2%,active,21865.0,1.0,-144.0,close,-144.0,close,-144.0,close,-144.0,close
2024-05-30,2024,跌-2~-1%,active,21508.0,-1.0,113.0,close,113.0,close,113.0,close,113.0,close
2024-05-31,2024,小跌-1~0,flat,,,,,,,,,,
2024-06-03,2024,小跌-1~0,flat,,,,,,,,,,
2024-06-04,2024,小漲0~1%,active,21568.0,1.0,-248.0,close,-163.76,stop,-164.0,stop,-165.0,stop
2024-06-05,2024,小跌-1~0,flat,,,,,,,,,,
2024-06-06,2024,大漲>=2%,active,21872.0,-1.0,-5.0,close,-5.0,close,-5.0,close,-5.0,close
2024-06-07,2024,小跌-1~0,flat,,,,,,,,,,
2024-06-11,2024,漲1~2%,active,21920.0,1.0,-123.0,close,-123.0,close,-123.0,close,-123.0,close
2024-06-12,2024,小漲0~1%,active,21830.0,1.0,216.0,close,216.0,close,216.0,close,216.0,close
2024-06-13,2024,大漲>=2%,active,22411.0,-1.0,87.0,close,87.0,close,87.0,close,87.0,close
2024-06-14,2024,漲1~2%,active,22268.0,1.0,240.0,close,240.0,close,240.0,close,240.0,close
2024-06-17,2024,小跌-1~0,flat,,,,,,,,,,
2024-06-18,2024,漲1~2%,active,22725.0,1.0,57.0,close,57.0,close,57.0,close,57.0,close
2024-06-19,2024,漲1~2%,active,22874.0,1.0,258.0,close,258.0,close,258.0,close,258.0,close
2024-06-20,2024,漲1~2%,active,23143.0,1.0,234.0,close,234.0,close,234.0,close,234.0,close
2024-06-21,2024,大跌<-2%,flat,,,,,,,,,,
2024-06-24,2024,跌-2~-1%,active,23050.0,-1.0,299.0,close,299.0,close,299.0,close,299.0,close
2024-06-25,2024,大跌<-2%,flat,,,,,,,,,,
2024-06-26,2024,漲1~2%,active,22807.0,1.0,62.0,close,62.0,close,62.0,close,62.0,close
2024-06-27,2024,小跌-1~0,flat,,,,,,,,,,
2024-06-28,2024,小跌-1~0,flat,,,,,,,,,,
2024-07-01,2024,小漲0~1%,active,22962.0,1.0,26.0,close,26.0,close,26.0,close,26.0,close
2024-07-02,2024,小漲0~1%,active,22859.0,1.0,-28.0,close,-28.0,close,-28.0,close,-28.0,close
2024-07-03,2024,漲1~2%,active,23075.0,1.0,109.0,close,109.0,close,109.0,close,109.0,close
2024-07-04,2024,漲1~2%,active,23485.0,1.0,134.0,close,134.0,close,134.0,close,134.0,close
2024-07-05,2024,漲1~2%,active,23648.0,1.0,-77.0,close,-77.0,close,-77.0,close,-77.0,close
2024-07-08,2024,小漲0~1%,active,23545.0,1.0,365.0,close,365.0,close,365.0,close,365.0,close
2024-07-09,2024,漲1~2%,active,23938.0,1.0,-60.0,close,-181.535,stop,-183.0,stop_gap,-184.0,stop_gap
2024-07-10,2024,小跌-1~0,flat,,,,,,,,,,
2024-07-11,2024,大漲>=2%,active,24302.0,-1.0,-71.0,close,-71.0,close,-71.0,close,-71.0,close
2024-07-12,2024,大跌<-2%,flat,,,,,,,,,,
2024-07-15,2024,漲1~2%,active,24080.0,1.0,-232.0,close,-182.6,stop,-183.0,stop,-184.0,stop
2024-07-16,2024,小漲0~1%,active,23826.0,1.0,169.0,close,169.0,close,169.0,close,169.0,close
2024-07-17,2024,小漲0~1%,active,24025.0,1.0,-256.0,close,-182.1875,stop,-183.0,stop,-184.0,stop
2024-07-18,2024,大跌<-2%,flat,,,,,,,,,,
2024-07-19,2024,小漲0~1%,active,23150.0,1.0,-239.0,close,-175.625,stop,-176.0,stop,-177.0,stop
2024-07-22,2024,大跌<-2%,flat,,,,,,,,,,
2024-07-23,2024,大漲>=2%,active,22766.0,-1.0,-68.0,close,-68.0,close,-68.0,close,-68.0,close
2024-07-26,2024,跌-2~-1%,active,22050.0,-1.0,-41.0,close,-41.0,close,-41.0,close,-41.0,close
2024-07-29,2024,漲1~2%,active,22420.0,1.0,-164.0,close,-170.15,stop,-171.0,stop,-172.0,stop
2024-07-30,2024,小跌-1~0,flat,,,,,,,,,,
2024-07-31,2024,大跌<-2%,flat,,,,,,,,,,
2024-08-01,2024,大漲>=2%,active,22553.0,-1.0,-101.0,close,-101.0,close,-101.0,close,-101.0,close
2024-08-02,2024,大跌<-2%,flat,,,,,,,,,,
2024-08-05,2024,大跌<-2%,flat,,,,,,,,,,
2024-08-06,2024,跌-2~-1%,active,20401.0,-1.0,-30.0,close,-155.0075,stop,-156.0,stop,-157.0,stop
2024-08-07,2024,漲1~2%,active,20489.0,1.0,639.0,close,639.0,close,639.0,close,639.0,close
2024-08-08,2024,大跌<-2%,flat,,,,,,,,,,
2024-08-09,2024,大漲>=2%,active,21459.0,-1.0,-21.0,close,-21.0,close,-21.0,close,-21.0,close
2024-08-12,2024,小跌-1~0,flat,,,,,,,,,,
2024-08-13,2024,小漲0~1%,active,21850.0,1.0,-82.0,close,-165.875,stop,-166.0,stop,-167.0,stop
2024-08-14,2024,大漲>=2%,active,22077.0,-1.0,95.0,close,95.0,close,95.0,close,95.0,close
2024-08-15,2024,小跌-1~0,flat,,,,,,,,,,
2024-08-16,2024,大漲>=2%,active,22308.0,-1.0,-59.0,close,-59.0,close,-59.0,close,-59.0,close
2024-08-19,2024,小跌-1~0,flat,,,,,,,,,,
2024-08-20,2024,漲1~2%,active,22552.0,1.0,-119.0,close,-119.0,close,-119.0,close,-119.0,close
2024-08-21,2024,跌-2~-1%,active,22290.0,-1.0,83.0,close,83.0,close,83.0,close,83.0,close
2024-08-22,2024,漲1~2%,active,22245.0,1.0,-144.0,close,-168.8375,stop,-169.0,stop,-170.0,stop
2024-08-23,2024,大跌<-2%,flat,,,,,,,,,,
2024-08-26,2024,大漲>=2%,active,22407.0,-1.0,198.0,close,198.0,close,198.0,close,198.0,close
2024-08-27,2024,大跌<-2%,flat,,,,,,,,,,
2024-08-28,2024,漲1~2%,active,22183.0,1.0,215.0,close,215.0,close,215.0,close,215.0,close
2024-08-29,2024,跌-2~-1%,active,21959.0,-1.0,-218.0,close,-166.6925,stop,-167.0,stop,-168.0,stop
2024-08-30,2024,小跌-1~0,flat,,,,,,,,,,
2024-09-02,2024,大漲>=2%,active,22302.0,-1.0,87.0,close,87.0,close,87.0,close,87.0,close
2024-09-03,2024,大漲>=2%,active,22299.0,-1.0,239.0,close,239.0,close,239.0,close,239.0,close
2024-09-04,2024,大跌<-2%,flat,,,,,,,,,,
2024-09-05,2024,小漲0~1%,active,21300.0,1.0,-118.0,close,-161.75,stop,-162.0,stop,-163.0,stop
2024-09-06,2024,小跌-1~0,flat,,,,,,,,,,
2024-09-09,2024,大跌<-2%,flat,,,,,,,,,,
2024-09-10,2024,大漲>=2%,active,21125.0,-1.0,125.0,close,125.0,close,125.0,close,125.0,close
2024-09-11,2024,漲1~2%,active,21106.0,1.0,-103.0,close,-103.0,close,-103.0,close,-103.0,close
2024-09-12,2024,大漲>=2%,active,21677.0,-1.0,-34.0,close,-34.0,close,-34.0,close,-34.0,close
2024-09-13,2024,小跌-1~0,flat,,,,,,,,,,
2024-09-16,2024,漲1~2%,active,21820.0,1.0,-10.0,close,-10.0,close,-10.0,close,-10.0,close
2024-09-18,2024,小漲0~1%,active,21762.0,1.0,-69.0,close,-69.0,close,-69.0,close,-69.0,close
2024-09-19,2024,跌-2~-1%,active,21770.0,-1.0,-303.0,close,-165.275,stop,-166.0,stop,-167.0,stop
2024-09-20,2024,大漲>=2%,active,22319.0,-1.0,101.0,close,101.0,close,101.0,close,101.0,close
2024-09-23,2024,跌-2~-1%,active,22298.0,-1.0,-40.0,close,-40.0,close,-40.0,close,-40.0,close
2024-09-24,2024,小漲0~1%,active,22303.0,1.0,187.0,close,187.0,close,187.0,close,187.0,close
2024-09-25,2024,漲1~2%,active,22833.0,1.0,-46.0,close,-46.0,close,-46.0,close,-46.0,close
2024-09-26,2024,小漲0~1%,active,23022.0,1.0,-69.0,close,-69.0,close,-69.0,close,-69.0,close
2024-09-27,2024,大漲>=2%,active,23078.0,-1.0,191.0,close,191.0,close,191.0,close,191.0,close
2024-09-30,2024,跌-2~-1%,active,22677.0,-1.0,348.0,close,348.0,close,348.0,close,348.0,close
2024-10-01,2024,小跌-1~0,flat,,,,,,,,,,
2024-10-04,2024,小漲0~1%,active,22325.0,1.0,-45.0,close,-45.0,close,-45.0,close,-45.0,close
2024-10-07,2024,漲1~2%,active,22562.0,1.0,209.0,close,209.0,close,209.0,close,209.0,close
2024-10-08,2024,小跌-1~0,flat,,,,,,,,,,
2024-10-09,2024,漲1~2%,active,22768.0,1.0,-72.0,close,-72.0,close,-72.0,close,-72.0,close
2024-10-11,2024,小跌-1~0,flat,,,,,,,,,,
2024-10-14,2024,小漲0~1%,active,23001.0,1.0,5.0,close,-174.5075,stop,-175.0,stop,-176.0,stop
2024-10-15,2024,漲1~2%,active,23163.0,1.0,63.0,close,63.0,close,63.0,close,63.0,close
2024-10-16,2024,大跌<-2%,flat,,,,,,,,,,
2024-10-17,2024,小漲0~1%,active,23135.0,1.0,123.0,close,123.0,close,123.0,close,123.0,close
2024-10-18,2024,小漲0~1%,active,23832.0,1.0,-174.0,close,-180.73999999999998,stop,-181.0,stop,-182.0,stop
2024-10-21,2024,小漲0~1%,active,23810.0,1.0,-241.0,close,-180.575,stop,-181.0,stop,-182.0,stop
2024-10-22,2024,小漲0~1%,active,23567.0,1.0,57.0,close,-178.7525,stop,-179.0,stop,-180.0,stop
2024-10-23,2024,小跌-1~0,flat,,,,,,,,,,
2024-10-24,2024,跌-2~-1%,active,23376.0,-1.0,73.0,close,73.0,close,73.0,close,73.0,close
2024-10-25,2024,小漲0~1%,active,23272.0,1.0,203.0,close,203.0,close,203.0,close,203.0,close
2024-10-28,2024,漲1~2%,active,23644.0,1.0,-326.0,close,-179.32999999999998,stop,-180.0,stop,-181.0,stop
2024-10-29,2024,小跌-1~0,flat,,,,,,,,,,
2024-10-30,2024,大漲>=2%,active,23125.0,-1.0,222.0,close,222.0,close,222.0,close,222.0,close
2024-11-01,2024,大跌<-2%,flat,,,,,,,,,,
2024-11-04,2024,漲1~2%,active,22790.0,1.0,243.0,close,243.0,close,243.0,close,243.0,close
2024-11-05,2024,小跌-1~0,flat,,,,,,,,,,
2024-11-06,2024,漲1~2%,active,23259.0,1.0,60.0,close,-176.4425,stop,-177.0,stop,-178.0,stop
2024-11-07,2024,大漲>=2%,active,23423.0,-1.0,-112.0,close,-112.0,close,-112.0,close,-112.0,close
2024-11-08,2024,大漲>=2%,active,23738.0,-1.0,-41.0,close,-41.0,close,-41.0,close,-41.0,close
2024-11-11,2024,小跌-1~0,flat,,,,,,,,,,
2024-11-12,2024,大跌<-2%,flat,,,,,,,,,,
2024-11-13,2024,小跌-1~0,flat,,,,,,,,,,
2024-11-14,2024,大跌<-2%,flat,,,,,,,,,,
2024-11-15,2024,小跌-1~0,flat,,,,,,,,,,
2024-11-18,2024,大跌<-2%,flat,,,,,,,,,,
2024-11-19,2024,漲1~2%,active,22630.0,1.0,221.0,close,221.0,close,221.0,close,221.0,close
2024-11-20,2024,小漲0~1%,active,22950.0,1.0,-175.0,close,-174.125,stop,-175.0,stop,-176.0,stop
2024-11-21,2024,小跌-1~0,flat,,,,,,,,,,
2024-11-22,2024,漲1~2%,active,22805.0,1.0,226.0,close,226.0,close,226.0,close,226.0,close
2024-11-25,2024,小跌-1~0,flat,,,,,,,,,,
2024-11-26,2024,小漲0~1%,active,22733.0,1.0,-97.0,close,-97.0,close,-97.0,close,-97.0,close
2024-11-27,2024,跌-2~-1%,active,22611.0,-1.0,266.0,close,266.0,close,266.0,close,266.0,close
2024-11-28,2024,跌-2~-1%,active,22313.0,-1.0,-25.0,close,-25.0,close,-25.0,close,-25.0,close
2024-11-29,2024,跌-2~-1%,active,22221.0,-1.0,-87.0,close,-168.6575,stop,-169.0,stop,-170.0,stop
2024-12-02,2024,漲1~2%,active,22531.0,1.0,292.0,close,292.0,close,292.0,close,292.0,close
2024-12-03,2024,大漲>=2%,active,23042.0,-1.0,-71.0,close,-71.0,close,-71.0,close,-71.0,close
2024-12-04,2024,小跌-1~0,flat,,,,,,,,,,
2024-12-05,2024,漲1~2%,active,23268.0,1.0,-14.0,close,-14.0,close,-14.0,close,-14.0,close
2024-12-06,2024,跌-2~-1%,active,23330.0,-1.0,154.0,close,154.0,close,154.0,close,154.0,close
2024-12-09,2024,小漲0~1%,active,23203.0,1.0,46.0,close,46.0,close,46.0,close,46.0,close
2024-12-10,2024,小跌-1~0,flat,,,,,,,,,,
2024-12-11,2024,大跌<-2%,flat,,,,,,,,,,
2024-12-12,2024,大漲>=2%,active,23110.0,-1.0,-2.0,close,-2.0,close,-2.0,close,-2.0,close
2024-12-13,2024,小跌-1~0,flat,,,,,,,,,,
2024-12-16,2024,大漲>=2%,active,23235.0,-1.0,273.0,close,273.0,close,273.0,close,273.0,close
2024-12-17,2024,大漲>=2%,active,23178.0,-1.0,141.0,close,141.0,close,141.0,close,141.0,close
2024-12-18,2024,跌-2~-1%,active,23002.0,-1.0,-181.0,close,-174.515,stop,-177.0,stop_gap,-178.0,stop_gap
2024-12-19,2024,大跌<-2%,flat,,,,,,,,,,
2024-12-20,2024,跌-2~-1%,active,22775.0,-1.0,140.0,close,140.0,close,140.0,close,140.0,close
2024-12-23,2024,漲1~2%,active,22898.0,1.0,339.0,close,339.0,close,339.0,close,339.0,close
2024-12-24,2024,大漲>=2%,active,23329.0,-1.0,112.0,close,112.0,close,112.0,close,112.0,close
2024-12-25,2024,漲1~2%,active,23334.0,1.0,-8.0,close,-8.0,close,-8.0,close,-8.0,close
2024-12-26,2024,漲1~2%,active,23360.0,1.0,-38.0,close,-38.0,close,-38.0,close,-38.0,close
2024-12-27,2024,小漲0~1%,active,23201.0,1.0,172.0,close,172.0,close,172.0,close,172.0,close
2024-12-30,2024,跌-2~-1%,active,23209.0,-1.0,37.0,close,37.0,close,37.0,close,37.0,close
2024-12-31,2024,跌-2~-1%,active,23003.0,-1.0,-42.0,close,-42.0,close,-42.0,close,-42.0,close
2025-01-02,2025,小跌-1~0,flat,,,,,,,,,,
2025-01-03,2025,小漲0~1%,active,22919.0,1.0,58.0,close,58.0,close,58.0,close,58.0,close
2025-01-06,2025,大漲>=2%,active,23422.0,-1.0,-187.0,close,-177.665,stop,-178.0,stop,-179.0,stop
2025-01-07,2025,大漲>=2%,active,23929.0,-1.0,173.0,close,173.0,close,173.0,close,173.0,close
2025-01-08,2025,跌-2~-1%,active,23550.0,-1.0,97.0,close,97.0,close,97.0,close,97.0,close
2025-01-09,2025,小跌-1~0,flat,,,,,,,,,,
2025-01-10,2025,小跌-1~0,flat,,,,,,,,,,
2025-01-13,2025,大跌<-2%,flat,,,,,,,,,,
2025-01-14,2025,小跌-1~0,flat,,,,,,,,,,
2025-01-15,2025,小漲0~1%,active,22784.0,1.0,-270.0,close,-172.88,stop,-173.0,stop,-174.0,stop
2025-01-16,2025,大漲>=2%,active,23026.0,-1.0,-9.0,close,-174.695,stop,-175.0,stop,-176.0,stop
2025-01-17,2025,小漲0~1%,active,23277.0,1.0,-85.0,close,-176.5775,stop,-177.0,stop,-178.0,stop
2025-01-20,2025,大漲>=2%,active,23335.0,-1.0,-12.0,close,-12.0,close,-12.0,close,-12.0,close
2025-01-21,2025,大漲>=2%,active,23297.0,-1.0,-70.0,close,-70.0,close,-70.0,close,-70.0,close
2025-01-22,2025,漲1~2%,active,23595.0,1.0,103.0,close,103.0,close,103.0,close,103.0,close
2025-02-03,2025,小跌-1~0,flat,,,,,,,,,,
2025-02-04,2025,跌-2~-1%,active,22917.0,-1.0,92.0,close,92.0,close,92.0,close,92.0,close
2025-02-05,2025,漲1~2%,active,23067.0,1.0,66.0,close,66.0,close,66.0,close,66.0,close
2025-02-06,2025,大漲>=2%,active,23320.0,-1.0,25.0,close,25.0,close,25.0,close,25.0,close
2025-02-07,2025,小漲0~1%,active,23290.0,1.0,137.0,close,137.0,close,137.0,close,137.0,close
2025-02-10,2025,跌-2~-1%,active,23319.0,-1.0,74.0,close,74.0,close,74.0,close,74.0,close
2025-02-11,2025,漲1~2%,active,23383.0,1.0,-45.0,close,-45.0,close,-45.0,close,-45.0,close
2025-02-12,2025,小跌-1~0,flat,,,,,,,,,,
2025-02-13,2025,小漲0~1%,active,23433.0,1.0,-34.0,close,-177.7475,stop,-178.0,stop,-179.0,stop
2025-02-14,2025,漲1~2%,active,23336.0,1.0,-159.0,close,-177.01999999999998,stop,-178.0,stop,-179.0,stop
2025-02-17,2025,小漲0~1%,active,23293.0,1.0,207.0,close,207.0,close,207.0,close,207.0,close
2025-02-18,2025,小漲0~1%,active,23555.0,1.0,93.0,close,93.0,close,93.0,close,93.0,close
2025-02-19,2025,漲1~2%,active,23570.0,1.0,39.0,close,39.0,close,39.0,close,39.0,close
2025-02-20,2025,漲1~2%,active,23515.0,1.0,17.0,close,17.0,close,17.0,close,17.0,close
2025-02-21,2025,小漲0~1%,active,23530.0,1.0,216.0,close,216.0,close,216.0,close,216.0,close
2025-02-24,2025,大跌<-2%,flat,,,,,,,,,,
2025-02-25,2025,大跌<-2%,flat,,,,,,,,,,
2025-02-26,2025,大跌<-2%,flat,,,,,,,,,,
2025-02-27,2025,大漲>=2%,active,23333.0,-1.0,137.0,close,137.0,close,137.0,close,137.0,close
2025-03-03,2025,漲1~2%,active,22649.0,1.0,72.0,close,72.0,close,72.0,close,72.0,close
2025-03-04,2025,大跌<-2%,flat,,,,,,,,,,
2025-03-05,2025,小漲0~1%,active,22642.0,1.0,250.0,close,250.0,close,250.0,close,250.0,close
2025-03-06,2025,大漲>=2%,active,22830.0,-1.0,64.0,close,64.0,close,64.0,close,64.0,close
2025-03-07,2025,大跌<-2%,flat,,,,,,,,,,
2025-03-10,2025,大漲>=2%,active,22433.0,-1.0,-12.0,close,-12.0,close,-12.0,close,-12.0,close
2025-03-11,2025,大跌<-2%,flat,,,,,,,,,,
2025-03-12,2025,小跌-1~0,flat,,,,,,,,,,
2025-03-13,2025,大漲>=2%,active,22376.0,-1.0,451.0,close,451.0,close,451.0,close,451.0,close
2025-03-14,2025,小跌-1~0,flat,,,,,,,,,,
2025-03-17,2025,大漲>=2%,active,22275.0,-1.0,117.0,close,117.0,close,117.0,close,117.0,close
2025-03-18,2025,漲1~2%,active,22372.0,1.0,-144.0,close,-169.79,stop,-170.0,stop,-171.0,stop
2025-03-19,2025,跌-2~-1%,active,22235.0,-1.0,201.0,close,201.0,close,201.0,close,201.0,close
2025-03-20,2025,小漲0~1%,active,22238.0,1.0,126.0,close,126.0,close,126.0,close,126.0,close
2025-03-21,2025,小跌-1~0,flat,,,,,,,,,,
2025-03-24,2025,小跌-1~0,flat,,,,,,,,,,
2025-03-25,2025,大漲>=2%,active,22317.0,-1.0,12.0,close,12.0,close,12.0,close,12.0,close
2025-03-26,2025,小跌-1~0,flat,,,,,,,,,,
2025-03-27,2025,大跌<-2%,flat,,,,,,,,,,
2025-03-28,2025,大跌<-2%,flat,,,,,,,,,,
2025-03-31,2025,大跌<-2%,flat,,,,,,,,,,
2025-04-01,2025,小跌-1~0,flat,,,,,,,,,,
2025-04-02,2025,小漲0~1%,active,21261.0,1.0,39.0,close,39.0,close,39.0,close,39.0,close
2025-04-07,2025,大跌<-2%,excluded:len<200,,,,,,,,,,
2025-04-08,2025,大漲>=2%,active,18428.0,-1.0,233.0,close,233.0,close,233.0,close,233.0,close
2025-04-09,2025,大跌<-2%,flat,,,,,,,,,,
2025-04-10,2025,大漲>=2%,excluded:len<200,,,,,,,,,,
2025-04-11,2025,大跌<-2%,flat,,,,,,,,,,
2025-04-14,2025,大漲>=2%,active,19650.0,-1.0,153.0,close,153.0,close,153.0,close,153.0,close
2025-04-15,2025,小漲0~1%,active,19588.0,1.0,207.0,close,207.0,close,207.0,close,207.0,close
2025-04-16,2025,小漲0~1%,active,19607.0,1.0,-259.0,close,-149.05249999999998,stop,-150.0,stop,-151.0,stop
2025-04-17,2025,大跌<-2%,flat,,,,,,,,,,
2025-04-18,2025,小跌-1~0,flat,,,,,,,,,,
2025-04-21,2025,小跌-1~0,flat,,,,,,,,,,
2025-04-22,2025,大跌<-2%,flat,,,,,,,,,,
2025-04-23,2025,大漲>=2%,active,19375.0,-1.0,-184.0,close,-147.3125,stop,-148.0,stop,-149.0,stop
2025-04-24,2025,大漲>=2%,active,19532.0,-1.0,70.0,close,70.0,close,70.0,close,70.0,close
2025-04-25,2025,大漲>=2%,active,19928.0,-1.0,51.0,close,51.0,close,51.0,close,51.0,close
2025-04-28,2025,漲1~2%,active,19972.0,1.0,-12.0,close,-12.0,close,-12.0,close,-12.0,close
2025-04-29,2025,小跌-1~0,flat,,,,,,,,,,
2025-04-30,2025,小跌-1~0,flat,,,,,,,,,,
2025-05-02,2025,小漲0~1%,active,20469.0,1.0,205.0,close,205.0,close,205.0,close,205.0,close
2025-05-05,2025,大漲>=2%,active,20364.0,-1.0,-48.0,close,-48.0,close,-48.0,close,-48.0,close
2025-05-06,2025,小跌-1~0,flat,,,,,,,,,,
2025-05-07,2025,跌-2~-1%,active,20434.0,-1.0,56.0,close,56.0,close,56.0,close,56.0,close
2025-05-08,2025,漲1~2%,active,20475.0,1.0,102.0,close,102.0,close,102.0,close,102.0,close
2025-05-09,2025,漲1~2%,active,20653.0,1.0,193.0,close,193.0,close,193.0,close,193.0,close
2025-05-12,2025,小漲0~1%,active,21006.0,1.0,58.0,close,58.0,close,58.0,close,58.0,close
2025-05-13,2025,大漲>=2%,active,21451.0,-1.0,92.0,close,92.0,close,92.0,close,92.0,close
2025-05-14,2025,大漲>=2%,active,21674.0,-1.0,-98.0,close,-98.0,close,-98.0,close,-98.0,close
2025-05-15,2025,小漲0~1%,active,21778.0,1.0,-88.0,close,-88.0,close,-88.0,close,-88.0,close
2025-05-16,2025,小跌-1~0,flat,,,,,,,,,,
2025-05-19,2025,小跌-1~0,flat,,,,,,,,,,
2025-05-20,2025,小跌-1~0,flat,,,,,,,,,,
2025-05-21,2025,小跌-1~0,flat,,,,,,,,,,
2025-05-22,2025,跌-2~-1%,active,21448.0,-1.0,-52.0,close,-52.0,close,-52.0,close,-52.0,close
2025-05-23,2025,小跌-1~0,flat,,,,,,,,,,
2025-05-26,2025,跌-2~-1%,active,21450.0,-1.0,62.0,close,62.0,close,62.0,close,62.0,close
2025-05-27,2025,跌-2~-1%,active,21395.0,-1.0,164.0,close,164.0,close,164.0,close,164.0,close
2025-05-28,2025,大漲>=2%,active,21314.0,-1.0,63.0,close,63.0,close,63.0,close,63.0,close
2025-05-29,2025,小跌-1~0,flat,,,,,,,,,,
2025-06-02,2025,大跌<-2%,flat,,,,,,,,,,
2025-06-03,2025,漲1~2%,active,21028.0,1.0,-54.0,close,-54.0,close,-54.0,close,-54.0,close
2025-06-04,2025,大漲>=2%,active,21441.0,-1.0,-38.0,close,-38.0,close,-38.0,close,-38.0,close
2025-06-05,2025,漲1~2%,active,21593.0,1.0,-38.0,close,-38.0,close,-38.0,close,-38.0,close
2025-06-06,2025,小跌-1~0,flat,,,,,,,,,,
2025-06-09,2025,小漲0~1%,active,21666.0,1.0,57.0,close,57.0,close,57.0,close,57.0,close
2025-06-10,2025,漲1~2%,active,21867.0,1.0,244.0,close,244.0,close,244.0,close,244.0,close
2025-06-11,2025,大漲>=2%,active,22260.0,-1.0,-91.0,close,-91.0,close,-91.0,close,-91.0,close
2025-06-12,2025,小跌-1~0,flat,,,,,,,,,,
2025-06-13,2025,小漲0~1%,active,21971.0,1.0,-39.0,close,-39.0,close,-39.0,close,-39.0,close
2025-06-16,2025,大跌<-2%,flat,,,,,,,,,,
2025-06-17,2025,大漲>=2%,active,22229.0,-1.0,64.0,close,64.0,close,64.0,close,64.0,close
2025-06-18,2025,小跌-1~0,flat,,,,,,,,,,
2025-06-19,2025,小漲0~1%,active,21820.0,1.0,-118.0,close,-118.0,close,-118.0,close,-118.0,close
2025-06-20,2025,小漲0~1%,active,21630.0,1.0,17.0,close,17.0,close,17.0,close,17.0,close
2025-06-23,2025,小跌-1~0,flat,,,,,,,,,,
2025-06-24,2025,小漲0~1%,active,21760.0,1.0,200.0,close,200.0,close,200.0,close,200.0,close
2025-06-25,2025,大漲>=2%,active,22060.0,-1.0,-102.0,close,-102.0,close,-102.0,close,-102.0,close
2025-06-26,2025,小漲0~1%,active,22163.0,1.0,-55.0,close,-55.0,close,-55.0,close,-55.0,close
2025-06-27,2025,小漲0~1%,active,22199.0,1.0,-81.0,close,-168.4925,stop,-169.0,stop,-170.0,stop
2025-06-30,2025,小漲0~1%,active,22235.0,1.0,-96.0,close,-96.0,close,-96.0,close,-96.0,close
2025-07-01,2025,小漲0~1%,active,22193.0,1.0,156.0,close,156.0,close,156.0,close,156.0,close
2025-07-02,2025,小跌-1~0,flat,,,,,,,,,,
2025-07-03,2025,漲1~2%,active,22570.0,1.0,107.0,close,107.0,close,107.0,close,107.0,close
2025-07-04,2025,小漲0~1%,active,22747.0,1.0,-315.0,close,-172.6025,stop,-173.0,stop,-174.0,stop
2025-07-07,2025,小漲0~1%,active,22345.0,1.0,-11.0,close,-11.0,close,-11.0,close,-11.0,close
2025-07-08,2025,跌-2~-1%,active,22339.0,-1.0,83.0,close,83.0,close,83.0,close,83.0,close
2025-07-09,2025,漲1~2%,active,22250.0,1.0,178.0,close,178.0,close,178.0,close,178.0,close
2025-07-10,2025,小漲0~1%,active,22463.0,1.0,143.0,close,143.0,close,143.0,close,143.0,close
2025-07-11,2025,小漲0~1%,active,22512.0,1.0,250.0,close,250.0,close,250.0,close,250.0,close
2025-07-14,2025,小跌-1~0,flat,,,,,,,,,,
2025-07-15,2025,小跌-1~0,flat,,,,,,,,,,
2025-07-16,2025,漲1~2%,active,22706.0,1.0,211.0,close,211.0,close,211.0,close,211.0,close
2025-07-17,2025,小跌-1~0,flat,,,,,,,,,,
2025-07-18,2025,小漲0~1%,active,23354.0,1.0,-94.0,close,-94.0,close,-94.0,close,-94.0,close
2025-07-21,2025,小跌-1~0,flat,,,,,,,,,,
2025-07-22,2025,小漲0~1%,active,23251.0,1.0,-261.0,close,-176.3825,stop,-177.0,stop,-178.0,stop
2025-07-23,2025,跌-2~-1%,active,22987.0,-1.0,-199.0,close,-174.4025,stop,-175.0,stop,-176.0,stop
2025-07-24,2025,小跌-1~0,flat,,,,,,,,,,
2025-07-25,2025,小漲0~1%,active,23260.0,1.0,-21.0,close,-21.0,close,-21.0,close,-21.0,close
2025-07-28,2025,小漲0~1%,active,23372.0,1.0,24.0,close,24.0,close,24.0,close,24.0,close
2025-07-29,2025,漲1~2%,active,23335.0,1.0,-173.0,close,-177.0125,stop,-178.0,stop,-179.0,stop
2025-07-30,2025,小漲0~1%,active,23214.0,1.0,147.0,close,147.0,close,147.0,close,147.0,close
2025-07-31,2025,小漲0~1%,active,23490.0,1.0,110.0,close,110.0,close,110.0,close,110.0,close
2025-08-01,2025,大跌<-2%,flat,,,,,,,,,,
2025-08-04,2025,跌-2~-1%,active,23114.0,-1.0,-154.0,close,-175.355,stop,-176.0,stop,-177.0,stop
2025-08-05,2025,漲1~2%,active,23436.0,1.0,139.0,close,139.0,close,139.0,close,139.0,close
2025-08-06,2025,跌-2~-1%,active,23415.0,-1.0,-13.0,close,-13.0,close,-13.0,close,-13.0,close
2025-08-07,2025,小跌-1~0,flat,,,,,,,,,,
2025-08-08,2025,漲1~2%,active,24080.0,1.0,-132.0,close,-132.0,close,-132.0,close,-132.0,close
2025-08-11,2025,小漲0~1%,active,23967.0,1.0,192.0,close,192.0,close,192.0,close,192.0,close
2025-08-12,2025,小跌-1~0,flat,,,,,,,,,,
2025-08-13,2025,大漲>=2%,active,24332.0,-1.0,-13.0,close,-13.0,close,-13.0,close,-13.0,close
2025-08-14,2025,小漲0~1%,active,24331.0,1.0,-80.0,close,-80.0,close,-80.0,close,-80.0,close
2025-08-15,2025,小跌-1~0,flat,,,,,,,,,,
2025-08-18,2025,大跌<-2%,flat,,,,,,,,,,
2025-08-19,2025,小漲0~1%,active,24382.0,1.0,-40.0,close,-40.0,close,-40.0,close,-40.0,close
2025-08-20,2025,跌-2~-1%,active,24098.0,-1.0,431.0,close,431.0,close,431.0,close,431.0,close
2025-08-21,2025,小跌-1~0,flat,,,,,,,,,,
2025-08-22,2025,小跌-1~0,flat,,,,,,,,,,
2025-08-25,2025,大漲>=2%,active,24122.0,-1.0,-137.0,close,-182.915,stop,-183.0,stop,-184.0,stop
2025-08-26,2025,小漲0~1%,active,24144.0,1.0,108.0,close,108.0,close,108.0,close,108.0,close
2025-08-27,2025,小漲0~1%,active,24357.0,1.0,103.0,close,103.0,close,103.0,close,103.0,close
2025-08-28,2025,小漲0~1%,active,24353.0,1.0,-132.0,close,-132.0,close,-132.0,close,-132.0,close
2025-08-29,2025,小漲0~1%,active,24401.0,1.0,-136.0,close,-136.0,close,-136.0,close,-136.0,close
2025-09-01,2025,大跌<-2%,flat,,,,,,,,,,
2025-09-02,2025,大跌<-2%,flat,,,,,,,,,,
2025-09-03,2025,跌-2~-1%,active,23962.0,-1.0,-39.0,close,-39.0,close,-39.0,close,-39.0,close
2025-09-04,2025,小跌-1~0,flat,,,,,,,,,,
2025-09-05,2025,漲1~2%,active,24369.0,1.0,49.0,close,49.0,close,49.0,close,49.0,close
2025-09-08,2025,漲1~2%,active,24579.0,1.0,-31.0,close,-31.0,close,-31.0,close,-31.0,close
2025-09-09,2025,小漲0~1%,active,24719.0,1.0,83.0,close,83.0,close,83.0,close,83.0,close
2025-09-10,2025,小漲0~1%,active,24985.0,1.0,184.0,close,184.0,close,184.0,close,184.0,close
2025-09-11,2025,大漲>=2%,active,25380.0,-1.0,144.0,close,144.0,close,144.0,close,144.0,close
2025-09-12,2025,小漲0~1%,active,25417.0,1.0,46.0,close,46.0,close,46.0,close,46.0,close
2025-09-15,2025,小漲0~1%,active,25405.0,1.0,-59.0,close,-59.0,close,-59.0,close,-59.0,close
2025-09-16,2025,小漲0~1%,active,25421.0,1.0,205.0,close,205.0,close,205.0,close,205.0,close
2025-09-17,2025,小漲0~1%,active,25573.0,1.0,-103.0,close,-103.0,close,-103.0,close,-103.0,close
2025-09-18,2025,小跌-1~0,flat,,,,,,,,,,
2025-09-19,2025,大漲>=2%,active,25693.0,-1.0,21.0,close,21.0,close,21.0,close,21.0,close
2025-09-22,2025,小跌-1~0,flat,,,,,,,,,,
2025-09-23,2025,漲1~2%,active,26058.0,1.0,210.0,close,210.0,close,210.0,close,210.0,close
2025-09-24,2025,小跌-1~0,flat,,,,,,,,,,
2025-09-25,2025,小跌-1~0,flat,,,,,,,,,,
2025-09-26,2025,小跌-1~0,flat,,,,,,,,,,
2025-09-30,2025,小漲0~1%,active,25792.0,1.0,159.0,close,159.0,close,159.0,close,159.0,close
2025-10-01,2025,小漲0~1%,active,26098.0,1.0,-54.0,close,-54.0,close,-54.0,close,-54.0,close
2025-10-02,2025,大漲>=2%,active,26485.0,-1.0,56.0,close,56.0,close,56.0,close,56.0,close
2025-10-03,2025,漲1~2%,active,26490.0,1.0,247.0,close,247.0,close,247.0,close,247.0,close
2025-10-07,2025,大漲>=2%,active,27274.0,-1.0,-47.0,close,-47.0,close,-47.0,close,-47.0,close
2025-10-08,2025,大跌<-2%,flat,,,,,,,,,,
2025-10-09,2025,大漲>=2%,active,27402.0,-1.0,67.0,close,67.0,close,67.0,close,67.0,close
2025-10-13,2025,大跌<-2%,flat,,,,,,,,,,
2025-10-14,2025,大漲>=2%,active,27375.0,-1.0,656.0,close,656.0,close,656.0,close,656.0,close
2025-10-15,2025,大跌<-2%,flat,,,,,,,,,,
2025-10-16,2025,大漲>=2%,active,27706.0,-1.0,-120.0,close,-120.0,close,-120.0,close,-120.0,close
2025-10-17,2025,小漲0~1%,active,27324.0,1.0,-1.0,close,-1.0,close,-1.0,close,-1.0,close
2025-10-20,2025,小跌-1~0,flat,,,,,,,,,,
2025-10-21,2025,漲1~2%,active,27900.0,1.0,-72.0,close,-72.0,close,-72.0,close,-72.0,close
2025-10-22,2025,小跌-1~0,flat,,,,,,,,,,
2025-10-23,2025,大跌<-2%,flat,,,,,,,,,,
2025-10-27,2025,漲1~2%,active,28234.0,1.0,-15.0,close,-15.0,close,-15.0,close,-15.0,close
2025-10-28,2025,大漲>=2%,active,28124.0,-1.0,121.0,close,121.0,close,121.0,close,121.0,close
2025-10-29,2025,小漲0~1%,active,28215.0,1.0,199.0,close,199.0,close,199.0,close,199.0,close
2025-10-30,2025,漲1~2%,active,28425.0,1.0,-28.0,close,-215.1875,stop,-216.0,stop,-217.0,stop
2025-10-31,2025,跌-2~-1%,active,28445.0,-1.0,9.0,close,9.0,close,9.0,close,9.0,close
2025-11-03,2025,小漲0~1%,active,28380.0,1.0,-43.0,close,-43.0,close,-43.0,close,-43.0,close
2025-11-04,2025,小漲0~1%,active,28400.0,1.0,-289.0,close,-215.0,stop,-215.0,stop,-216.0,stop
2025-11-05,2025,大跌<-2%,flat,,,,,,,,,,
2025-11-06,2025,大漲>=2%,active,28022.0,-1.0,-14.0,close,-14.0,close,-14.0,close,-14.0,close
2025-11-07,2025,大跌<-2%,flat,,,,,,,,,,
2025-11-10,2025,跌-2~-1%,active,27765.0,-1.0,-252.0,close,-210.23749999999998,stop,-211.0,stop,-212.0,stop
2025-11-11,2025,大漲>=2%,active,28033.0,-1.0,259.0,close,259.0,close,259.0,close,259.0,close
2025-11-12,2025,大跌<-2%,flat,,,,,,,,,,
2025-11-13,2025,漲1~2%,active,28044.0,1.0,-67.0,close,-212.32999999999998,stop,-213.0,stop,-214.0,stop
2025-11-14,2025,大跌<-2%,flat,,,,,,,,,,
2025-11-17,2025,小跌-1~0,flat,,,,,,,,,,
2025-11-18,2025,跌-2~-1%,active,27158.0,-1.0,350.0,close,350.0,close,350.0,close,350.0,close
2025-11-19,2025,大跌<-2%,flat,,,,,,,,,,
2025-11-20,2025,漲1~2%,active,27300.0,1.0,184.0,close,184.0,close,184.0,close,184.0,close
2025-11-21,2025,大跌<-2%,flat,,,,,,,,,,
2025-11-24,2025,小漲0~1%,active,26713.0,1.0,-98.0,close,-98.0,close,-98.0,close,-98.0,close
2025-11-25,2025,大漲>=2%,active,26896.0,-1.0,-46.0,close,-46.0,close,-46.0,close,-46.0,close
2025-11-26,2025,小漲0~1%,active,27180.0,1.0,150.0,close,150.0,close,150.0,close,150.0,close
2025-11-27,2025,大漲>=2%,active,27612.0,-1.0,28.0,close,28.0,close,28.0,close,28.0,close
2025-11-28,2025,大漲>=2%,active,27675.0,-1.0,-68.0,close,-68.0,close,-68.0,close,-68.0,close
2025-12-01,2025,漲1~2%,active,27655.0,1.0,-255.0,close,-209.4125,stop,-210.0,stop,-211.0,stop
2025-12-02,2025,小跌-1~0,flat,,,,,,,,,,
2025-12-03,2025,漲1~2%,active,27801.0,1.0,-44.0,close,-44.0,close,-44.0,close,-44.0,close
2025-12-04,2025,漲1~2%,active,27839.0,1.0,-41.0,close,-41.0,close,-41.0,close,-41.0,close
2025-12-05,2025,小跌-1~0,flat,,,,,,,,,,
2025-12-08,2025,漲1~2%,active,28048.0,1.0,237.0,close,237.0,close,237.0,close,237.0,close
2025-12-09,2025,漲1~2%,active,28349.0,1.0,-129.0,close,-129.0,close,-129.0,close,-129.0,close
2025-12-10,2025,小跌-1~0,flat,,,,,,,,,,
2025-12-11,2025,漲1~2%,active,28609.0,1.0,-508.0,close,-216.5675,stop,-217.0,stop,-218.0,stop
2025-12-12,2025,小跌-1~0,flat,,,,,,,,,,
2025-12-15,2025,大跌<-2%,flat,,,,,,,,,,
2025-12-16,2025,小跌-1~0,flat,,,,,,,,,,
2025-12-17,2025,小跌-1~0,flat,,,,,,,,,,
2025-12-18,2025,大跌<-2%,flat,,,,,,,,,,
2025-12-19,2025,大漲>=2%,active,27893.0,-1.0,-6.0,close,-6.0,close,-6.0,close,-6.0,close
2025-12-22,2025,大漲>=2%,active,28197.0,-1.0,-144.0,close,-144.0,close,-144.0,close,-144.0,close
2025-12-23,2025,漲1~2%,active,28387.0,1.0,28.0,close,28.0,close,28.0,close,28.0,close
2025-12-24,2025,小漲0~1%,active,28575.0,1.0,-106.0,close,-106.0,close,-106.0,close,-106.0,close
2025-12-26,2025,小漲0~1%,active,28583.0,1.0,88.0,close,88.0,close,88.0,close,88.0,close
2025-12-29,2025,小漲0~1%,active,28743.0,1.0,203.0,close,203.0,close,203.0,close,203.0,close
2025-12-30,2025,小跌-1~0,flat,,,,,,,,,,
2025-12-31,2025,小跌-1~0,flat,,,,,,,,,,
2026-01-02,2026,跌-2~-1%,active,29051.0,-1.0,-427.0,close,-219.8825,stop,-220.0,stop,-221.0,stop
2026-01-05,2026,大漲>=2%,active,30183.0,-1.0,-132.0,close,-228.3725,stop,-229.0,stop,-230.0,stop
2026-01-06,2026,漲1~2%,active,30285.0,1.0,327.0,close,327.0,close,327.0,close,327.0,close
2026-01-07,2026,大漲>=2%,active,30496.0,-1.0,-27.0,close,-27.0,close,-27.0,close,-27.0,close
2026-01-08,2026,小跌-1~0,flat,,,,,,,,,,
2026-01-09,2026,跌-2~-1%,active,30446.0,-1.0,-12.0,close,-12.0,close,-12.0,close,-12.0,close
2026-01-12,2026,大漲>=2%,active,30626.0,-1.0,-79.0,close,-79.0,close,-79.0,close,-79.0,close
2026-01-13,2026,小漲0~1%,active,31077.0,1.0,-206.0,close,-235.0775,stop,-236.0,stop,-237.0,stop
2026-01-14,2026,小漲0~1%,active,30997.0,1.0,-16.0,close,-16.0,close,-16.0,close,-16.0,close
2026-01-15,2026,小跌-1~0,flat,,,,,,,,,,
2026-01-16,2026,漲1~2%,active,31383.0,1.0,93.0,close,93.0,close,93.0,close,93.0,close
2026-01-19,2026,漲1~2%,active,31262.0,1.0,406.0,close,406.0,close,406.0,close,406.0,close
2026-01-20,2026,漲1~2%,active,31492.0,1.0,175.0,close,175.0,close,175.0,close,175.0,close
2026-01-21,2026,跌-2~-1%,active,31438.0,-1.0,-46.0,close,-237.785,stop,-238.0,stop,-239.0,stop
2026-01-22,2026,大漲>=2%,active,31917.0,-1.0,53.0,close,53.0,close,53.0,close,53.0,close
2026-01-23,2026,小漲0~1%,active,31997.0,1.0,151.0,close,151.0,close,151.0,close,151.0,close
2026-01-26,2026,跌-2~-1%,active,32142.0,-1.0,-8.0,close,-8.0,close,-8.0,close,-8.0,close
2026-01-27,2026,小跌-1~0,flat,,,,,,,,,,
2026-01-28,2026,大漲>=2%,active,32729.0,-1.0,-198.0,close,-198.0,close,-198.0,close,-198.0,close
2026-01-29,2026,大漲>=2%,active,32783.0,-1.0,2.0,close,2.0,close,2.0,close,2.0,close
2026-01-30,2026,小漲0~1%,active,32451.0,1.0,-201.0,close,-245.3825,stop,-246.0,stop,-247.0,stop
2026-02-02,2026,大跌<-2%,flat,,,,,,,,,,
2026-02-03,2026,漲1~2%,active,32357.0,1.0,-93.0,close,-244.67749999999998,stop,-245.0,stop,-246.0,stop
2026-02-04,2026,大跌<-2%,flat,,,,,,,,,,
2026-02-05,2026,大跌<-2%,flat,,,,,,,,,,
2026-02-06,2026,小跌-1~0,flat,,,,,,,,,,
2026-02-09,2026,大漲>=2%,active,32628.0,-1.0,-30.0,close,-30.0,close,-30.0,close,-30.0,close
2026-02-10,2026,漲1~2%,active,32905.0,1.0,403.0,close,403.0,close,403.0,close,403.0,close
2026-02-11,2026,小跌-1~0,flat,,,,,,,,,,
2026-02-23,2026,漲1~2%,active,34175.0,1.0,-213.0,close,-258.3125,stop,-259.0,stop,-260.0,stop
2026-02-24,2026,小跌-1~0,flat,,,,,,,,,,
2026-02-25,2026,漲1~2%,active,35250.0,1.0,238.0,close,238.0,close,238.0,close,238.0,close
2026-02-26,2026,漲1~2%,active,35532.0,1.0,70.0,close,70.0,close,70.0,close,70.0,close
2026-03-02,2026,跌-2~-1%,active,34732.0,-1.0,-506.0,close,-262.49,stop,-263.0,stop,-264.0,stop
2026-03-03,2026,小漲0~1%,active,35005.0,1.0,-676.0,close,-264.53749999999997,stop,-265.0,stop,-266.0,stop
2026-03-04,2026,大跌<-2%,flat,,,,,,,,,,
2026-03-05,2026,漲1~2%,active,33900.0,1.0,-261.0,close,-256.25,stop,-257.0,stop,-258.0,stop
2026-03-06,2026,跌-2~-1%,active,33364.0,-1.0,-343.0,close,-252.23,stop,-253.0,stop,-254.0,stop
2026-03-09,2026,大跌<-2%,flat,,,,,,,,,,
2026-03-10,2026,大漲>=2%,active,33219.0,-1.0,514.0,close,514.0,close,514.0,close,514.0,close
2026-03-11,2026,小漲0~1%,active,33329.0,1.0,656.0,close,656.0,close,656.0,close,656.0,close
2026-03-12,2026,小漲0~1%,active,33668.0,1.0,-146.0,close,-254.51,stop,-255.0,stop,-256.0,stop
2026-03-13,2026,大跌<-2%,flat,,,,,,,,,,
2026-03-16,2026,小漲0~1%,active,33413.0,1.0,-162.0,close,-252.5975,stop,-253.0,stop,-254.0,stop
2026-03-17,2026,漲1~2%,active,33626.0,1.0,175.0,close,175.0,close,175.0,close,175.0,close
2026-03-18,2026,小漲0~1%,active,34344.0,1.0,209.0,close,209.0,close,209.0,close,209.0,close
2026-03-19,2026,小跌-1~0,flat,,,,,,,,,,
2026-03-20,2026,小漲0~1%,active,33794.0,1.0,-225.0,close,-255.45499999999998,stop,-256.0,stop,-257.0,stop
2026-03-23,2026,大跌<-2%,flat,,,,,,,,,,
2026-03-24,2026,漲1~2%,active,33300.0,1.0,-520.0,close,-251.75,stop,-252.0,stop,-253.0,stop
2026-03-25,2026,漲1~2%,active,33790.0,1.0,-163.0,close,-255.42499999999998,stop,-256.0,stop,-257.0,stop
2026-03-26,2026,漲1~2%,active,33845.0,1.0,-407.0,close,-255.83749999999998,stop,-256.0,stop,-257.0,stop
2026-03-27,2026,大跌<-2%,flat,,,,,,,,,,
2026-03-30,2026,跌-2~-1%,active,32030.0,-1.0,-451.0,close,-242.225,stop,-243.0,stop,-244.0,stop
2026-03-31,2026,大跌<-2%,flat,,,,,,,,,,
2026-04-01,2026,大漲>=2%,active,33210.0,-1.0,-191.0,close,-191.0,close,-191.0,close,-191.0,close
2026-04-02,2026,大漲>=2%,active,32929.0,-1.0,430.0,close,430.0,close,430.0,close,430.0,close
2026-04-07,2026,漲1~2%,active,33174.0,1.0,6.0,close,6.0,close,6.0,close,6.0,close
2026-04-08,2026,漲1~2%,active,34664.0,1.0,330.0,close,330.0,close,330.0,close,330.0,close
2026-04-09,2026,大漲>=2%,active,34933.0,-1.0,1.0,close,1.0,close,1.0,close,1.0,close
2026-04-10,2026,大漲>=2%,active,35464.0,-1.0,-111.0,close,-111.0,close,-111.0,close,-111.0,close
2026-04-13,2026,大漲>=2%,active,35590.0,-1.0,138.0,close,138.0,close,138.0,close,138.0,close
2026-04-14,2026,漲1~2%,active,36068.0,1.0,292.0,close,292.0,close,292.0,close,292.0,close
2026-04-15,2026,大漲>=2%,active,37334.0,-1.0,364.0,close,364.0,close,364.0,close,364.0,close
2026-04-16,2026,小漲0~1%,active,37306.0,1.0,335.0,close,335.0,close,335.0,close,335.0,close
2026-04-17,2026,小漲0~1%,active,37150.0,1.0,-69.0,close,-69.0,close,-69.0,close,-69.0,close
2026-04-20,2026,大漲>=2%,active,37634.0,-1.0,381.0,close,381.0,close,381.0,close,381.0,close
2026-04-21,2026,小漲0~1%,active,37710.0,1.0,335.0,close,335.0,close,335.0,close,335.0,close
2026-04-22,2026,小漲0~1%,active,38130.0,1.0,81.0,close,81.0,close,81.0,close,81.0,close
2026-04-23,2026,大漲>=2%,active,38524.0,-1.0,636.0,close,636.0,close,636.0,close,636.0,close
2026-04-24,2026,漲1~2%,active,38288.0,1.0,928.0,close,928.0,close,928.0,close,928.0,close
2026-04-27,2026,大漲>=2%,active,40157.0,-1.0,270.0,close,270.0,close,270.0,close,270.0,close
2026-04-28,2026,跌-2~-1%,active,39791.0,-1.0,50.0,close,-300.4325,stop,-301.0,stop,-302.0,stop
2026-04-29,2026,大跌<-2%,flat,,,,,,,,,,
2026-04-30,2026,大漲>=2%,active,39816.0,-1.0,454.0,close,454.0,close,454.0,close,454.0,close
2026-05-04,2026,小漲0~1%,active,40423.0,1.0,616.0,close,616.0,close,616.0,close,616.0,close
2026-05-05,2026,小跌-1~0,flat,,,,,,,,,,
2026-05-06,2026,大漲>=2%,active,41390.0,-1.0,-123.0,close,-123.0,close,-123.0,close,-123.0,close
2026-05-07,2026,大漲>=2%,active,42343.0,-1.0,-14.0,close,-14.0,close,-14.0,close,-14.0,close
2026-05-08,2026,大跌<-2%,flat,,,,,,,,,,
2026-05-11,2026,大漲>=2%,active,42105.0,-1.0,150.0,close,150.0,close,150.0,close,150.0,close
2026-05-12,2026,大漲>=2%,active,41812.0,-1.0,118.0,close,-315.59,stop,-316.0,stop,-317.0,stop
2026-05-13,2026,大跌<-2%,flat,,,,,,,,,,
2026-05-14,2026,大漲>=2%,active,41689.0,-1.0,60.0,close,60.0,close,60.0,close,60.0,close
2026-05-15,2026,小漲0~1%,active,42291.0,1.0,-1290.0,close,-319.1825,stop,-320.0,stop,-321.0,stop
2026-05-18,2026,大跌<-2%,flat,,,,,,,,,,
2026-05-19,2026,大跌<-2%,flat,,,,,,,,,,
2026-05-20,2026,小漲0~1%,active,40238.0,1.0,-119.0,close,-119.0,close,-119.0,close,-119.0,close
2026-05-21,2026,大漲>=2%,active,41498.0,-1.0,23.0,close,23.0,close,23.0,close,23.0,close
2026-05-22,2026,漲1~2%,active,42192.0,1.0,246.0,close,-318.44,stop,-319.0,stop,-320.0,stop
2026-05-25,2026,漲1~2%,active,43183.0,1.0,695.0,close,695.0,close,695.0,close,695.0,close
2026-05-26,2026,漲1~2%,active,44256.0,1.0,-363.0,close,-333.92,stop,-334.0,stop,-335.0,stop
2026-05-27,2026,大漲>=2%,active,44678.0,-1.0,-118.0,close,-337.085,stop,-338.0,stop,-339.0,stop
2026-05-28,2026,跌-2~-1%,active,45188.0,-1.0,1348.0,close,1348.0,close,1348.0,close,1348.0,close
2026-05-29,2026,小漲0~1%,active,44660.0,1.0,630.0,close,630.0,close,630.0,close,630.0,close
2026-06-01,2026,小漲0~1%,active,45457.0,1.0,592.0,close,592.0,close,592.0,close,592.0,close
2026-06-02,2026,漲1~2%,active,46137.0,1.0,-29.0,close,-348.0275,stop,-349.0,stop,-350.0,stop
2026-06-03,2026,大漲>=2%,active,46880.0,-1.0,17.0,close,17.0,close,17.0,close,17.0,close
2026-06-04,2026,漲1~2%,active,46475.0,1.0,-174.0,close,-174.0,close,-174.0,close,-174.0,close
2026-06-05,2026,大跌<-2%,flat,,,,,,,,,,
2026-06-08,2026,大跌<-2%,flat,,,,,,,,,,
2026-06-09,2026,大漲>=2%,active,44214.0,-1.0,-460.0,close,-333.60499999999996,stop,-334.0,stop,-335.0,stop
2026-06-10,2026,跌-2~-1%,active,43838.0,-1.0,417.0,close,-330.78499999999997,stop,-331.0,stop,-332.0,stop
2026-06-11,2026,大跌<-2%,flat,,,,,,,,,,
2026-06-12,2026,大漲>=2%,active,44345.0,-1.0,143.0,close,143.0,close,143.0,close,143.0,close
2026-06-15,2026,漲1~2%,active,45709.0,1.0,-117.0,close,-344.8175,stop,-345.0,stop,-346.0,stop
2026-06-16,2026,大漲>=2%,active,45725.0,-1.0,-39.0,close,-39.0,close,-39.0,close,-39.0,close
2026-06-17,2026,大跌<-2%,flat,,,,,,,,,,
2026-06-18,2026,漲1~2%,active,46480.0,1.0,286.0,close,286.0,close,286.0,close,286.0,close
2026-06-22,2026,大漲>=2%,active,48084.0,-1.0,-363.0,close,-362.63,stop,-363.0,stop,-364.0,stop
2026-06-23,2026,大漲>=2%,active,48177.0,-1.0,735.0,close,735.0,close,735.0,close,735.0,close
2026-06-24,2026,大跌<-2%,flat,,,,,,,,,,
2026-06-25,2026,小跌-1~0,flat,,,,,,,,,,
2026-06-26,2026,大漲>=2%,active,45397.0,-1.0,995.0,close,995.0,close,995.0,close,995.0,close
2026-06-29,2026,大跌<-2%,flat,,,,,,,,,,
2026-06-30,2026,大漲>=2%,active,46571.0,-1.0,-201.0,close,-201.0,close,-201.0,close,-201.0,close
2026-07-01,2026,大漲>=2%,active,47079.0,-1.0,-153.0,close,-153.0,close,-153.0,close,-153.0,close
2026-07-02,2026,大跌<-2%,flat,,,,,,,,,,
2026-07-03,2026,大跌<-2%,flat,,,,,,,,,,
2026-07-06,2026,大跌<-2%,flat,,,,,,,,,,
2026-07-07,2026,大漲>=2%,active,46957.0,-1.0,1196.0,close,1196.0,close,1196.0,close,1196.0,close
2026-07-08,2026,大跌<-2%,flat,,,,,,,,,,
2026-07-09,2026,大漲>=2%,active,45674.0,-1.0,-9.0,close,-344.555,stop,-345.0,stop,-346.0,stop
2026-07-13,2026,小漲0~1%,active,46300.0,1.0,-704.0,close,-349.25,stop,-350.0,stop,-351.0,stop
2026-07-14,2026,大跌<-2%,flat,,,,,,,,,,
2026-07-15,2026,大漲>=2%,active,45888.0,-1.0,-180.0,close,-180.0,close,-180.0,close,-180.0,close
2026-07-16,2026,大跌<-2%,flat,,,,,,,,,,
2026-07-17,2026,大跌<-2%,flat,,,,,,,,,,
2026-07-20,2026,跌-2~-1%,active,43450.0,-1.0,800.0,close,800.0,close,800.0,close,800.0,close
2026-07-21,2026,小漲0~1%,active,43263.0,1.0,1124.0,close,1124.0,close,1124.0,close,1124.0,close
2026-07-22,2026,大漲>=2%,active,44937.0,-1.0,308.0,close,308.0,close,308.0,close,308.0,close
2026-07-23,2026,小漲0~1%,active,45350.0,1.0,-417.0,close,-342.125,stop,-343.0,stop,-344.0,stop
2026-07-24,2026,小跌-1~0,flat,,,,,,,,,,
2026-07-27,2026,大跌<-2%,flat,,,,,,,,,,
2026-07-28,2026,大跌<-2%,flat,,,,,,,,,,
2026-07-29,2026,大跌<-2%,flat,,,,,,,,,,
2026-07-30,2026,大跌<-2%,flat,,,,,,,,,,
2026-07-31,2026,大漲>=2%,active,43403.0,-1.0,-278.0,close,-327.5225,stop,-328.0,stop,-329.0,stop
2026-08-03,2026,小漲0~1%,active,43185.0,1.0,44.0,close,44.0,close,44.0,close,44.0,close
2026-08-04,2026,漲1~2%,active,42700.0,1.0,659.0,close,659.0,close,659.0,close,659.0,close
2026-08-05,2026,大漲>=2%,active,44784.0,-1.0,256.0,close,256.0,close,256.0,close,256.0,close
2026-08-06,2026,跌-2~-1%,active,44142.0,-1.0,-134.0,close,-333.065,stop,-334.0,stop,-335.0,stop
2026-08-07,2026,小漲0~1%,active,44600.0,1.0,-254.0,close,-336.5,stop,-337.0,stop,-338.0,stop
2026-08-10,2026,大漲>=2%,active,45171.0,-1.0,169.0,close,169.0,close,169.0,close,169.0,close
2026-08-11,2026,大跌<-2%,flat,,,,,,,,,,
2026-08-12,2026,小漲0~1%,active,45380.0,1.0,142.0,close,142.0,close,142.0,close,142.0,close
2026-08-13,2026,大漲>=2%,active,46148.0,-1.0,141.0,close,141.0,close,141.0,close,141.0,close
2026-08-14,2026,小漲0~1%,active,46503.0,1.0,-671.0,close,-350.7725,stop,-351.0,stop,-352.0,stop
2026-08-17,2026,小跌-1~0,flat,,,,,,,,,,
2026-08-18,2026,漲1~2%,active,45971.0,1.0,-894.0,close,-346.78249999999997,stop,-347.0,stop,-348.0,stop
2026-08-19,2026,大跌<-2%,flat,,,,,,,,,,
2026-08-20,2026,大跌<-2%,flat,,,,,,,,,,
