market,code,name,date,close,ext,r5,r20,above60,slope60,liq20,r3_pass,note,r1_rank
TW,1476,儒鴻,2026-10-07,297.0,2.05,8.39,-2.94,False,-4.29,426968193.7,True,,
TW,1590,亞德客-KY,2026-10-07,1230.0,-0.24,2.5,-10.22,False,-10.06,1094023542.3,True,,
TW,2059,川湖,2026-10-07,11790.0,-0.8,-2.2,-15.21,True,364.95,5883954131.25,True,,
TW,2207,和泰車,2026-10-07,526.0,0.34,3.34,-2.41,True,3.33,136810202.95,False,,
TW,2247,汎德永業,2026-10-07,226.0,-1.16,0.67,-3.42,False,0.04,6626461.7,False,,
TW,2308,台達電,2026-10-07,1990.0,1.97,5.29,7.57,True,4.92,22424969358.2,True,,
TW,2330,台積電,2026-10-07,2585.0,3.09,4.23,5.39,True,9.51,54702099335.8,True,,7.0
TW,2344,華邦電,2026-10-07,179.5,0.62,0.0,-0.28,True,0.47,16057724792.25,True,,
TW,2345,智邦,2026-10-07,2015.0,1.2,13.52,-4.05,False,-38.13,8530245216.8,True,,
TW,2357,華碩,2026-10-07,989.0,1.4,2.91,-1.0,True,24.88,2453594746.8,True,,
TW,2360,致茂,2026-10-07,2400.0,1.12,12.41,7.62,True,27.92,6238745744.1,True,,
TW,2368,金像電,2026-10-07,1245.0,2.18,11.16,11.16,True,4.83,10586320626.8,True,,
TW,2376,技嘉,2026-10-07,365.5,0.36,1.95,0.27,True,4.42,2290355718.7,True,,
TW,2379,瑞昱,2026-10-07,741.0,0.32,-2.5,5.26,True,-0.92,2015406514.9,True,,
TW,2382,廣達,2026-10-07,335.0,-0.32,0.45,-3.6,True,-2.28,4693820111.55,True,,
TW,2383,台光電,2026-10-07,5950.0,2.72,20.57,8.28,True,24.92,11984414434.75,True,,
TW,2395,研華,2026-10-07,733.0,1.5,0.96,7.79,True,17.87,1843962675.9,True,,
TW,2404,漢唐,2026-10-07,1330.0,2.52,3.1,23.15,True,8.9,2233624615.25,True,,
TW,2408,南亞科,2026-10-07,514.0,0.25,-0.96,-0.58,True,8.96,22371904892.6,True,,
TW,2451,創見,2026-10-07,287.0,0.48,-0.69,-0.86,True,2.54,561160843.85,True,,
TW,2454,聯發科,2026-10-07,4835.0,-0.0,-1.73,1.58,True,82.91,38044517578.95,True,,
TW,2603,長榮,2026-10-07,232.5,-0.93,-2.92,-0.21,True,3.54,1772959857.75,True,,
TW,3006,晶豪科,2026-10-07,270.5,-1.05,-5.42,-8.92,True,4.57,3436088141.8,True,,
TW,3008,大立光,2026-10-07,6845.0,1.4,15.14,2.78,True,213.97,13415430533.1,True,,
TW,3017,奇鋐,2026-10-07,3545.0,0.73,3.2,3.65,True,97.13,10213800484.2,True,,
TW,3034,聯詠,2026-10-07,529.0,-1.11,-3.11,-2.04,True,2.7,1628964792.05,True,,
TW,3036,文曄,2026-10-07,215.5,2.41,4.87,11.95,True,0.07,1440589848.05,True,,
TW,3037,欣興,2026-10-07,1305.0,3.21,11.06,37.51,True,34.37,17054873158.9,True,,5.0
TW,3044,健鼎,2026-10-07,582.0,2.98,10.86,18.05,True,8.12,1514828900.25,True,,8.0
TW,3131,弘塑,2026-10-07,2450.0,0.12,-2.97,-4.11,False,-60.36,1055593134.5,True,,
TW,3135,凌航,2026-10-07,157.0,-1.15,-0.63,-9.25,False,-0.39,89958410.7,False,,
TW,3147,大綜,2026-10-07,295.0,3.85,21.15,33.18,True,4.34,259596538.15,False,,
TW,3260,威剛,2026-10-07,365.0,-1.61,-3.31,-5.92,False,-0.66,2046134151.75,True,,
TW,3293,鈊象,2026-10-07,780.0,1.82,-1.02,9.86,True,4.12,1553160817.8,True,,
TW,3324,雙鴻,2026-10-07,1525.0,0.5,-0.33,5.9,True,48.42,5600430399.25,True,,
TW,3406,玉晶光,2026-10-07,1085.0,1.62,21.91,9.93,True,33.28,6018096143.25,True,,
TW,3413,京鼎,2026-10-07,288.5,0.65,-0.86,1.58,False,-3.59,184564439.95,False,,
TW,3443,創意,2026-10-07,8460.0,2.36,5.22,42.54,True,319.0,11328321140.75,True,,
TW,3526,凡甲,2026-10-07,276.5,1.14,1.65,-1.6,False,-3.38,53060523.5,False,,
TW,3529,力旺,2026-10-07,3015.0,0.27,-8.77,17.32,True,38.67,4460718629.75,True,,
TW,3533,嘉澤,2026-10-07,1825.0,1.83,3.11,7.67,True,-9.43,2181115225.0,True,,
TW,3563,牧德,2026-10-07,740.0,0.79,-8.3,5.87,True,2.5,699615934.55,True,,
TW,3583,辛耘,2026-10-07,743.0,1.35,5.09,2.91,True,-5.83,583725821.35,True,,
TW,3617,碩天,2026-10-07,245.5,0.49,1.45,-1.21,True,2.09,69383484.7,False,,
TW,3653,健策,2026-10-07,6805.0,1.65,0.07,20.34,True,312.49,7453203091.35,True,,
TW,3661,世芯-KY,2026-10-07,4190.0,2.67,12.03,3.71,True,-10.08,9647167783.4,True,,
TW,3665,貿聯-KY,2026-10-07,2315.0,0.7,-10.79,11.84,True,45.78,8565629611.75,True,,
TW,4766,南寶,2026-10-07,359.5,3.18,5.58,4.35,True,0.06,45197270.1,False,,
TW,4966,譜瑞-KY,2026-10-07,568.0,0.77,-0.53,0.35,False,-5.87,275406764.85,False,,
TW,5269,祥碩,2026-10-07,1455.0,0.36,-0.34,1.04,True,0.54,632886348.5,True,,
TW,5274,信驊,2026-10-07,17750.0,-1.17,-5.33,-7.62,True,396.15,4684410839.5,True,,
TW,5289,宜鼎,2026-10-07,1260.0,-0.85,-2.33,-10.32,False,-19.2,1557174509.75,True,,
TW,5434,崇越,2026-10-07,605.0,2.88,9.01,11.83,True,7.37,386158604.55,True,,10.0
TW,5536,聖暉,2026-10-07,1045.0,3.99,13.71,19.57,True,-26.28,1094398287.6,True,,3.0
TW,6121,新普,2026-10-07,370.0,-1.19,-1.86,-4.27,False,-4.0,201249880.5,False,,
TW,6139,亞翔,2026-10-07,787.0,1.81,4.1,6.5,True,-6.67,1951309005.8,True,,
TW,6187,萬潤,2026-10-07,1535.0,2.92,17.18,12.04,True,36.74,3231363308.0,True,,9.0
TW,6196,帆宣,2026-10-07,670.0,4.19,14.53,30.35,True,7.57,1065991882.45,True,,2.0
TW,6223,旺矽,2026-10-07,5530.0,0.13,7.9,0.73,False,-103.64,5581550180.5,True,,
TW,6274,台燿,2026-10-07,1720.0,2.39,13.16,25.55,True,7.33,14161946597.0,True,,
TW,6409,旭隼,2026-10-07,888.0,-0.08,-2.09,-9.11,False,-18.6,303114872.5,True,,
TW,6414,樺漢,2026-10-07,395.0,1.15,0.77,1.41,False,0.61,440893122.9,True,,
TW,6442,光聖,2026-10-07,1815.0,2.49,21.81,6.76,True,14.4,3624081283.5,True,,
TW,6446,藥華藥,2026-10-07,1205.0,-0.21,-0.82,-9.06,False,-10.93,3852629340.25,True,,
TW,6488,環球晶,2026-10-07,1215.0,3.16,17.39,25.13,True,-11.74,12986120098.6,True,,6.0
TW,6491,晶碩,2026-10-07,411.5,1.16,-0.36,8.43,True,3.97,152046678.2,False,,
TW,6510,精測,2026-10-07,3020.0,-1.49,-1.47,-12.97,True,15.45,3394045187.0,True,,
TW,6515,穎崴,2026-10-07,5520.0,-2.05,-6.91,-21.14,False,-163.3,4560503554.75,True,,
TW,6526,達發,2026-10-07,786.0,1.16,-6.43,22.05,True,13.71,1192337835.35,True,,
TW,6640,均華,2026-10-07,1080.0,-0.53,3.85,-16.92,True,8.92,488445610.75,True,,
TW,6669,緯穎,2026-10-07,2240.0,0.52,7.18,-10.04,True,41.0,8202893088.75,True,,
TW,6670,復盛應用,2026-10-07,274.0,0.24,0.74,-0.72,True,0.97,41987267.7,False,,
TW,6683,雍智科技,2026-10-07,1445.0,-0.42,-9.12,2.48,True,-17.35,2339365729.75,True,,
TW,6691,洋基工程,2026-10-07,776.0,3.79,7.93,24.36,True,10.57,594815243.35,True,,4.0
TW,6781,AES-KY,2026-10-07,1025.0,0.28,0.49,-5.09,False,-10.27,297421445.1,False,,
TW,6805,富世達,2026-10-07,2455.0,0.84,0.0,8.39,True,79.1,3703827342.9,True,,
TW,6894,衛司特,2026-10-07,363.0,0.4,0.55,2.83,True,0.35,24834754.05,False,,
TW,6903,巨漢,2026-10-07,327.0,1.98,3.65,3.81,True,-5.12,81167570.15,False,,
TW,6944,兆聯實業,2026-10-07,908.0,5.9,17.16,26.29,True,6.9,352593977.9,True,,1.0
TW,7711,永擎,2026-10-07,632.0,2.0,12.86,-4.24,True,25.76,742205552.65,True,,
TW,7734,印能科技,2026-10-07,2710.0,0.16,1.69,-7.03,False,-4.17,701559457.75,True,,
TW,7744,崴寶,2026-10-07,533.0,0.76,1.91,-4.99,True,5.59,56147580.3,False,,
TW,7750,新代,2026-10-07,1995.0,-0.01,4.18,-16.0,False,-10.08,387063922.25,True,,
TW,7751,竑騰,2026-10-07,1600.0,1.25,-1.54,0.63,True,19.5,272524704.25,False,,
TW,7769,鴻勁,2026-10-07,5885.0,-0.59,6.9,-10.36,False,-55.3,6154296263.75,True,,
TW,7822,倍利科,2026-10-07,950.0,1.22,-4.81,2.15,True,-2.86,191288106.9,False,,
TW,8016,矽創,2026-10-07,289.5,1.24,1.94,-0.69,False,-4.46,148912573.35,False,,
TW,8210,勤誠,2026-10-07,872.0,-0.55,4.31,-6.94,False,-27.28,1487374392.45,True,,
TW,8271,宇瞻,2026-10-07,202.0,-0.54,0.0,-9.01,False,1.34,248896577.5,False,,
TW,8299,群聯,2026-10-07,2060.0,-0.21,-4.19,-1.67,True,-8.5,6941746012.0,True,,
TW,8464,億豐,2026-10-07,365.5,-0.77,-0.27,1.25,False,-0.19,131766490.2,False,,
TW,8478,東哥遊艇,2026-10-07,139.5,-0.83,-1.06,-2.11,False,-0.83,8150594.35,False,,
TW,8996,高力,2026-10-07,1645.0,1.79,2.49,32.66,True,22.75,5333401701.75,True,,
US,MU,美光,2026-10-07,1088.0,1.27,2.15,5.86,True,8.83,26535561842.55,True,,
US,CRDO,Credo,2026-10-07,220.01,2.3,12.95,31.02,True,-2.88,1609351049.0040002,True,,7.0
US,VRT,Vertiv,2026-10-07,246.49,-0.08,2.15,-6.22,False,-5.3,1263498005.9865,True,,
US,AVGO,博通,2026-10-07,376.51,2.07,7.21,3.52,True,-2.43,8541368439.207001,True,,
US,NVDA,輝達,2026-10-07,237.47,2.31,3.98,6.29,True,2.47,24458392979.1785,True,,6.0
US,COHR,Coherent,2026-10-07,334.56,1.63,16.24,10.24,True,1.26,2094544520.4940002,True,,
US,ANET,Arista,2026-10-07,215.83,2.19,6.01,11.87,True,2.23,998734114.609,True,,8.0
US,AMD,超微,2026-10-07,645.86,2.46,5.57,23.94,True,7.87,12942985773.799,True,,2.0
US,TSM,台積電ADR,2026-10-07,472.2,2.45,3.51,8.75,True,3.8,4393906885.76,True,,3.0
US,ASML,艾司摩爾,2026-10-07,1804.96,1.49,-0.37,4.36,True,5.24,2408867562.906,True,,
US,AMAT,應用材料,2026-10-07,520.65,2.33,1.81,11.05,True,-4.45,2935842808.8774996,True,,5.0
US,LRCX,科林研發,2026-10-07,329.51,1.64,0.3,4.44,True,-0.23,2871121955.085,True,,
US,KLAC,科磊,2026-10-07,196.83,1.41,0.97,7.61,True,-2.09,1682283008.5825,True,,
US,MRVL,邁威爾,2026-10-07,284.68,2.35,7.75,21.14,True,3.88,4872165388.25,True,,4.0
US,QCOM,高通,2026-10-07,177.12,-1.08,-3.76,0.41,True,-0.3,2610234875.282,True,,
US,INTC,英特爾,2026-10-07,113.12,-0.05,-5.91,6.48,True,0.63,12347672020.526001,True,,
US,TXN,德州儀器,2026-10-07,288.98,1.85,3.17,10.47,True,-1.02,1567286554.224,True,,
US,ADI,亞德諾,2026-10-07,410.08,2.0,3.37,12.33,True,2.07,1199952953.212,True,,
US,ON,安森美,2026-10-07,82.51,2.14,7.34,16.24,True,-0.87,937935182.9720001,True,,9.0
US,MPWR,MPS,2026-10-07,1425.98,2.09,5.85,18.64,True,8.0,934270111.956,True,,
US,SMCI,美超微,2026-10-07,44.94,1.94,9.42,15.44,True,1.29,1498540452.497,True,,
US,DELL,戴爾,2026-10-07,578.96,0.99,7.62,8.17,True,10.19,4422168674.125999,True,,
US,HPE,慧與,2026-10-07,72.09,2.78,12.83,22.71,True,1.77,1381529218.7319999,True,,1.0
US,ALAB,Astera Labs,2026-10-07,382.25,2.13,7.38,27.19,True,-1.77,1402569763.1125,True,,10.0
