y,exit,n,winrate,avg,med,max_loss,pf
10,13:00,352,0.4631,-10.51,-5.0,-1166.0,0.8
10,13:05,352,0.4801,-13.34,-2.5,-1360.0,0.76
10,13:10,352,0.483,-10.52,-5.5,-1096.0,0.81
10,13:15,352,0.483,-7.41,-2.0,-1047.0,0.86
10,13:20,352,0.4688,-10.01,-6.0,-1191.0,0.82
10,13:25,352,0.4631,-13.16,-5.0,-1196.0,0.77
10,13:30,352,0.4801,-14.84,-3.5,-1090.0,0.75
10,13:44,352,0.4602,-15.21,-11.0,-1279.0,0.76
20,13:00,394,0.4492,-11.25,-6.0,-1176.0,0.78
20,13:05,394,0.4695,-14.05,-4.0,-1370.0,0.74
20,13:10,394,0.4772,-11.46,-2.5,-1106.0,0.78
20,13:15,394,0.4695,-8.81,-5.0,-1057.0,0.83
20,13:20,394,0.4695,-11.34,-7.0,-1201.0,0.79
20,13:25,394,0.4645,-14.43,-5.0,-1206.0,0.74
20,13:30,394,0.4619,-15.8,-4.0,-1100.0,0.72
20,13:44,394,0.467,-15.66,-6.0,-1289.0,0.74
30,13:00,418,0.4522,-12.96,-8.0,-1186.0,0.75
30,13:05,418,0.4593,-15.64,-6.5,-1380.0,0.71
30,13:10,418,0.4617,-13.18,-6.5,-1116.0,0.75
30,13:15,418,0.4545,-10.6,-7.0,-1067.0,0.79
30,13:20,418,0.4522,-12.77,-7.0,-1211.0,0.76
30,13:25,418,0.4426,-15.9,-6.0,-1216.0,0.71
30,13:30,418,0.4498,-16.98,-9.0,-1110.0,0.7
30,13:44,418,0.4545,-16.68,-7.5,-1299.0,0.73
40,13:00,449,0.461,-12.11,-7.0,-1196.0,0.76
40,13:05,449,0.4566,-14.35,-7.0,-1390.0,0.73
40,13:10,449,0.4477,-12.25,-6.0,-1126.0,0.77
40,13:15,449,0.4677,-9.83,-7.0,-1077.0,0.81
40,13:20,449,0.4499,-11.71,-9.0,-1221.0,0.78
40,13:25,449,0.4432,-14.81,-8.0,-1226.0,0.73
40,13:30,449,0.4521,-15.99,-9.0,-1120.0,0.72
40,13:44,449,0.4699,-15.18,-7.0,-1309.0,0.75
50,13:00,478,0.4561,-9.88,-6.5,-1206.0,0.81
50,13:05,478,0.4665,-11.57,-6.5,-1400.0,0.78
50,13:10,478,0.4665,-9.09,-6.0,-1136.0,0.83
50,13:15,478,0.4749,-6.89,-5.5,-1087.0,0.87
50,13:20,478,0.4519,-8.66,-8.0,-1231.0,0.84
50,13:25,478,0.4498,-11.56,-7.5,-1236.0,0.79
50,13:30,478,0.4644,-12.83,-7.0,-1130.0,0.77
50,13:44,478,0.4665,-11.78,-5.0,-1319.0,0.8
60,13:00,498,0.4518,-10.73,-7.0,-1216.0,0.79
60,13:05,498,0.4598,-12.32,-5.5,-1410.0,0.77
60,13:10,498,0.4659,-9.95,-5.5,-1146.0,0.81
60,13:15,498,0.4699,-7.66,-7.0,-1097.0,0.85
60,13:20,498,0.4618,-9.35,-10.0,-1241.0,0.83
60,13:25,498,0.4418,-12.16,-7.0,-1246.0,0.78
60,13:30,498,0.4498,-13.44,-7.5,-1140.0,0.77
60,13:44,498,0.4659,-12.99,-7.0,-1329.0,0.79
70,13:00,522,0.4521,-11.41,-7.5,-1226.0,0.78
70,13:05,522,0.454,-12.97,-7.0,-1420.0,0.76
70,13:10,522,0.4579,-10.62,-5.5,-1156.0,0.8
70,13:15,522,0.4713,-8.73,-8.0,-1107.0,0.83
70,13:20,522,0.4521,-10.2,-8.5,-1251.0,0.81
70,13:25,522,0.4406,-12.84,-7.5,-1256.0,0.77
70,13:30,522,0.4502,-14.2,-9.0,-1150.0,0.75
70,13:44,522,0.4617,-13.81,-9.0,-1339.0,0.77
80,13:00,538,0.4591,-10.75,-7.0,-1236.0,0.8
80,13:05,538,0.4535,-12.37,-6.5,-1430.0,0.77
80,13:10,538,0.4684,-9.66,-5.5,-1166.0,0.82
80,13:15,538,0.4721,-8.0,-7.0,-1117.0,0.85
80,13:20,538,0.4554,-9.58,-9.5,-1261.0,0.82
80,13:25,538,0.4442,-12.21,-7.5,-1266.0,0.78
80,13:30,538,0.4554,-13.54,-8.0,-1160.0,0.77
80,13:44,538,0.4665,-12.78,-7.0,-1349.0,0.79
90,13:00,557,0.4668,-10.17,-5.0,-1246.0,0.81
90,13:05,557,0.4596,-11.75,-5.0,-1440.0,0.78
90,13:10,557,0.4632,-9.31,-5.0,-1176.0,0.83
90,13:15,557,0.4829,-7.92,-6.0,-1127.0,0.85
90,13:20,557,0.4686,-9.59,-9.0,-1271.0,0.82
90,13:25,557,0.456,-12.03,-7.0,-1276.0,0.79
90,13:30,557,0.4524,-13.41,-8.0,-1170.0,0.77
90,13:44,557,0.4704,-12.49,-6.0,-1359.0,0.79
100,13:00,575,0.4748,-8.61,-5.0,-1256.0,0.84
100,13:05,575,0.4696,-10.06,-5.0,-1450.0,0.81
100,13:10,575,0.473,-7.68,-4.0,-1186.0,0.86
100,13:15,575,0.4922,-6.43,-4.0,-1137.0,0.88
100,13:20,575,0.4817,-8.18,-6.0,-1281.0,0.85
100,13:25,575,0.4643,-10.59,-6.0,-1286.0,0.81
100,13:30,575,0.4626,-12.09,-8.0,-1180.0,0.79
100,13:44,575,0.4817,-11.42,-3.0,-1369.0,0.81
110,13:00,584,0.4726,-9.71,-5.0,-1266.0,0.82
110,13:05,584,0.4675,-11.07,-5.0,-1460.0,0.8
110,13:10,584,0.4709,-8.74,-5.0,-1196.0,0.84
110,13:15,584,0.4846,-7.5,-4.0,-1147.0,0.86
110,13:20,584,0.4709,-9.25,-6.0,-1291.0,0.83
110,13:25,584,0.4606,-11.58,-6.0,-1296.0,0.79
110,13:30,584,0.464,-13.05,-8.0,-1190.0,0.78
110,13:44,584,0.4777,-12.38,-3.0,-1379.0,0.8
120,13:00,595,0.4756,-10.66,-5.0,-1276.0,0.8
120,13:05,595,0.4723,-12.23,-4.0,-1470.0,0.78
120,13:10,595,0.4706,-9.96,-5.0,-1206.0,0.82
120,13:15,595,0.4874,-8.87,-5.0,-1157.0,0.83
120,13:20,595,0.4739,-10.59,-7.0,-1301.0,0.81
120,13:25,595,0.4605,-12.83,-7.0,-1306.0,0.77
120,13:30,595,0.4655,-14.39,-7.0,-1200.0,0.75
120,13:44,595,0.479,-13.83,-3.0,-1389.0,0.77
130,13:00,611,0.4894,-8.37,-2.0,-1286.0,0.84
130,13:05,611,0.4795,-10.26,-3.0,-1480.0,0.81
130,13:10,611,0.4812,-8.27,-4.0,-1216.0,0.85
130,13:15,611,0.4975,-7.1,0.0,-1167.0,0.87
130,13:20,611,0.4795,-8.64,-4.0,-1311.0,0.84
130,13:25,611,0.4697,-10.8,-5.0,-1316.0,0.81
130,13:30,611,0.4746,-12.32,-6.0,-1210.0,0.79
130,13:44,611,0.4894,-11.84,-2.0,-1399.0,0.81
140,13:00,619,0.4895,-8.61,-1.0,-1296.0,0.84
140,13:05,619,0.4782,-10.33,-3.0,-1490.0,0.81
140,13:10,619,0.4814,-8.49,-3.0,-1226.0,0.84
140,13:15,619,0.4976,-7.37,0.0,-1177.0,0.86
140,13:20,619,0.4814,-9.09,-3.0,-1321.0,0.83
140,13:25,619,0.4717,-11.22,-5.0,-1326.0,0.8
140,13:30,619,0.475,-12.88,-5.0,-1220.0,0.78
140,13:44,619,0.4863,-12.87,-2.0,-1409.0,0.79
150,13:00,627,0.4928,-8.21,-1.0,-1306.0,0.85
150,13:05,627,0.4833,-9.84,-2.0,-1500.0,0.82
150,13:10,627,0.4864,-8.03,-3.0,-1236.0,0.85
150,13:15,627,0.5008,-6.93,1.0,-1187.0,0.87
150,13:20,627,0.4864,-8.78,-3.0,-1331.0,0.84
150,13:25,627,0.4721,-10.97,-5.0,-1336.0,0.81
150,13:30,627,0.4753,-12.69,-5.0,-1221.0,0.78
150,13:44,627,0.4896,-12.41,-2.0,-1410.0,0.8
