date,yr,sox,gap,m_drift,pm_drift,pm_drift1330,full,day_dir
2023-08-15,2023,0.028709223086881508,98.0,54.0,-105.0,-77.0,-51.0,1.0
2023-08-16,2023,-0.017007564756807536,-116.0,59.0,7.0,7.0,66.0,-1.0
2023-08-17,2023,-0.020788078650294306,-99.0,70.0,112.0,125.0,182.0,1.0
2023-08-18,2023,-0.00969230592400172,-38.0,89.0,-157.0,-158.0,-68.0,-1.0
2023-08-21,2023,0.004755756089776186,69.0,-76.0,6.0,-2.0,-70.0,-1.0
2023-08-22,2023,0.02830128741978899,142.0,-72.0,-21.0,-5.0,-93.0,1.0
2023-08-23,2023,-0.009281778506714855,16.0,56.0,90.0,71.0,146.0,1.0
2023-08-24,2023,0.021067610816143167,237.0,-41.0,3.0,-9.0,-38.0,1.0
2023-08-25,2023,-0.03351184477555591,-210.0,4.0,-133.0,-126.0,-129.0,-1.0
2023-08-28,2023,0.004122023382069795,47.0,57.0,-33.0,-37.0,24.0,1.0
2023-08-29,2023,0.01207786820762946,79.0,-105.0,162.0,146.0,57.0,1.0
2023-08-30,2023,0.025919550463979757,110.0,27.0,-41.0,-47.0,-14.0,1.0
2023-08-31,2023,0.00395363638116919,4.0,-59.0,-45.0,-40.0,-104.0,-1.0
2023-09-01,2023,0.007412347142637499,-29.0,110.0,-55.0,-46.0,55.0,1.0
2023-09-04,2023,0.003244409454824959,-2.0,12.0,119.0,100.0,131.0,1.0
2023-09-05,2023,0.003244409454824959,-43.0,14.0,1.0,13.0,15.0,-1.0
2023-09-06,2023,0.00025795310141085714,9.0,-29.0,-20.0,-21.0,-49.0,-1.0
2023-09-07,2023,-0.007961908795018124,-106.0,27.0,-70.0,-56.0,-43.0,-1.0
2023-09-08,2023,-0.01979772661350787,-74.0,0.0,74.0,52.0,74.0,0.0
2023-09-11,2023,-0.004500140978362044,4.0,-113.0,-29.0,-37.0,-142.0,-1.0
2023-09-12,2023,0.0009085835910924711,41.0,-12.0,116.0,105.0,104.0,1.0
2023-09-13,2023,-0.007884053423287352,0.0,19.0,-9.0,-11.0,10.0,1.0
2023-09-14,2023,0.0054700671262237766,96.0,89.0,76.0,68.0,165.0,1.0
2023-09-15,2023,0.00667610364952842,6.0,17.0,43.0,49.0,60.0,1.0
2023-09-18,2023,-0.030087354885149686,-148.0,22.0,-73.0,-76.0,-51.0,-1.0
2023-09-19,2023,0.004625487934322603,-18.0,-8.0,-74.0,-51.0,-82.0,-1.0
2023-09-20,2023,-0.00957774869934458,11.0,21.0,-76.0,-86.0,-55.0,-1.0
2023-09-21,2023,-0.017406664315326337,-79.0,-162.0,-14.0,-25.0,-176.0,-1.0
2023-09-22,2023,-0.017641468631668156,-108.0,63.0,81.0,70.0,144.0,1.0
2023-09-25,2023,0.007918894230049212,16.0,73.0,29.0,25.0,102.0,1.0
2023-09-26,2023,0.007182144778013155,-55.0,-72.0,-27.0,-50.0,-99.0,-1.0
2023-09-27,2023,-0.01765472966195214,-65.0,72.0,-3.0,-12.0,69.0,1.0
2023-09-28,2023,0.009547636066578047,33.0,37.0,-12.0,-22.0,25.0,1.0
2023-10-02,2023,0.003887763483670037,151.0,59.0,-22.0,-14.0,37.0,1.0
2023-10-03,2023,0.0042395953748810555,-63.0,37.0,-121.0,-98.0,-84.0,-1.0
2023-10-04,2023,-0.02095481102396446,-124.0,-38.0,-4.0,2.0,-42.0,-1.0
2023-10-05,2023,0.014316260831966021,55.0,110.0,48.0,64.0,158.0,1.0
2023-10-06,2023,-0.005238078553659653,22.0,39.0,8.0,9.0,47.0,1.0
2023-10-11,2023,0.012897457712662375,273.0,-92.0,7.0,6.0,-85.0,1.0
2023-10-12,2023,0.007334705743336389,58.0,-10.0,87.0,84.0,77.0,1.0
2023-10-13,2023,0.0030498921655364164,-101.0,43.0,-22.0,-22.0,21.0,-1.0
2023-10-16,2023,-0.02695413991917983,-112.0,-6.0,-5.0,7.0,-11.0,-1.0
2023-10-17,2023,0.014347069334515128,109.0,-13.0,-90.0,-100.0,-103.0,1.0
2023-10-18,2023,-0.007951440538356835,-4.0,-118.0,-65.0,-68.0,-183.0,-1.0
2023-10-19,2023,-0.017616112080030888,-115.0,96.0,13.0,12.0,109.0,-1.0
2023-10-20,2023,-0.013382355095284737,-3.0,-158.0,116.0,122.0,-42.0,-1.0
2023-10-23,2023,-0.015330619371275334,-65.0,-24.0,-68.0,-56.0,-92.0,-1.0
2023-10-24,2023,-0.005307375442532569,14.0,-87.0,149.0,153.0,62.0,1.0
2023-10-25,2023,0.013763665136696801,32.0,94.0,-103.0,-77.0,-9.0,1.0
2023-10-26,2023,-0.04129858789332341,-205.0,-14.0,-72.0,-90.0,-86.0,-1.0
2023-10-27,2023,-0.005433833254310905,73.0,20.0,-5.0,-11.0,15.0,1.0
2023-10-30,2023,0.01212826415591417,-39.0,96.0,-50.0,-60.0,46.0,1.0
2023-10-31,2023,-0.012986932499558512,26.0,-7.0,-184.0,-190.0,-191.0,-1.0
2023-11-01,2023,0.009641527323416499,98.0,-44.0,-1.0,11.0,-45.0,1.0
2023-11-02,2023,0.02334035057169248,194.0,106.0,44.0,41.0,150.0,1.0
2023-11-03,2023,0.02357677874170072,102.0,5.0,12.0,15.0,17.0,1.0
2023-11-06,2023,0.025539254395079203,163.0,18.0,-20.0,-24.0,-2.0,1.0
2023-11-07,2023,-0.0028020853536041557,-43.0,51.0,27.0,5.0,78.0,1.0
2023-11-08,2023,0.007712873270264042,22.0,32.0,-12.0,-14.0,20.0,1.0
2023-11-09,2023,0.0003485565151262193,-40.0,29.0,26.0,32.0,55.0,1.0
2023-11-10,2023,-0.005854285031402284,-98.0,9.0,57.0,21.0,66.0,-1.0
2023-11-13,2023,0.04037841000596676,232.0,-69.0,-22.0,-26.0,-91.0,1.0
2023-11-14,2023,-0.009741796455199903,90.0,-17.0,1.0,-9.0,-16.0,1.0
2023-11-15,2023,0.0362184578618121,251.0,-44.0,10.0,13.0,-34.0,1.0
2023-11-16,2023,0.0071956305266214216,35.0,-65.0,52.0,32.0,-13.0,1.0
2023-11-17,2023,0.003235374142329439,-33.0,77.0,-11.0,-21.0,66.0,1.0
2023-11-20,2023,0.006592196772374548,2.0,-33.0,9.0,9.0,-24.0,-1.0
2023-11-21,2023,0.015248156002827695,87.0,115.0,12.0,2.0,127.0,1.0
2023-11-22,2023,-0.019186454394728103,-110.0,25.0,-41.0,-31.0,-16.0,-1.0
2023-11-23,2023,0.003260295918066758,-19.0,18.0,20.0,8.0,38.0,1.0
2023-11-24,2023,0.003260295918066758,31.0,-40.0,-6.0,-1.0,-46.0,-1.0
2023-11-27,2023,0.0007930658805432866,-30.0,19.0,-107.0,-125.0,-88.0,-1.0
2023-11-28,2023,-0.002299936231466404,54.0,56.0,81.0,69.0,137.0,1.0
2023-11-29,2023,-0.005605312210006708,-23.0,56.0,-56.0,-61.0,0.0,-1.0
2023-11-30,2023,0.009415466537577188,60.0,-106.0,100.0,101.0,-6.0,1.0
2023-12-01,2023,-0.00766779632116299,-51.0,38.0,43.0,33.0,81.0,1.0
2023-12-04,2023,0.0036755822132965577,42.0,-39.0,-9.0,-7.0,-48.0,-1.0
2023-12-05,2023,-0.011992178200076475,-137.0,16.0,13.0,6.0,29.0,-1.0
2023-12-06,2023,-0.005696586380176782,52.0,73.0,-55.0,-60.0,18.0,1.0
2023-12-07,2023,-0.0072377736629996026,-59.0,5.0,-55.0,-60.0,-50.0,-1.0
2023-12-08,2023,0.027900444893055543,136.0,-15.0,-18.0,-15.0,-33.0,1.0
2023-12-11,2023,0.007105994865965526,58.0,-52.0,36.0,28.0,-16.0,1.0
2023-12-12,2023,0.03397303248131367,103.0,-32.0,-26.0,-42.0,-58.0,1.0
2023-12-13,2023,0.007121276961041811,34.0,5.0,-43.0,-51.0,-38.0,-1.0
2023-12-14,2023,0.01546239612435052,143.0,77.0,-13.0,-27.0,64.0,1.0
2023-12-15,2023,0.02669038700058901,103.0,-26.0,-68.0,-51.0,-94.0,1.0
2023-12-18,2023,0.004766355824447732,-8.0,-19.0,8.0,10.0,-11.0,-1.0
2023-12-19,2023,-0.0032086470731115257,-59.0,-51.0,32.0,38.0,-19.0,-1.0
2023-12-20,2023,0.005304852343809063,15.0,52.0,16.0,27.0,68.0,1.0
2023-12-21,2023,-0.02857793851016599,-219.0,46.0,45.0,46.0,91.0,-1.0
2023-12-22,2023,0.027679493769431573,35.0,2.0,-9.0,-3.0,-7.0,1.0
2023-12-25,2023,0.0034623499789976364,74.0,-8.0,-4.0,-8.0,-12.0,1.0
2023-12-26,2023,0.0034623499789976364,28.0,53.0,31.0,25.0,84.0,1.0
2023-12-27,2023,0.01805049784047319,25.0,51.0,48.0,54.0,99.0,1.0
2023-12-28,2023,0.0016969898632188674,-7.0,18.0,-5.0,-10.0,13.0,1.0
2023-12-29,2023,-0.001402271632590546,-12.0,33.0,-13.0,-9.0,20.0,1.0
2024-01-02,2024,-0.007890835131205032,-30.0,-32.0,-11.0,-14.0,-43.0,-1.0
2024-01-03,2024,-0.036506069975356104,-140.0,-73.0,-42.0,-40.0,-115.0,-1.0
2024-01-04,2024,-0.02034033964365256,-10.0,24.0,-9.0,-9.0,15.0,1.0
2024-01-05,2024,-0.008210676416633533,29.0,-20.0,-42.0,-43.0,-62.0,-1.0
2024-01-08,2024,0.006303644294357591,55.0,68.0,-41.0,-49.0,27.0,1.0
2024-01-09,2024,0.03279276164423961,173.0,-155.0,-71.0,-55.0,-226.0,-1.0
2024-01-10,2024,0.0005341564758472028,-34.0,-31.0,-21.0,-17.0,-52.0,-1.0
2024-01-11,2024,-0.0038896337938075787,31.0,17.0,68.0,65.0,85.0,1.0
2024-01-12,2024,0.004707521166556372,-104.0,60.0,-44.0,-27.0,16.0,-1.0
2024-01-15,2024,-0.0038029450084811067,82.0,-30.0,17.0,31.0,-13.0,1.0
2024-01-16,2024,-0.0038029450084811067,-65.0,-130.0,-28.0,-6.0,-158.0,-1.0
2024-01-17,2024,0.013204423025197087,9.0,-32.0,-74.0,-81.0,-106.0,-1.0
2024-01-18,2024,-0.00876534971285503,0.0,16.0,27.0,9.0,43.0,1.0
2024-01-19,2024,0.03355569478740539,256.0,46.0,97.0,88.0,143.0,1.0
2024-01-22,2024,0.04020663160997673,149.0,-9.0,0.0,-16.0,-9.0,1.0
2024-01-23,2024,0.0025024853450346107,-20.0,56.0,16.0,21.0,72.0,1.0
2024-01-24,2024,0.006533533944284908,33.0,25.0,-31.0,-40.0,-6.0,1.0
2024-01-25,2024,0.01541698563617988,129.0,-31.0,4.0,-3.0,-27.0,1.0
2024-01-26,2024,-0.0024691468172094444,-48.0,40.0,9.0,-8.0,49.0,1.0
2024-01-29,2024,-0.029103853532665758,21.0,82.0,22.0,20.0,104.0,1.0
2024-01-30,2024,0.01063310379770166,7.0,-12.0,-39.0,-29.0,-51.0,-1.0
2024-01-31,2024,-0.015559662463795698,-97.0,-47.0,-17.0,-12.0,-64.0,-1.0
2024-02-01,2024,-0.013673642763061933,59.0,-77.0,88.0,69.0,11.0,1.0
2024-02-02,2024,0.004590557907681703,110.0,-57.0,42.0,46.0,-15.0,1.0
2024-02-05,2024,0.013141049601913757,-70.0,27.0,45.0,43.0,72.0,1.0
2024-02-15,2024,0.02176053784762466,492.0,-4.0,93.0,87.0,89.0,1.0
2024-02-16,2024,-0.0016011705410904353,-1.0,18.0,-49.0,-36.0,-31.0,-1.0
2024-02-19,2024,-0.006673833395493767,40.0,-15.0,11.0,6.0,-4.0,1.0
2024-02-20,2024,-0.006673833395493767,-37.0,65.0,56.0,44.0,121.0,1.0
2024-02-21,2024,-0.015639356138243077,-4.0,-27.0,-34.0,-36.0,-61.0,-1.0
2024-02-22,2024,-0.0023581571820583402,147.0,-37.0,87.0,84.0,50.0,1.0
2024-02-23,2024,0.049705826788654095,103.0,-38.0,-41.0,-40.0,-79.0,1.0
2024-02-26,2024,-0.01121402417207129,4.0,25.0,24.0,31.0,49.0,1.0
2024-02-27,2024,0.010496139786740466,-9.0,-16.0,-72.0,-57.0,-88.0,-1.0
2024-02-29,2024,-0.011233348156454825,-56.0,35.0,120.0,112.0,155.0,1.0
2024-03-01,2024,0.0270108199713206,3.0,3.0,-13.0,-19.0,-10.0,-1.0
2024-03-04,2024,0.04287358364431815,189.0,140.0,26.0,2.0,166.0,1.0
2024-03-05,2024,0.010627680248621596,58.0,17.0,2.0,-3.0,19.0,1.0
2024-03-06,2024,-0.020501929959433784,-112.0,131.0,98.0,83.0,229.0,1.0
2024-03-07,2024,0.024201662762842302,182.0,-24.0,39.0,33.0,15.0,1.0
2024-03-08,2024,0.03359390787786132,223.0,31.0,-165.0,-170.0,-134.0,1.0
2024-03-11,2024,-0.040274263767874685,-100.0,55.0,-36.0,-26.0,19.0,-1.0
2024-03-12,2024,-0.01363110101698739,0.0,67.0,175.0,155.0,242.0,1.0
2024-03-13,2024,0.020921434706147046,37.0,-37.0,-27.0,-16.0,-64.0,-1.0
2024-03-14,2024,-0.024749074113021408,-28.0,24.0,14.0,3.0,38.0,1.0
2024-03-15,2024,-0.017519177646104445,-111.0,9.0,-110.0,-73.0,-101.0,-1.0
2024-03-18,2024,-0.005422637525738683,60.0,10.0,122.0,108.0,132.0,1.0
2024-03-19,2024,-2.3120366731022024e-05,-102.0,-13.0,64.0,66.0,51.0,-1.0
2024-03-20,2024,-0.009414410627206937,-11.0,-8.0,-18.0,-14.0,-26.0,-1.0
2024-03-21,2024,0.015992581920340587,213.0,54.0,168.0,141.0,222.0,1.0
2024-03-22,2024,0.02291058397971657,-50.0,-45.0,70.0,59.0,25.0,-1.0
2024-03-25,2024,0.002119284261762333,10.0,-33.0,9.0,23.0,-24.0,-1.0
2024-03-26,2024,-0.003416689417431118,49.0,-11.0,-76.0,-83.0,-87.0,-1.0
2024-03-27,2024,-0.008097737090334345,-6.0,31.0,48.0,35.0,79.0,1.0
2024-03-28,2024,0.009907499773283757,-22.0,-65.0,29.0,35.0,-36.0,-1.0
2024-03-29,2024,0.0010734803416361238,17.0,52.0,7.0,-7.0,59.0,1.0
2024-04-01,2024,0.0010734803416361238,115.0,-89.0,-16.0,-23.0,-105.0,1.0
2024-04-02,2024,0.011597872466214465,66.0,93.0,74.0,53.0,167.0,1.0
2024-04-03,2024,-0.015146812841337454,-147.0,-77.0,53.0,65.0,-24.0,-1.0
2024-04-08,2024,0.013258846064082341,54.0,68.0,-22.0,-19.0,46.0,1.0
2024-04-09,2024,0.0012989896516590882,88.0,126.0,208.0,199.0,334.0,1.0
2024-04-10,2024,0.00941271068245264,-52.0,41.0,-12.0,-31.0,29.0,-1.0
2024-04-11,2024,-0.016518813092688878,-145.0,26.0,21.0,10.0,47.0,-1.0
2024-04-12,2024,0.02421952466938726,-6.0,-9.0,15.0,24.0,6.0,0.0
2024-04-15,2024,-0.032879705362620415,-224.0,41.0,-62.0,-64.0,-21.0,-1.0
2024-04-16,2024,-0.013898694428931213,-225.0,-254.0,-85.0,-93.0,-339.0,-1.0
2024-04-17,2024,0.008854266846188175,26.0,105.0,110.0,117.0,215.0,1.0
2024-04-18,2024,-0.03245821973380092,-116.0,76.0,211.0,163.0,287.0,1.0
2024-04-19,2024,-0.016552412689307405,-495.0,-205.0,-112.0,-105.0,-317.0,-1.0
2024-04-22,2024,-0.04115136551558318,84.0,12.0,-110.0,-144.0,-98.0,-1.0
2024-04-23,2024,0.017425647860279003,119.0,-57.0,89.0,83.0,32.0,1.0
2024-04-24,2024,0.022109029831671956,248.0,198.0,45.0,37.0,243.0,1.0
2024-04-25,2024,0.010583191926408775,-234.0,-60.0,-2.0,-6.0,-62.0,-1.0
2024-04-26,2024,0.0196279439706597,251.0,124.0,-73.0,-90.0,51.0,1.0
2024-04-29,2024,0.026056112189710268,168.0,208.0,-1.0,-30.0,207.0,1.0
2024-04-30,2024,0.006440999389689006,-49.0,15.0,-103.0,-57.0,-88.0,-1.0
2024-05-02,2024,-0.035439625104315975,-156.0,70.0,-31.0,-29.0,39.0,-1.0
2024-05-03,2024,0.021667465303659483,252.0,-86.0,-83.0,-100.0,-169.0,1.0
2024-05-06,2024,0.024067660438402916,305.0,-2.0,-83.0,-88.0,-85.0,1.0
2024-05-07,2024,0.022106827757151448,127.0,-98.0,15.0,24.0,-83.0,1.0
2024-05-08,2024,-0.007378979140951536,-29.0,24.0,83.0,84.0,107.0,1.0
2024-05-09,2024,0.001149454113791748,-4.0,17.0,-125.0,-111.0,-108.0,-1.0
2024-05-10,2024,-0.006389889737348553,119.0,-83.0,168.0,140.0,85.0,1.0
2024-05-13,2024,0.010139145378873282,123.0,-25.0,-31.0,-34.0,-56.0,1.0
2024-05-14,2024,0.0031322599900582837,0.0,48.0,81.0,72.0,129.0,1.0
2024-05-15,2024,0.016761039084902007,181.0,95.0,-39.0,-70.0,56.0,1.0
2024-05-16,2024,0.02878303727826448,219.0,11.0,-106.0,-117.0,-95.0,1.0
2024-05-17,2024,-0.005458783606999251,-71.0,104.0,-71.0,-86.0,33.0,-1.0
2024-05-20,2024,-0.006879865432064203,103.0,-91.0,-44.0,-18.0,-135.0,-1.0
2024-05-21,2024,0.021539146943018395,28.0,-128.0,76.0,90.0,-52.0,-1.0
2024-05-22,2024,-0.0031333798265346102,13.0,153.0,139.0,134.0,292.0,1.0
2024-05-23,2024,0.010328314677597428,36.0,-22.0,8.0,14.0,-14.0,1.0
2024-05-24,2024,-0.00016189404327460188,-155.0,115.0,4.0,20.0,119.0,-1.0
2024-05-27,2024,0.018521336407867572,104.0,235.0,-36.0,-52.0,199.0,1.0
2024-05-28,2024,0.018521336407867572,12.0,50.0,15.0,24.0,65.0,1.0
2024-05-29,2024,0.01856952414516977,-84.0,-34.0,-108.0,-88.0,-142.0,-1.0
2024-05-30,2024,-0.018531855799408414,-215.0,14.0,-129.0,-124.0,-115.0,-1.0
2024-05-31,2024,-0.00882490439367567,117.0,56.0,-282.0,-297.0,-226.0,-1.0
2024-06-03,2024,-0.009645755287768343,186.0,87.0,98.0,79.0,185.0,1.0
2024-06-04,2024,0.005689625558227496,-87.0,-85.0,-161.0,-143.0,-246.0,-1.0
2024-06-05,2024,-0.007033465243153292,21.0,34.0,87.0,66.0,121.0,1.0
2024-06-06,2024,0.04518330737040843,356.0,52.0,3.0,12.0,55.0,1.0
2024-06-07,2024,-0.008557365767544733,-40.0,3.0,59.0,-2.0,62.0,1.0
2024-06-11,2024,0.014215356216097597,23.0,3.0,-123.0,-125.0,-120.0,-1.0
2024-06-12,2024,0.0005557213188125409,30.0,55.0,163.0,153.0,218.0,1.0
2024-06-13,2024,0.028980239983002143,262.0,101.0,-89.0,-82.0,12.0,1.0
2024-06-14,2024,0.014771222651502436,-54.0,73.0,169.0,137.0,242.0,1.0
2024-06-17,2024,-0.000733611546438806,-95.0,120.0,-60.0,-67.0,60.0,-1.0
2024-06-18,2024,0.016038768842740136,250.0,-23.0,82.0,84.0,59.0,1.0
2024-06-19,2024,0.01354054956839712,90.0,101.0,155.0,126.0,256.0,1.0
2024-06-20,2024,0.01354054956839712,13.0,34.0,203.0,167.0,237.0,1.0
2024-06-21,2024,-0.026904903974245054,-346.0,165.0,5.0,5.0,170.0,-1.0
2024-06-24,2024,-0.012739727736670758,-154.0,-238.0,-63.0,-72.0,-301.0,-1.0
2024-06-25,2024,-0.030155961679431686,-155.0,36.0,119.0,123.0,155.0,0.0
2024-06-26,2024,0.017898099606814988,58.0,176.0,-112.0,-121.0,64.0,1.0
2024-06-27,2024,-0.0028055877651500527,-258.0,107.0,74.0,89.0,181.0,-1.0
2024-06-28,2024,-0.005727836957478583,129.0,109.0,-50.0,-62.0,59.0,1.0
2024-07-01,2024,0.009439061148219352,-20.0,155.0,-127.0,-117.0,28.0,1.0
2024-07-02,2024,0.0008935978919129006,-131.0,90.0,-116.0,-120.0,-26.0,-1.0
2024-07-03,2024,0.012386003669791812,242.0,-57.0,168.0,129.0,111.0,1.0
2024-07-04,2024,0.01924800585753994,299.0,97.0,39.0,26.0,136.0,1.0
2024-07-05,2024,0.01924800585753994,27.0,-25.0,-50.0,-83.0,-75.0,-1.0
2024-07-08,2024,0.0008121421443383348,-28.0,267.0,100.0,102.0,367.0,1.0
2024-07-09,2024,0.019252834445071088,26.0,-208.0,150.0,138.0,-58.0,-1.0
2024-07-10,2024,-1.7345421936543204e-06,-131.0,-38.0,292.0,274.0,254.0,1.0
2024-07-11,2024,0.024169152848123154,260.0,39.0,69.0,45.0,108.0,1.0
2024-07-12,2024,-0.034698723355248706,-321.0,-210.0,-26.0,10.0,-236.0,-1.0
2024-07-15,2024,0.013251667643332965,266.0,-174.0,-56.0,-76.0,-230.0,1.0
2024-07-16,2024,0.00043634928028346565,-24.0,164.0,7.0,-25.0,171.0,1.0
2024-07-17,2024,0.004555438054177019,28.0,-102.0,-152.0,-157.0,-254.0,-1.0
2024-07-18,2024,-0.06811129508289926,-485.0,66.0,40.0,44.0,106.0,-1.0
2024-07-19,2024,0.005123217920724121,-242.0,-194.0,-43.0,-34.0,-237.0,-1.0
2024-07-22,2024,-0.031134459809948445,-57.0,-538.0,54.0,74.0,-484.0,-1.0
2024-07-23,2024,0.03999688636760612,232.0,162.0,66.0,89.0,228.0,1.0
2024-07-26,2024,-0.019642944581003352,-782.0,-36.0,75.0,111.0,39.0,-1.0
2024-07-29,2024,0.01953306055908066,331.0,11.0,-173.0,-196.0,-162.0,1.0
2024-07-30,2024,-0.0030393111678519436,-331.0,-58.0,381.0,371.0,323.0,-1.0
2024-07-31,2024,-0.03881382650433807,-220.0,38.0,222.0,174.0,260.0,1.0
2024-08-01,2024,0.07014713250104809,428.0,-165.0,99.0,86.0,-66.0,1.0
2024-08-02,2024,-0.07138871584772555,-660.0,-33.0,-431.0,-345.0,-464.0,-1.0
2024-08-05,2024,-0.051821244179035664,-862.0,-702.0,-590.0,-487.0,-1292.0,-1.0
2024-08-06,2024,-0.019165494730628452,1027.0,-388.0,416.0,428.0,28.0,1.0
2024-08-07,2024,0.010647313279270598,60.0,662.0,-15.0,72.0,647.0,1.0
2024-08-08,2024,-0.030935486484060304,-449.0,145.0,-136.0,-30.0,9.0,-1.0
2024-08-09,2024,0.06862211297548493,604.0,159.0,19.0,-37.0,178.0,1.0
2024-08-12,2024,-0.004346713854727624,117.0,132.0,-56.0,-31.0,76.0,1.0
2024-08-13,2024,0.00729809213390098,179.0,-116.0,36.0,37.0,-80.0,1.0
2024-08-14,2024,0.041841806813918136,372.0,-65.0,-91.0,-83.0,-156.0,1.0
2024-08-15,2024,-0.001812917441439299,3.0,-25.0,-123.0,-62.0,-148.0,-1.0
2024-08-16,2024,0.048654565356198054,503.0,-36.0,57.0,56.0,21.0,1.0
2024-08-19,2024,-0.0006050203155384404,40.0,-11.0,-34.0,-26.0,-45.0,-1.0
2024-08-20,2024,0.018629660074464427,192.0,-54.0,-63.0,-78.0,-117.0,1.0
2024-08-21,2024,-0.013342649960030872,-145.0,-8.0,-77.0,-45.0,-85.0,-1.0
2024-08-22,2024,0.013784808421376749,40.0,-74.0,-68.0,-76.0,-142.0,-1.0
2024-08-23,2024,-0.03436454167006786,-155.0,-47.0,230.0,224.0,183.0,1.0
2024-08-26,2024,0.02786569423420948,112.0,164.0,-200.0,-222.0,-36.0,1.0
2024-08-27,2024,-0.025111644497145424,-87.0,-14.0,47.0,52.0,33.0,-1.0
2024-08-28,2024,0.011041031124015444,30.0,-75.0,292.0,285.0,217.0,1.0
2024-08-29,2024,-0.018253153602412198,-441.0,41.0,175.0,178.0,216.0,-1.0
2024-08-30,2024,-0.0059906395022493175,126.0,-37.0,58.0,29.0,21.0,1.0
2024-09-02,2024,0.025763284784013463,1.0,-21.0,-81.0,-79.0,-102.0,-1.0
2024-09-03,2024,0.025763284784013463,-13.0,91.0,-241.0,-211.0,-150.0,-1.0
2024-09-04,2024,-0.07750221949980807,-822.0,6.0,-302.0,-224.0,-296.0,-1.0
2024-09-05,2024,0.002490018911536218,360.0,88.0,-204.0,-253.0,-116.0,1.0
2024-09-06,2024,-0.005959105819717703,24.0,113.0,-7.0,40.0,106.0,1.0
2024-09-09,2024,-0.045166813567756536,-584.0,253.0,96.0,101.0,349.0,-1.0
2024-09-10,2024,0.02154488960342027,154.0,-108.0,-127.0,-61.0,-235.0,-1.0
2024-09-11,2024,0.011866106905213947,108.0,-43.0,-58.0,-93.0,-101.0,1.0
2024-09-12,2024,0.0490314420798732,584.0,88.0,32.0,9.0,120.0,1.0
2024-09-13,2024,-0.0023889193245856255,70.0,-89.0,129.0,100.0,40.0,1.0
2024-09-16,2024,0.016750230685687706,1.0,-30.0,22.0,45.0,-8.0,-1.0
2024-09-18,2024,0.00033805524555852173,-50.0,86.0,-153.0,-155.0,-67.0,-1.0
2024-09-19,2024,-0.010751002626168127,75.0,3.0,298.0,277.0,301.0,1.0
2024-09-20,2024,0.04267290077356978,271.0,-23.0,-103.0,-127.0,-126.0,1.0
2024-09-23,2024,-0.013142806390810335,82.0,15.0,23.0,23.0,38.0,1.0
2024-09-24,2024,0.005149938200741611,-33.0,-89.0,281.0,283.0,192.0,1.0
2024-09-25,2024,0.013126242337055949,338.0,-44.0,0.0,45.0,-44.0,1.0
2024-09-26,2024,0.008001131235049641,233.0,26.0,-93.0,-94.0,-67.0,1.0
2024-09-27,2024,0.034676922837124646,235.0,-112.0,-193.0,-153.0,-305.0,-1.0
2024-09-30,2024,-0.017563317954994884,-208.0,-57.0,-293.0,-288.0,-350.0,-1.0
2024-10-01,2024,-0.00846617841268238,-77.0,163.0,-22.0,-32.0,141.0,1.0
2024-10-04,2024,0.005100800125509952,-66.0,80.0,-119.0,-90.0,-39.0,-1.0
2024-10-07,2024,0.01592715225327357,276.0,100.0,113.0,118.0,213.0,1.0
2024-10-08,2024,-0.0019282328629264267,-168.0,-109.0,82.0,93.0,-27.0,-1.0
2024-10-09,2024,0.013335129310344973,188.0,92.0,-160.0,-187.0,-68.0,1.0
2024-10-11,2024,-0.005253762753903657,124.0,179.0,-91.0,-75.0,88.0,1.0
2024-10-14,2024,0.007933599549673875,89.0,-106.0,113.0,119.0,7.0,1.0
2024-10-15,2024,0.018041807066796256,155.0,155.0,-90.0,-31.0,65.0,1.0
2024-10-16,2024,-0.05283300903315591,-278.0,114.0,-2.0,8.0,112.0,-1.0
2024-10-17,2024,0.0020698863603234585,73.0,-33.0,158.0,61.0,125.0,1.0
2024-10-18,2024,0.009494051428859729,572.0,-62.0,-110.0,-163.0,-172.0,1.0
2024-10-21,2024,0.0007320151936380803,150.0,-106.0,-133.0,-105.0,-239.0,-1.0
2024-10-22,2024,0.0012652103628216782,-4.0,-105.0,164.0,112.0,59.0,1.0
2024-10-23,2024,-0.004697797404131343,-116.0,-84.0,-23.0,-22.0,-107.0,-1.0
2024-10-24,2024,-0.011431962101523752,-27.0,-38.0,-37.0,-77.0,-75.0,-1.0
2024-10-25,2024,0.005113644114534743,-29.0,75.0,130.0,87.0,205.0,1.0
2024-10-28,2024,0.010706509410366438,167.0,-251.0,-73.0,-59.0,-324.0,-1.0
2024-10-29,2024,-0.0002225278783309914,-175.0,-344.0,175.0,156.0,-169.0,-1.0
2024-10-30,2024,0.023121187642348717,100.0,49.0,-224.0,-232.0,-175.0,-1.0
2024-11-01,2024,-0.04011650357330654,-495.0,169.0,180.0,187.0,349.0,-1.0
2024-11-04,2024,0.011053722140799582,35.0,130.0,115.0,92.0,245.0,1.0
2024-11-05,2024,-0.005484431452604577,-224.0,269.0,61.0,16.0,330.0,1.0
2024-11-06,2024,0.016853638922396552,118.0,-142.0,204.0,131.0,62.0,1.0
2024-11-07,2024,0.031187287828970067,-139.0,241.0,110.0,57.0,351.0,1.0
2024-11-08,2024,0.022705092636087665,232.0,-27.0,39.0,-115.0,12.0,1.0
2024-11-11,2024,-0.008149621577843158,-219.0,-159.0,175.0,198.0,16.0,-1.0
2024-11-12,2024,-0.025352895367563133,-559.0,128.0,-277.0,-212.0,-149.0,-1.0
2024-11-13,2024,-0.009260354627947054,-104.0,164.0,-147.0,-55.0,17.0,-1.0
2024-11-14,2024,-0.020034686335306584,-2.0,-6.0,-94.0,-54.0,-100.0,-1.0
2024-11-15,2024,-0.0003395728173957169,32.0,108.0,-59.0,10.0,49.0,1.0
2024-11-18,2024,-0.034168633194727294,-106.0,-61.0,-15.0,-8.0,-76.0,-1.0
2024-11-19,2024,0.011415945498066682,54.0,116.0,107.0,95.0,223.0,1.0
2024-11-20,2024,0.00621628753244674,97.0,-70.0,-103.0,-93.0,-173.0,-1.0
2024-11-21,2024,-0.007096740093837095,-122.0,-75.0,-9.0,29.0,-84.0,-1.0
2024-11-22,2024,0.016133490300455522,234.0,118.0,113.0,53.0,231.0,1.0
2024-11-25,2024,-0.0014607952770977484,216.0,-111.0,-78.0,-111.0,-189.0,1.0
2024-11-26,2024,0.006481294644658853,-330.0,7.0,-102.0,-56.0,-95.0,-1.0
2024-11-27,2024,-0.012101236587595543,-27.0,-85.0,-183.0,-141.0,-268.0,-1.0
2024-11-28,2024,-0.01512919172978111,-30.0,-165.0,188.0,148.0,23.0,-1.0
2024-11-29,2024,-0.01512919172978111,-115.0,53.0,32.0,61.0,85.0,-1.0
2024-12-02,2024,0.015155542642607323,225.0,209.0,85.0,40.0,294.0,1.0
2024-12-03,2024,0.026135883862167475,325.0,-108.0,69.0,18.0,-39.0,1.0
2024-12-04,2024,-0.003849410126361974,89.0,-40.0,135.0,117.0,95.0,1.0
2024-12-05,2024,0.01706163396123017,-27.0,-27.0,15.0,36.0,-12.0,-1.0
2024-12-06,2024,-0.018628289383768926,74.0,-80.0,-76.0,-29.0,-156.0,-1.0
2024-12-09,2024,0.0069493491326744206,29.0,20.0,28.0,10.0,48.0,1.0
2024-12-10,2024,-0.008389149032857146,-13.0,-116.0,-32.0,-26.0,-148.0,-1.0
2024-12-11,2024,-0.024734799276326824,-211.0,148.0,-177.0,-149.0,-29.0,-1.0
2024-12-12,2024,0.027192677794348974,163.0,97.0,0.0,-35.0,97.0,1.0
2024-12-13,2024,-0.009071562114642662,-128.0,-29.0,32.0,53.0,3.0,-1.0
2024-12-16,2024,0.03363781790738618,232.0,18.0,-275.0,-273.0,-257.0,-1.0
2024-12-17,2024,0.020637774817565235,152.0,66.0,-143.0,-112.0,-77.0,1.0
2024-12-18,2024,-0.01641343515865501,-33.0,88.0,91.0,42.0,179.0,1.0
2024-12-19,2024,-0.03845610750146533,-432.0,55.0,45.0,87.0,100.0,-1.0
2024-12-20,2024,-0.015592498863403081,-74.0,-84.0,-58.0,-33.0,-142.0,-1.0
2024-12-23,2024,0.014599047301812274,265.0,226.0,115.0,42.0,341.0,1.0
2024-12-24,2024,0.03098545592971469,199.0,-109.0,-114.0,-112.0,-223.0,-1.0
2024-12-25,2024,0.010707692307692307,119.0,-13.0,7.0,-5.0,-6.0,1.0
2024-12-26,2024,0.010707692307692307,32.0,-56.0,20.0,0.0,-36.0,-1.0
2024-12-27,2024,0.0003382583752773449,-123.0,75.0,100.0,95.0,175.0,1.0
2024-12-30,2024,-0.010113403834746126,-167.0,97.0,-136.0,-126.0,-39.0,-1.0
2024-12-31,2024,-0.01882892150451787,-167.0,-2.0,42.0,74.0,40.0,-1.0
2025-01-02,2025,-0.009266867070790608,-104.0,-75.0,-18.0,-21.0,-93.0,-1.0
2025-01-03,2025,0.008347506892667056,73.0,51.0,9.0,3.0,60.0,1.0
2025-01-06,2025,0.02830827441999406,255.0,188.0,185.0,151.0,373.0,1.0
2025-01-07,2025,0.028369467334153242,369.0,-47.0,-175.0,-171.0,-222.0,1.0
2025-01-08,2025,-0.018434542215459593,-204.0,31.0,-130.0,-111.0,-99.0,-1.0
2025-01-09,2025,-0.009573600652309389,-179.0,73.0,-244.0,-245.0,-171.0,-1.0
2025-01-10,2025,-0.009573600652309389,-24.0,-27.0,-1.0,7.0,-28.0,-1.0
2025-01-13,2025,-0.02419053338111521,-71.0,-447.0,0.0,-14.0,-447.0,-1.0
2025-01-14,2025,-0.0034600702336688993,50.0,80.0,91.0,59.0,171.0,1.0
2025-01-15,2025,0.005161313455669614,32.0,-93.0,-175.0,-126.0,-268.0,-1.0
2025-01-16,2025,0.02134781359307958,517.0,-7.0,7.0,25.0,0.0,1.0
2025-01-17,2025,0.0018025989246497343,244.0,-279.0,196.0,165.0,-83.0,1.0
2025-01-20,2025,0.02842942808001614,66.0,75.0,10.0,7.0,85.0,1.0
2025-01-21,2025,0.02842942808001614,77.0,-125.0,68.0,76.0,-57.0,1.0
2025-01-22,2025,0.012949786618553949,230.0,80.0,25.0,-11.0,105.0,1.0
2025-02-03,2025,-0.0029181815832525215,-986.0,-94.0,-26.0,72.0,-120.0,-1.0
2025-02-04,2025,-0.018150463032187925,323.0,-56.0,-38.0,-105.0,-94.0,1.0
2025-02-05,2025,0.010514111204290133,244.0,124.0,-56.0,-10.0,68.0,1.0
2025-02-06,2025,0.023090107885118005,225.0,-40.0,-25.0,-33.0,-65.0,1.0
2025-02-07,2025,0.00021408229401953527,-5.0,65.0,74.0,91.0,139.0,1.0
2025-02-10,2025,-0.016347281049524875,-110.0,-55.0,-21.0,-4.0,-76.0,-1.0
2025-02-11,2025,0.014638654992473965,140.0,65.0,-108.0,-92.0,-43.0,1.0
2025-02-12,2025,-0.000531216860429673,85.0,61.0,-175.0,-173.0,-114.0,-1.0
2025-02-13,2025,0.002129933838191933,122.0,-84.0,52.0,59.0,-32.0,1.0
2025-02-14,2025,0.012886015726439437,-65.0,-132.0,-25.0,-26.0,-157.0,-1.0
2025-02-17,2025,0.0008824002839193934,114.0,165.0,44.0,54.0,209.0,1.0
2025-02-18,2025,0.0008824002839193934,53.0,-20.0,115.0,101.0,95.0,1.0
2025-02-19,2025,0.016841893143497044,-80.0,74.0,-33.0,-39.0,41.0,-1.0
2025-02-20,2025,0.011781945402506988,-96.0,-127.0,146.0,129.0,19.0,-1.0
2025-02-21,2025,0.00017703481747521899,-4.0,86.0,132.0,133.0,218.0,1.0
2025-02-24,2025,-0.032772006334464976,-203.0,-72.0,82.0,76.0,10.0,-1.0
2025-02-25,2025,-0.025902398283686345,-334.0,10.0,66.0,46.0,76.0,-1.0
2025-02-26,2025,-0.02291577563085334,-142.0,97.0,167.0,151.0,264.0,1.0
2025-02-27,2025,0.0208514015480028,-29.0,-57.0,-144.0,-178.0,-201.0,-1.0
2025-03-03,2025,0.017069397770310024,-540.0,43.0,31.0,38.0,74.0,-1.0
2025-03-04,2025,-0.04014894844495731,-474.0,137.0,194.0,205.0,331.0,-1.0
2025-03-05,2025,0.006368883827974736,62.0,220.0,32.0,-4.0,252.0,1.0
2025-03-06,2025,0.020909933956056115,97.0,-161.0,-66.0,-72.0,-227.0,-1.0
2025-03-07,2025,-0.04529876893032869,-276.0,61.0,-26.0,-4.0,35.0,-1.0
2025-03-10,2025,0.031583052018226976,-67.0,-23.0,10.0,17.0,-13.0,-1.0
2025-03-11,2025,-0.04849241509507318,-581.0,91.0,79.0,72.0,170.0,-1.0
2025-03-12,2025,-0.007041853855426439,62.0,120.0,14.0,-41.0,134.0,1.0
2025-03-13,2025,0.024450911850976587,212.0,-64.0,-453.0,-405.0,-517.0,-1.0
2025-03-14,2025,-0.006199481368081572,200.0,-189.0,28.0,19.0,-161.0,1.0
2025-03-17,2025,0.03268406822897485,206.0,107.0,-119.0,-139.0,-12.0,1.0
2025-03-18,2025,0.014173293409788235,216.0,-145.0,3.0,18.0,-142.0,1.0
2025-03-19,2025,-0.016067856354136212,5.0,-68.0,-135.0,-140.0,-203.0,-1.0
2025-03-20,2025,0.009914949346593982,206.0,20.0,108.0,130.0,128.0,1.0
2025-03-21,2025,-0.00715498658979441,-46.0,-52.0,-90.0,-77.0,-142.0,-1.0
2025-03-24,2025,-0.009436320052506164,120.0,-64.0,-80.0,-97.0,-144.0,-1.0
2025-03-25,2025,0.02989721256266531,181.0,-18.0,-14.0,-14.0,-32.0,1.0
2025-03-26,2025,-0.007004358551580436,96.0,-65.0,-28.0,-24.0,-93.0,1.0
2025-03-27,2025,-0.032737367366465486,-274.0,-89.0,28.0,18.0,-61.0,-1.0
2025-03-28,2025,-0.02073528302807437,-242.0,-104.0,-21.0,-38.0,-125.0,-1.0
2025-03-31,2025,-0.029520412207689306,-741.0,127.0,-212.0,-208.0,-85.0,-1.0
2025-04-01,2025,-0.0033793008487925658,240.0,60.0,100.0,144.0,160.0,1.0
2025-04-02,2025,0.002817046526930378,83.0,69.0,-28.0,-47.0,41.0,1.0
2025-04-07,2025,-0.07602813783326356,-2135.0,0.0,0.0,0.0,0.0,-1.0
2025-04-08,2025,0.02704257767548901,-550.0,-189.0,-235.0,-200.0,-424.0,-1.0
2025-04-09,2025,-0.03572714109798503,-331.0,226.0,-884.0,-839.0,-658.0,-1.0
2025-04-10,2025,0.1873480889377872,1698.0,0.0,0.0,0.0,0.0,1.0
2025-04-11,2025,-0.0796960134264676,-339.0,505.0,463.0,461.0,968.0,1.0
2025-04-14,2025,0.02506870778003223,265.0,-146.0,-155.0,-165.0,-301.0,-1.0
2025-04-15,2025,0.003087022977273257,93.0,70.0,138.0,149.0,208.0,1.0
2025-04-16,2025,0.00466374568472383,-189.0,-84.0,-173.0,-157.0,-257.0,-1.0
2025-04-17,2025,-0.04095586900685988,-108.0,-89.0,217.0,153.0,128.0,1.0
2025-04-18,2025,-0.00640365864092074,-19.0,17.0,-31.0,-21.0,-14.0,-1.0
2025-04-21,2025,-0.00640365864092074,8.0,-194.0,-49.0,-88.0,-243.0,-1.0
2025-04-22,2025,-0.02102038633048664,-174.0,64.0,-194.0,-183.0,-130.0,-1.0
2025-04-23,2025,0.021359787414943376,443.0,134.0,182.0,185.0,316.0,1.0
2025-04-24,2025,0.039631528816168826,83.0,-108.0,-72.0,-96.0,-180.0,-1.0
2025-04-25,2025,0.056293801080342876,523.0,-55.0,-53.0,-65.0,-108.0,1.0
2025-04-28,2025,0.010317975186481698,97.0,18.0,-28.0,0.0,-10.0,1.0
2025-04-29,2025,-0.0037609282130768307,18.0,49.0,127.0,134.0,176.0,1.0
2025-04-30,2025,-0.009176932774894841,-65.0,81.0,-21.0,-18.0,60.0,-1.0
2025-05-02,2025,0.004153575928644404,318.0,51.0,156.0,173.0,207.0,1.0
2025-05-05,2025,0.035169952397319904,91.0,-403.0,49.0,51.0,-354.0,-1.0
2025-05-06,2025,-0.009294868150237057,-262.0,229.0,-40.0,-31.0,189.0,-1.0
2025-05-07,2025,-0.010325560468116723,94.0,-65.0,10.0,16.0,-55.0,1.0
2025-05-08,2025,0.01743366116162548,96.0,37.0,67.0,80.0,104.0,1.0
2025-05-09,2025,0.010049334755925177,74.0,-5.0,200.0,175.0,195.0,1.0
2025-05-12,2025,0.008139146450465429,158.0,102.0,-42.0,-33.0,60.0,1.0
2025-05-13,2025,0.07039740288816754,353.0,32.0,-94.0,-112.0,-62.0,1.0
2025-05-14,2025,0.031462497882211116,313.0,4.0,96.0,90.0,100.0,1.0
2025-05-15,2025,0.0059578006022689145,8.0,-54.0,-32.0,-11.0,-86.0,-1.0
2025-05-16,2025,-0.0057007738780380235,83.0,23.0,27.0,40.0,50.0,1.0
2025-05-19,2025,-0.0020801021804580655,-133.0,-61.0,-94.0,-102.0,-155.0,-1.0
2025-05-20,2025,-0.004973395988370988,249.0,-125.0,-121.0,-119.0,-246.0,1.0
2025-05-21,2025,-0.0014149469854279895,-68.0,88.0,117.0,136.0,205.0,1.0
2025-05-22,2025,-0.018007352610421967,-229.0,-25.0,75.0,77.0,50.0,-1.0
2025-05-23,2025,-0.005671797797493494,50.0,-87.0,5.0,10.0,-82.0,-1.0
2025-05-26,2025,-0.015305299792481186,-16.0,-15.0,-49.0,-52.0,-64.0,-1.0
2025-05-27,2025,-0.015305299792481186,9.0,-198.0,32.0,14.0,-166.0,-1.0
2025-05-28,2025,0.03375099417741656,182.0,-97.0,-65.0,-77.0,-162.0,1.0
2025-05-29,2025,-0.005486423826754905,249.0,-109.0,-67.0,-99.0,-176.0,1.0
2025-06-02,2025,-0.02107199288959094,-350.0,-110.0,6.0,-7.0,-104.0,-1.0
2025-06-03,2025,0.015705981009066727,160.0,155.0,-207.0,-216.0,-52.0,1.0
2025-06-04,2025,0.027234785703496245,294.0,171.0,36.0,63.0,207.0,1.0
2025-06-05,2025,0.013886846573913258,116.0,55.0,-91.0,-93.0,-36.0,1.0
2025-06-06,2025,-0.004456276634845602,23.0,-37.0,35.0,40.0,-2.0,1.0
2025-06-09,2025,0.005416171082356147,88.0,-22.0,81.0,70.0,59.0,1.0
2025-06-10,2025,0.019571025354997662,142.0,258.0,-12.0,3.0,246.0,1.0
2025-06-11,2025,0.020604828818726606,188.0,-41.0,89.0,71.0,48.0,1.0
2025-06-12,2025,-0.0019017644253696009,-29.0,-24.0,-43.0,-49.0,-67.0,-1.0
2025-06-13,2025,0.0031762837480147077,-282.0,150.0,-187.0,-152.0,-37.0,-1.0
2025-06-16,2025,-0.02608231808959538,111.0,-109.0,100.0,84.0,-9.0,1.0
2025-06-17,2025,0.030331126864153513,107.0,86.0,-64.0,-81.0,22.0,1.0
2025-06-18,2025,-0.008286978148197455,-451.0,117.0,99.0,82.0,216.0,-1.0
2025-06-19,2025,0.0052396312922957655,-110.0,-101.0,-15.0,-19.0,-116.0,-1.0
2025-06-20,2025,0.0052396312922957655,-74.0,-105.0,124.0,122.0,19.0,-1.0
2025-06-23,2025,-0.007529965606682287,-306.0,0.0,131.0,106.0,131.0,-1.0
2025-06-24,2025,0.0062976352207051445,286.0,169.0,33.0,-21.0,202.0,1.0
2025-06-25,2025,0.03767328337433007,198.0,-100.0,100.0,91.0,0.0,1.0
2025-06-26,2025,0.009450795406725998,3.0,-16.0,-37.0,-39.0,-53.0,-1.0
2025-06-27,2025,0.00876704348934143,89.0,-125.0,46.0,13.0,-79.0,1.0
2025-06-30,2025,0.0006370162375979316,115.0,-114.0,20.0,-5.0,-94.0,1.0
2025-07-01,2025,0.00027953161322202824,52.0,378.0,-220.0,-215.0,158.0,1.0
2025-07-02,2025,-0.007038622276229867,-51.0,-27.0,118.0,95.0,91.0,1.0
2025-07-03,2025,0.01880163413527014,179.0,112.0,-3.0,-10.0,109.0,1.0
2025-07-04,2025,0.00642838684381708,68.0,-202.0,-111.0,-79.0,-313.0,-1.0
2025-07-07,2025,0.00642838684381708,-89.0,-2.0,-7.0,-22.0,-9.0,-1.0
2025-07-08,2025,-0.018756463471645723,3.0,-182.0,97.0,93.0,-85.0,-1.0
2025-07-09,2025,0.01805024182487558,-4.0,136.0,44.0,48.0,180.0,1.0
2025-07-10,2025,0.004390894168282644,33.0,56.0,89.0,58.0,145.0,1.0
2025-07-11,2025,0.007463832445874452,-96.0,182.0,70.0,44.0,252.0,1.0
2025-07-14,2025,-0.002100457580917481,-108.0,-60.0,-46.0,-49.0,-106.0,-1.0
2025-07-15,2025,-0.00870215526246021,-14.0,294.0,-20.0,5.0,274.0,1.0
2025-07-16,2025,0.012731284710415958,-104.0,207.0,6.0,-22.0,213.0,1.0
2025-07-17,2025,-0.003917035783171041,48.0,-18.0,196.0,118.0,178.0,1.0
2025-07-18,2025,0.007273257130618438,209.0,-47.0,-45.0,-1.0,-92.0,1.0
2025-07-21,2025,-0.0008749241848565736,-31.0,-11.0,12.0,1.0,1.0,-1.0
2025-07-22,2025,0.0011861940962423212,19.0,99.0,-358.0,-347.0,-259.0,-1.0
2025-07-23,2025,-0.0175470692160532,-5.0,254.0,-57.0,-42.0,197.0,1.0
2025-07-24,2025,-0.000163157885402887,215.0,-126.0,36.0,35.0,-90.0,1.0
2025-07-25,2025,0.0011671239971691172,-49.0,-18.0,-1.0,21.0,-19.0,-1.0
2025-07-28,2025,0.00026397985957693493,131.0,7.0,19.0,0.0,26.0,1.0
2025-07-29,2025,0.01616051407580077,-63.0,-193.0,22.0,1.0,-171.0,-1.0
2025-07-30,2025,0.0004688780045667418,50.0,110.0,39.0,35.0,149.0,1.0
2025-07-31,2025,0.00828079076063748,127.0,-52.0,164.0,139.0,112.0,1.0
2025-08-01,2025,-0.03099880428246571,-497.0,305.0,-62.0,-33.0,243.0,-1.0
2025-08-04,2025,-0.0143208177006805,-234.0,67.0,85.0,87.0,152.0,-1.0
2025-08-05,2025,0.0175120893116556,170.0,79.0,62.0,62.0,141.0,1.0
2025-08-06,2025,-0.011151391879326011,-162.0,36.0,-25.0,-41.0,11.0,-1.0
2025-08-07,2025,-0.002047938666124738,222.0,369.0,-22.0,-24.0,347.0,1.0
2025-08-08,2025,0.015026214799199966,85.0,-112.0,-16.0,12.0,-128.0,-1.0
2025-08-11,2025,0.007866943571720242,15.0,18.0,176.0,168.0,194.0,1.0
2025-08-12,2025,-0.0013473006435342771,-10.0,3.0,-17.0,24.0,-14.0,-1.0
2025-08-13,2025,0.029931027428545365,167.0,28.0,11.0,6.0,39.0,1.0
2025-08-14,2025,0.008993012093991615,-12.0,-52.0,-26.0,12.0,-78.0,-1.0
2025-08-15,2025,-0.0012082930993226881,30.0,-59.0,93.0,82.0,34.0,1.0
2025-08-18,2025,-0.02255547116722656,-121.0,205.0,24.0,44.0,229.0,1.0
2025-08-19,2025,0.004097178040377347,-43.0,-42.0,4.0,28.0,-38.0,-1.0
2025-08-20,2025,-0.01814307057619835,-246.0,-224.0,-209.0,-217.0,-433.0,-1.0
2025-08-21,2025,-0.007174456185389921,55.0,208.0,-77.0,-67.0,131.0,1.0
2025-08-22,2025,-0.004894491388465538,18.0,-33.0,-87.0,-74.0,-120.0,-1.0
2025-08-25,2025,0.026984291287571738,374.0,-1.0,135.0,122.0,134.0,1.0
2025-08-26,2025,0.00031975198367883984,-113.0,-11.0,121.0,95.0,110.0,-1.0
2025-08-27,2025,0.008967565971196745,103.0,97.0,8.0,13.0,105.0,1.0
2025-08-28,2025,0.002873662171655189,-109.0,19.0,-150.0,-124.0,-131.0,-1.0
2025-08-29,2025,0.0048827303458944815,179.0,-66.0,-68.0,-71.0,-134.0,1.0
2025-09-01,2025,-0.031455395050443924,-137.0,38.0,-159.0,-188.0,-121.0,-1.0
2025-09-02,2025,-0.031455395050443924,76.0,-69.0,-45.0,-54.0,-114.0,-1.0
2025-09-03,2025,-0.011197860622973566,-9.0,100.0,-63.0,-83.0,37.0,1.0
2025-09-04,2025,-0.002254944286463667,188.0,101.0,-159.0,-164.0,-58.0,1.0
2025-09-05,2025,0.013417202770695358,240.0,-38.0,89.0,55.0,51.0,1.0
2025-09-08,2025,0.016503583363032925,159.0,12.0,-40.0,-11.0,-28.0,1.0
2025-09-09,2025,0.008367757836637013,168.0,32.0,53.0,29.0,85.0,1.0
2025-09-10,2025,0.001759154228941462,181.0,118.0,68.0,97.0,186.0,1.0
2025-09-11,2025,0.023756707670155253,223.0,-14.0,-146.0,-146.0,-160.0,1.0
2025-09-12,2025,0.0062603955294397995,183.0,35.0,13.0,-8.0,48.0,1.0
2025-09-15,2025,0.0010591471113639006,-60.0,-80.0,23.0,19.0,-57.0,-1.0
2025-09-16,2025,0.009678859797325412,73.0,151.0,56.0,49.0,207.0,1.0
2025-09-17,2025,0.0031997597292334756,-55.0,-57.0,-44.0,-37.0,-101.0,-1.0
2025-09-18,2025,-0.0031254009560437446,143.0,-79.0,175.0,179.0,96.0,1.0
2025-09-19,2025,0.035962390804294087,131.0,-149.0,-23.0,26.0,-172.0,-1.0
2025-09-22,2025,-0.007312652114632279,87.0,25.0,108.0,117.0,133.0,1.0
2025-09-23,2025,0.015703798788559542,168.0,94.0,118.0,57.0,212.0,1.0
2025-09-24,2025,-0.003461229802910526,110.0,-252.0,110.0,116.0,-142.0,-1.0
2025-09-25,2025,-0.0017770492738827803,-46.0,34.0,-129.0,-94.0,-95.0,-1.0
2025-09-26,2025,-0.0019580752739399854,-143.0,-414.0,126.0,108.0,-288.0,-1.0
2025-09-30,2025,0.0015955464270702713,126.0,142.0,19.0,33.0,161.0,1.0
2025-10-01,2025,0.008663348698597417,145.0,218.0,-270.0,-278.0,-52.0,1.0
2025-10-02,2025,0.020480955505806975,410.0,29.0,-58.0,-68.0,-29.0,1.0
2025-10-03,2025,0.019399164343689934,63.0,78.0,171.0,161.0,249.0,1.0
2025-10-07,2025,0.02890758140509808,478.0,57.0,45.0,25.0,102.0,1.0
2025-10-08,2025,-0.020563738732754078,-260.0,-33.0,66.0,75.0,33.0,-1.0
2025-10-09,2025,0.03397862168337662,357.0,-47.0,-69.0,-64.0,-116.0,1.0
2025-10-13,2025,-0.06324376480219873,-909.0,403.0,74.0,86.0,477.0,-1.0
2025-10-14,2025,0.04929614832386542,381.0,93.0,-658.0,-546.0,-565.0,-1.0
2025-10-15,2025,-0.022776929174964766,163.0,180.0,227.0,235.0,407.0,1.0
2025-10-16,2025,0.02994217946434974,248.0,171.0,118.0,67.0,289.0,1.0
2025-10-17,2025,0.004870652838899092,-500.0,122.0,-121.0,-54.0,1.0,-1.0
2025-10-20,2025,-0.003241166937744455,134.0,299.0,25.0,18.0,324.0,1.0
2025-10-21,2025,0.015793791070495944,117.0,77.0,-147.0,-138.0,-70.0,1.0
2025-10-22,2025,-0.006646303647188101,-130.0,-37.0,45.0,81.0,8.0,-1.0
2025-10-23,2025,-0.0236428741663951,-319.0,151.0,20.0,43.0,171.0,-1.0
2025-10-27,2025,0.018919617547707768,674.0,-92.0,80.0,59.0,-12.0,1.0
2025-10-28,2025,0.02738163148887618,36.0,-134.0,-123.0,-88.0,-257.0,-1.0
2025-10-29,2025,0.003729084065524857,214.0,72.0,129.0,114.0,201.0,1.0
2025-10-30,2025,0.01851638217523721,9.0,-35.0,9.0,17.0,-26.0,-1.0
2025-10-31,2025,-0.01527443630056513,46.0,89.0,-100.0,-54.0,-11.0,1.0
2025-11-03,2025,0.0017544345898004021,-54.0,3.0,-44.0,-55.0,-41.0,-1.0
2025-11-04,2025,0.005853090337628375,61.0,41.0,-328.0,-306.0,-287.0,-1.0
2025-11-05,2025,-0.040077183649499415,-395.0,-238.0,324.0,327.0,86.0,-1.0
2025-11-06,2025,0.030188106144074967,207.0,11.0,12.0,33.0,23.0,1.0
2025-11-07,2025,-0.023904526533774173,-254.0,-65.0,14.0,-9.0,-51.0,-1.0
2025-11-10,2025,-0.010120554714115437,36.0,71.0,179.0,177.0,250.0,1.0
2025-11-11,2025,0.030168294143386953,144.0,-126.0,-261.0,-198.0,-387.0,-1.0
2025-11-12,2025,-0.02476613641285741,123.0,35.0,126.0,120.0,161.0,1.0
2025-11-13,2025,0.014675415848818707,-12.0,-89.0,24.0,17.0,-65.0,-1.0
2025-11-14,2025,-0.03719078864691838,-473.0,-12.0,-86.0,-88.0,-98.0,-1.0
2025-11-17,2025,-0.0011057761404599242,173.0,-19.0,-86.0,-61.0,-105.0,1.0
2025-11-18,2025,-0.01548332158797272,-318.0,73.0,-425.0,-397.0,-352.0,-1.0
2025-11-19,2025,-0.023071279232418807,19.0,-57.0,-164.0,-106.0,-221.0,-1.0
2025-11-20,2025,0.018165082437418212,696.0,15.0,171.0,152.0,186.0,1.0
2025-11-21,2025,-0.047669950509967696,-669.0,-159.0,-183.0,-141.0,-342.0,-1.0
2025-11-24,2025,0.008557840200123845,238.0,-103.0,7.0,-34.0,-96.0,1.0
2025-11-25,2025,0.046323771585734974,443.0,-164.0,44.0,-13.0,-120.0,1.0
2025-11-26,2025,0.0016380236305049145,240.0,121.0,31.0,37.0,152.0,1.0
2025-11-27,2025,0.027595328096654992,188.0,92.0,-30.0,-28.0,62.0,1.0
2025-11-28,2025,0.027595328096654992,8.0,85.0,66.0,106.0,151.0,1.0
2025-12-01,2025,0.018217367736025558,-86.0,-45.0,-208.0,-190.0,-253.0,-1.0
2025-12-02,2025,-0.0006576372034761135,265.0,-5.0,-101.0,-98.0,-106.0,1.0
2025-12-03,2025,0.01836613475051041,240.0,-2.0,-40.0,-33.0,-42.0,1.0
2025-12-04,2025,0.01832863135309326,80.0,-66.0,27.0,10.0,-39.0,1.0
2025-12-05,2025,-0.008864763594857994,-10.0,53.0,173.0,137.0,226.0,1.0
2025-12-08,2025,0.010929923489149784,32.0,100.0,139.0,122.0,239.0,1.0
2025-12-09,2025,0.011018747498231729,62.0,-70.0,-57.0,-55.0,-127.0,-1.0
2025-12-10,2025,-0.00036744666599775044,58.0,-21.0,137.0,127.0,116.0,1.0
2025-12-11,2025,0.012882993715844338,213.0,-228.0,-278.0,-288.0,-506.0,-1.0
2025-12-12,2025,-0.007500512220304345,179.0,30.0,-19.0,-40.0,11.0,1.0
2025-12-15,2025,-0.05098981579927353,-471.0,106.0,-20.0,-9.0,86.0,-1.0
2025-12-16,2025,-0.006136286409319847,-308.0,-118.0,145.0,138.0,27.0,-1.0
2025-12-17,2025,-0.004573408426687409,87.0,83.0,-108.0,-145.0,-25.0,1.0
2025-12-18,2025,-0.03781451014882631,-196.0,125.0,-31.0,-26.0,94.0,-1.0
2025-12-19,2025,0.02513998604993639,215.0,91.0,4.0,4.0,95.0,1.0
2025-12-22,2025,0.029756848781184342,368.0,-68.0,142.0,119.0,74.0,1.0
2025-12-23,2025,0.01099341102765039,48.0,56.0,-26.0,-40.0,30.0,1.0
2025-12-24,2025,0.005453728673849634,158.0,-106.0,2.0,-36.0,-104.0,1.0
2025-12-26,2025,0.002760093200121272,112.0,3.0,87.0,97.0,90.0,1.0
2025-12-29,2025,0.00045389117993677175,70.0,153.0,51.0,28.0,204.0,1.0
2025-12-30,2025,-0.0040748428056894825,-151.0,23.0,62.0,75.0,85.0,-1.0
2025-12-31,2025,-0.0012774665762085302,-43.0,66.0,113.0,80.0,179.0,1.0
2026-01-02,2026,-0.01199174233864786,34.0,159.0,266.0,281.0,425.0,1.0
2026-01-05,2026,0.040143269995044584,413.0,294.0,127.0,106.0,421.0,1.0
2026-01-06,2026,0.01072009794407025,-25.0,94.0,235.0,266.0,329.0,1.0
2026-01-07,2026,0.02746006486312269,-8.0,-110.0,25.0,49.0,-85.0,-1.0
2026-01-08,2026,-0.009941275112960168,-144.0,198.0,-117.0,-81.0,81.0,-1.0
2026-01-09,2026,-0.018319786346168265,-12.0,-185.0,195.0,208.0,10.0,-1.0
2026-01-12,2026,0.02725622302013142,270.0,-100.0,77.0,77.0,-23.0,1.0
2026-01-13,2026,0.004720649108889141,374.0,-278.0,74.0,38.0,-204.0,1.0
2026-01-14,2026,0.009531143320251623,124.0,34.0,-48.0,-24.0,-14.0,1.0
2026-01-15,2026,-0.006004137847364199,-147.0,59.0,159.0,83.0,218.0,1.0
2026-01-16,2026,0.01763689269710844,329.0,-127.0,222.0,238.0,95.0,1.0
2026-01-19,2026,0.0114975820754597,-216.0,140.0,268.0,300.0,408.0,1.0
2026-01-20,2026,0.0114975820754597,-178.0,54.0,123.0,173.0,177.0,-1.0
2026-01-21,2026,-0.01680498422561727,-231.0,259.0,-215.0,-209.0,44.0,-1.0
2026-01-22,2026,0.03180317646862596,396.0,39.0,-55.0,-44.0,-16.0,1.0
2026-01-23,2026,0.0016289338441470846,135.0,-6.0,159.0,139.0,153.0,1.0
2026-01-26,2026,-0.012071750192733322,-8.0,2.0,4.0,-6.0,6.0,-1.0
2026-01-27,2026,-0.003881662693690502,165.0,65.0,128.0,108.0,193.0,1.0
2026-01-28,2026,0.023986254642338167,254.0,-31.0,196.0,193.0,165.0,1.0
2026-01-29,2026,0.023352937842945343,91.0,-233.0,-4.0,-16.0,-237.0,-1.0
2026-01-30,2026,0.0016432439199973725,-328.0,-258.0,59.0,92.0,-199.0,-1.0
2026-02-02,2026,-0.03869049407539782,-352.0,-395.0,106.0,148.0,-289.0,-1.0
2026-02-03,2026,0.017005752350136794,746.0,-157.0,66.0,51.0,-91.0,1.0
2026-02-04,2026,-0.020672469939725713,-159.0,277.0,33.0,47.0,310.0,1.0
2026-02-05,2026,-0.04357966591893636,-445.0,66.0,-128.0,-159.0,-62.0,-1.0
2026-02-06,2026,-0.0005932412496915118,-448.0,130.0,211.0,138.0,341.0,-1.0
2026-02-09,2026,0.05699284536104132,1046.0,-221.0,28.0,-14.0,-193.0,1.0
2026-02-10,2026,0.01415894898752823,249.0,231.0,174.0,36.0,405.0,1.0
2026-02-11,2026,-0.006793195288744447,34.0,164.0,189.0,147.0,353.0,1.0
2026-02-23,2026,0.01065909730463832,478.0,165.0,-376.0,-452.0,-211.0,1.0
2026-02-24,2026,-0.005684940959418627,142.0,437.0,292.0,266.0,729.0,1.0
2026-02-25,2026,0.014473802757912102,415.0,89.0,151.0,170.0,240.0,1.0
2026-02-26,2026,0.01621273255772082,42.0,29.0,43.0,40.0,72.0,1.0
2026-03-02,2026,-0.012063787167907347,-872.0,627.0,-123.0,-129.0,504.0,-1.0
2026-03-03,2026,0.004814549100621512,-231.0,-253.0,-421.0,-333.0,-674.0,-1.0
2026-03-04,2026,-0.045774059400100264,-875.0,-72.0,-549.0,-603.0,-621.0,-1.0
2026-03-05,2026,0.019266234635950452,1065.0,-195.0,-64.0,-41.0,-259.0,1.0
2026-03-06,2026,-0.011715235871465834,-277.0,249.0,92.0,58.0,341.0,1.0
2026-03-09,2026,-0.03925203534754329,-1974.0,-300.0,367.0,564.0,67.0,-1.0
2026-03-10,2026,0.03934400924050596,1470.0,-49.0,-516.0,-444.0,-565.0,1.0
2026-03-11,2026,0.007006043224418779,626.0,355.0,302.0,361.0,657.0,1.0
2026-03-12,2026,0.006287253087047695,-318.0,32.0,-176.0,-214.0,-144.0,-1.0
2026-03-13,2026,-0.03429118701331846,-870.0,662.0,-2.0,-9.0,660.0,-1.0
2026-03-16,2026,0.00045400010728546825,99.0,3.0,-163.0,-157.0,-160.0,-1.0
2026-03-17,2026,0.01956414843643728,373.0,309.0,-132.0,-126.0,177.0,1.0
2026-03-18,2026,0.0052063558843751245,541.0,140.0,71.0,33.0,211.0,1.0
2026-03-19,2026,-0.0053210290385270476,-663.0,105.0,-447.0,-328.0,-342.0,-1.0
2026-03-20,2026,0.00874520373617882,244.0,-188.0,-35.0,7.0,-223.0,1.0
2026-03-23,2026,-0.02450497882568392,-1041.0,224.0,-225.0,-141.0,-1.0,-1.0
2026-03-24,2026,0.013365299500300631,771.0,-632.0,114.0,-50.0,-518.0,1.0
2026-03-25,2026,0.012810798224138775,1008.0,-51.0,-110.0,-159.0,-161.0,1.0
2026-03-26,2026,0.012072081913343746,216.0,102.0,-493.0,-546.0,-391.0,-1.0
2026-03-27,2026,-0.04792821059897712,-689.0,149.0,216.0,271.0,365.0,-1.0
2026-03-30,2026,-0.01689984141568468,-1100.0,409.0,40.0,109.0,449.0,-1.0
2026-03-31,2026,-0.04228398413981849,-479.0,345.0,-373.0,-406.0,-28.0,-1.0
2026-04-01,2026,0.062426407068841616,1062.0,176.0,189.0,166.0,365.0,1.0
2026-04-02,2026,0.028216177749664118,291.0,-761.0,-432.0,-334.0,-1193.0,-1.0
2026-04-07,2026,0.010559923609063215,677.0,-167.0,175.0,158.0,8.0,1.0
2026-04-08,2026,0.011086253222858167,1482.0,221.0,111.0,88.0,332.0,1.0
2026-04-09,2026,0.06335060414524474,97.0,-160.0,-3.0,-4.0,-163.0,-1.0
2026-04-10,2026,0.020985980364049972,317.0,217.0,109.0,90.0,326.0,1.0
2026-04-13,2026,0.023050728865657844,-292.0,309.0,-140.0,-91.0,169.0,-1.0
2026-04-14,2026,0.01683834224051539,618.0,-28.0,334.0,332.0,306.0,1.0
2026-04-15,2026,0.020421438306458706,622.0,338.0,-370.0,-351.0,-32.0,1.0
2026-04-16,2026,0.0016446013278230698,342.0,-59.0,396.0,206.0,337.0,1.0
2026-04-17,2026,0.009747502243137696,-493.0,138.0,-205.0,-163.0,-67.0,-1.0
2026-04-20,2026,0.024281434397894763,254.0,297.0,-383.0,-255.0,-86.0,1.0
2026-04-21,2026,0.004534380925670822,459.0,91.0,246.0,230.0,337.0,1.0
2026-04-22,2026,0.0050004114921957665,83.0,66.0,20.0,10.0,86.0,1.0
2026-04-23,2026,0.027164330412627224,493.0,-185.0,-638.0,-606.0,-823.0,-1.0
2026-04-24,2026,0.01708501231674986,402.0,775.0,155.0,121.0,930.0,1.0
2026-04-27,2026,0.04316981476538828,760.0,179.0,-272.0,-193.0,-93.0,1.0
2026-04-28,2026,-0.010045978279685563,-94.0,205.0,-257.0,-239.0,-52.0,-1.0
2026-04-29,2026,-0.035785796365117806,-48.0,-216.0,11.0,-25.0,-205.0,-1.0
2026-04-30,2026,0.023488428172562026,162.0,168.0,-456.0,-523.0,-288.0,-1.0
2026-05-04,2026,0.008724544684254099,1063.0,218.0,401.0,348.0,619.0,1.0
2026-05-05,2026,-0.005727046040995387,-99.0,-98.0,191.0,151.0,93.0,-1.0
2026-05-06,2026,0.042328845923836234,635.0,-281.0,121.0,96.0,-160.0,1.0
2026-05-07,2026,0.04482185822606821,820.0,12.0,12.0,-40.0,24.0,1.0
2026-05-08,2026,-0.02717395567758385,-291.0,124.0,-252.0,-246.0,-128.0,-1.0
2026-05-11,2026,0.05505873582899001,280.0,-111.0,-152.0,-58.0,-263.0,1.0
2026-05-12,2026,0.02594709354167568,287.0,-428.0,-113.0,111.0,-541.0,-1.0
2026-05-13,2026,-0.030111646017230376,-486.0,259.0,11.0,1.0,270.0,-1.0
2026-05-14,2026,0.025664703181460524,447.0,-241.0,-69.0,25.0,-310.0,1.0
2026-05-15,2026,0.004643043173644834,671.0,-617.0,-673.0,-471.0,-1290.0,-1.0
2026-05-18,2026,-0.040196193735516306,-831.0,433.0,200.0,228.0,633.0,-1.0
2026-05-19,2026,-0.024674546919952967,60.0,-292.0,-328.0,-250.0,-620.0,-1.0
2026-05-20,2026,0.00026365801608840833,-5.0,189.0,-306.0,-318.0,-117.0,-1.0
2026-05-21,2026,0.044915306709123914,814.0,563.0,-11.0,55.0,552.0,1.0
2026-05-22,2026,0.012764437341333368,705.0,-101.0,349.0,345.0,248.0,1.0
2026-05-25,2026,0.019931327774471708,743.0,790.0,-93.0,-118.0,697.0,1.0
2026-05-26,2026,0.019931327774471708,376.0,-417.0,56.0,-29.0,-361.0,1.0
2026-05-27,2026,0.0552647235739443,545.0,238.0,116.0,20.0,354.0,1.0
2026-05-28,2026,-0.013568472560575473,394.0,147.0,-1489.0,-1447.0,-1342.0,-1.0
2026-05-29,2026,0.009994339558768939,814.0,411.0,221.0,249.0,632.0,1.0
2026-06-01,2026,1.8707411408636077e-05,165.0,683.0,-88.0,-181.0,595.0,1.0
2026-06-02,2026,0.010621713598007121,85.0,-462.0,435.0,406.0,-27.0,1.0
2026-06-03,2026,0.058664239741162305,682.0,88.0,-17.0,-54.0,71.0,1.0
2026-06-04,2026,0.013892339288094968,-388.0,-172.0,0.0,-33.0,-172.0,-1.0
2026-06-05,2026,-0.021517630287074097,-632.0,-227.0,-242.0,-246.0,-469.0,-1.0
2026-06-08,2026,-0.10256948779144481,-2884.0,905.0,-163.0,69.0,742.0,-1.0
2026-06-09,2026,0.05612826043552133,605.0,549.0,458.0,327.0,1007.0,1.0
2026-06-10,2026,-0.019283022990402743,-834.0,141.0,-550.0,-573.0,-409.0,-1.0
2026-06-11,2026,-0.03565782706487142,-819.0,148.0,483.0,398.0,631.0,-1.0
2026-06-12,2026,0.07905486111452475,1697.0,-593.0,-146.0,-64.0,-739.0,1.0
2026-06-15,2026,0.015186646258875225,1510.0,-56.0,-59.0,-55.0,-115.0,1.0
2026-06-16,2026,0.054455493674218536,556.0,-425.0,37.0,144.0,-388.0,1.0
2026-06-17,2026,-0.05712210683692198,-362.0,287.0,352.0,317.0,639.0,1.0
2026-06-18,2026,0.013754097645442886,441.0,-97.0,385.0,266.0,288.0,1.0
2026-06-22,2026,0.06416157221117058,671.0,645.0,361.0,313.0,1006.0,1.0
2026-06-23,2026,0.020425637542899056,355.0,-623.0,-737.0,-643.0,-1360.0,-1.0
2026-06-24,2026,-0.0787312637344616,-620.0,-133.0,-305.0,-297.0,-438.0,-1.0
2026-06-25,2026,-0.0018030767268112369,606.0,-408.0,-32.0,-33.0,-440.0,1.0
2026-06-26,2026,0.0358643800805456,-908.0,-243.0,-986.0,-762.0,-1229.0,-1.0
2026-06-29,2026,-0.0528876605262083,379.0,619.0,149.0,-125.0,768.0,1.0
2026-06-30,2026,0.038329785050558396,511.0,502.0,199.0,110.0,701.0,1.0
2026-07-01,2026,0.03919134391370749,758.0,-449.0,151.0,183.0,-298.0,1.0
2026-07-02,2026,-0.06272776788872847,-959.0,475.0,-133.0,97.0,342.0,-1.0
2026-07-03,2026,-0.05444804572359763,-902.0,658.0,616.0,617.0,1274.0,1.0
2026-07-06,2026,-0.05444804572359763,305.0,-90.0,-325.0,-373.0,-415.0,-1.0
2026-07-07,2026,0.02169453724075776,148.0,-66.0,-1198.0,-1238.0,-1264.0,-1.0
2026-07-08,2026,-0.04648166609044546,-159.0,-110.0,56.0,171.0,-54.0,-1.0
2026-07-09,2026,0.022312064855794622,470.0,-342.0,7.0,-152.0,-335.0,1.0
2026-07-13,2026,0.0005524691358025358,619.0,-503.0,-199.0,-340.0,-702.0,-1.0
2026-07-14,2026,-0.04776527782490536,-414.0,-650.0,266.0,274.0,-384.0,-1.0
2026-07-15,2026,0.02544182031101938,800.0,288.0,178.0,83.0,466.0,1.0
2026-07-16,2026,-0.020774084203593057,-505.0,-184.0,338.0,683.0,154.0,-1.0
2026-07-17,2026,-0.04285786872857167,-1455.0,-193.0,-1370.0,-1219.0,-1563.0,-1.0
2026-07-20,2026,-0.016314303770802674,753.0,-524.0,-278.0,-264.0,-802.0,-1.0
2026-07-21,2026,0.005992860991494764,615.0,573.0,543.0,455.0,1116.0,1.0
2026-07-22,2026,0.05213877902050856,660.0,-102.0,-310.0,-200.0,-412.0,1.0
2026-07-23,2026,0.004411564757982989,723.0,-496.0,81.0,46.0,-415.0,1.0
2026-07-24,2026,-0.005384882524472889,-676.0,-44.0,-321.0,-405.0,-365.0,-1.0
2026-07-27,2026,-0.042528094985029075,-39.0,-155.0,206.0,147.0,51.0,1.0
2026-07-28,2026,-0.02233714192884606,-1351.0,-490.0,-457.0,-292.0,-947.0,-1.0
2026-07-29,2026,-0.044933396106233814,356.0,-1378.0,-199.0,-254.0,-1577.0,-1.0
2026-07-30,2026,-0.05329893581546408,-321.0,806.0,-595.0,-697.0,211.0,-1.0
2026-07-31,2026,0.08188569694730496,2021.0,1105.0,276.0,388.0,1381.0,1.0
2026-08-03,2026,0.0007157398175172691,-494.0,367.0,-321.0,-233.0,46.0,-1.0
2026-08-04,2026,0.010544528020312915,-531.0,1031.0,-370.0,-545.0,661.0,1.0
2026-08-05,2026,0.06551942853893356,1339.0,84.0,-258.0,-263.0,-174.0,1.0
2026-08-06,2026,-0.013989355675139592,-384.0,-182.0,314.0,341.0,132.0,-1.0
2026-08-07,2026,0.003315046865319804,326.0,-369.0,117.0,25.0,-252.0,1.0
2026-08-10,2026,0.025571244674732263,652.0,171.0,-171.0,-197.0,0.0,1.0
2026-08-11,2026,-0.029370896486870857,-150.0,-135.0,377.0,347.0,242.0,1.0
2026-08-12,2026,0.00872196273760073,288.0,23.0,121.0,58.0,144.0,1.0
2026-08-13,2026,0.024871739980344643,630.0,-6.0,-143.0,-57.0,-149.0,1.0
2026-08-14,2026,0.0045663573501255605,498.0,-407.0,-262.0,-316.0,-669.0,-1.0
2026-08-17,2026,-0.003127007064868348,-22.0,87.0,-21.0,-7.0,66.0,1.0
2026-08-18,2026,0.016424996275282933,93.0,-398.0,-494.0,-398.0,-892.0,-1.0
2026-08-19,2026,-0.04980112510894552,-729.0,445.0,-274.0,-126.0,171.0,-1.0
2026-08-20,2026,-0.021199153468095755,438.0,-288.0,204.0,199.0,-84.0,1.0
