d,side,k,n,winrate,avg,pf,pct_target,pct_stop,pct_close
0,long,10,351,0.4046,-4.37,0.9,0.028,0.353,0.618
0,long,20,393,0.4071,-5.76,0.87,0.025,0.344,0.631
0,long,30,417,0.3885,-7.97,0.82,0.022,0.353,0.626
0,long,40,448,0.3996,-7.18,0.84,0.02,0.357,0.623
0,long,50,477,0.3962,-4.91,0.89,0.019,0.361,0.621
0,long,60,497,0.3984,-5.8,0.87,0.018,0.36,0.622
0,long,70,521,0.3935,-7.91,0.82,0.015,0.363,0.622
0,long,80,537,0.4004,-6.98,0.85,0.015,0.369,0.616
0,long,90,556,0.4065,-5.99,0.87,0.014,0.367,0.619
0,long,100,574,0.4181,-4.45,0.9,0.016,0.362,0.622
0,long,110,583,0.4151,-5.25,0.88,0.014,0.362,0.624
0,long,120,594,0.4192,-5.24,0.88,0.013,0.359,0.628
0,long,130,610,0.4295,-3.51,0.92,0.015,0.356,0.63
0,long,140,618,0.4256,-3.8,0.91,0.016,0.359,0.625
0,long,150,626,0.4249,-4.02,0.91,0.014,0.361,0.625
0,short,10,354,0.3898,-4.39,0.9,0.028,0.345,0.627
0,short,20,406,0.4138,-2.1,0.95,0.025,0.337,0.638
0,short,30,442,0.4163,-2.31,0.95,0.018,0.337,0.645
0,short,40,469,0.4158,-5.14,0.88,0.017,0.35,0.633
0,short,50,507,0.4162,-3.75,0.91,0.016,0.339,0.645
0,short,60,538,0.4257,0.66,1.02,0.022,0.338,0.639
0,short,70,556,0.4155,2.25,1.05,0.027,0.342,0.631
0,short,80,577,0.4229,1.78,1.04,0.024,0.34,0.636
0,short,90,589,0.4261,2.03,1.05,0.025,0.34,0.635
0,short,100,602,0.4219,1.57,1.04,0.027,0.346,0.628
0,short,110,620,0.4274,1.77,1.04,0.026,0.344,0.631
0,short,120,630,0.4286,1.67,1.04,0.025,0.352,0.622
0,short,130,641,0.4353,3.09,1.07,0.027,0.346,0.627
0,short,140,644,0.4363,2.62,1.06,0.028,0.351,0.621
0,short,150,652,0.4387,4.38,1.1,0.031,0.347,0.623
50,long,10,349,0.4011,-4.43,0.9,0.029,0.355,0.616
50,long,20,391,0.4092,-5.77,0.87,0.026,0.345,0.629
50,long,30,415,0.3904,-7.96,0.82,0.022,0.354,0.624
50,long,40,446,0.4013,-7.17,0.84,0.02,0.359,0.621
50,long,50,475,0.3979,-4.89,0.89,0.019,0.362,0.619
50,long,60,495,0.4,-5.78,0.87,0.018,0.362,0.62
50,long,70,519,0.395,-7.91,0.82,0.015,0.364,0.62
50,long,80,535,0.4019,-6.97,0.85,0.015,0.37,0.615
50,long,90,554,0.4079,-5.98,0.87,0.014,0.368,0.617
50,long,100,572,0.4196,-4.44,0.9,0.016,0.364,0.621
50,long,110,581,0.4165,-5.23,0.88,0.014,0.363,0.623
50,long,120,592,0.4206,-5.23,0.88,0.014,0.36,0.627
50,long,130,608,0.4309,-3.5,0.92,0.015,0.357,0.628
50,long,140,616,0.4269,-3.78,0.91,0.016,0.36,0.623
50,long,150,624,0.4263,-4.0,0.91,0.014,0.362,0.623
50,short,10,353,0.3881,-4.45,0.9,0.028,0.346,0.626
50,short,20,404,0.4109,-2.13,0.95,0.025,0.339,0.636
50,short,30,440,0.4136,-2.34,0.95,0.018,0.339,0.643
50,short,40,467,0.4133,-5.19,0.88,0.017,0.351,0.632
50,short,50,505,0.4139,-3.78,0.91,0.016,0.341,0.644
50,short,60,536,0.4235,0.65,1.02,0.022,0.34,0.638
50,short,70,554,0.4134,2.24,1.05,0.027,0.343,0.63
50,short,80,575,0.4209,1.77,1.04,0.024,0.341,0.635
50,short,90,587,0.4242,2.02,1.05,0.026,0.341,0.634
50,short,100,600,0.42,1.56,1.04,0.027,0.347,0.627
50,short,110,618,0.4256,1.76,1.04,0.026,0.345,0.629
50,short,120,628,0.4268,1.66,1.04,0.025,0.354,0.621
50,short,130,639,0.4335,3.08,1.07,0.027,0.347,0.626
50,short,140,642,0.4346,2.61,1.06,0.028,0.352,0.62
50,short,150,650,0.4369,4.38,1.1,0.031,0.348,0.622
100,long,10,285,0.393,-3.03,0.94,0.035,0.421,0.544
100,long,20,304,0.3914,-5.72,0.88,0.033,0.421,0.546
100,long,30,323,0.3808,-7.54,0.85,0.028,0.424,0.548
100,long,40,344,0.3866,-7.38,0.85,0.026,0.427,0.547
100,long,50,368,0.3886,-4.24,0.92,0.024,0.432,0.543
100,long,60,382,0.3874,-5.49,0.89,0.024,0.435,0.542
100,long,70,400,0.385,-8.86,0.83,0.02,0.438,0.542
100,long,80,414,0.3937,-7.65,0.85,0.019,0.444,0.536
100,long,90,432,0.4005,-6.47,0.87,0.019,0.44,0.542
100,long,100,450,0.4156,-4.48,0.91,0.02,0.431,0.549
100,long,110,459,0.4118,-5.49,0.89,0.017,0.429,0.553
100,long,120,470,0.417,-5.48,0.89,0.017,0.423,0.56
100,long,130,486,0.43,-3.3,0.93,0.019,0.418,0.564
100,long,140,494,0.4251,-3.66,0.92,0.02,0.421,0.559
100,long,150,502,0.4243,-3.94,0.92,0.018,0.422,0.56
100,short,10,283,0.364,-4.2,0.92,0.035,0.396,0.569
100,short,20,314,0.379,-3.44,0.93,0.032,0.398,0.57
100,short,30,340,0.3824,-3.81,0.92,0.024,0.4,0.576
100,short,40,361,0.3795,-6.96,0.86,0.022,0.416,0.562
100,short,50,395,0.3823,-4.93,0.9,0.02,0.4,0.58
100,short,60,420,0.4,1.19,1.02,0.029,0.4,0.571
100,short,70,437,0.3913,3.69,1.08,0.034,0.4,0.565
100,short,80,455,0.3978,2.85,1.06,0.031,0.398,0.571
100,short,90,466,0.4013,3.14,1.07,0.032,0.397,0.571
100,short,100,478,0.3954,2.28,1.05,0.033,0.404,0.563
100,short,110,496,0.4032,2.51,1.05,0.032,0.399,0.569
100,short,120,506,0.4051,2.37,1.05,0.032,0.409,0.559
100,short,130,517,0.4139,4.11,1.09,0.033,0.4,0.567
100,short,140,520,0.4154,3.52,1.07,0.035,0.406,0.56
100,short,150,528,0.4186,5.68,1.12,0.038,0.4,0.562
150,long,10,184,0.375,-2.51,0.96,0.054,0.522,0.424
150,long,20,191,0.3613,-5.65,0.9,0.052,0.524,0.424
150,long,30,199,0.3518,-9.62,0.83,0.045,0.528,0.427
150,long,40,208,0.3462,-11.15,0.81,0.043,0.543,0.413
150,long,50,223,0.3587,-7.38,0.87,0.04,0.543,0.417
150,long,60,232,0.3534,-7.82,0.87,0.039,0.543,0.418
150,long,70,240,0.35,-12.46,0.79,0.033,0.542,0.425
150,long,80,250,0.36,-10.89,0.82,0.032,0.556,0.412
150,long,90,260,0.3692,-9.27,0.84,0.031,0.542,0.427
150,long,100,271,0.3801,-7.09,0.88,0.033,0.535,0.432
150,long,110,276,0.3659,-9.86,0.83,0.029,0.536,0.435
150,long,120,285,0.3719,-10.06,0.82,0.028,0.526,0.446
150,long,130,299,0.3913,-6.73,0.88,0.03,0.512,0.458
150,long,140,307,0.3844,-7.11,0.87,0.033,0.515,0.453
150,long,150,315,0.3841,-7.44,0.87,0.029,0.514,0.457
150,short,10,188,0.3564,-3.52,0.94,0.053,0.479,0.468
150,short,20,205,0.3659,-3.79,0.93,0.049,0.483,0.468
150,short,30,219,0.3516,-6.73,0.88,0.037,0.489,0.475
150,short,40,229,0.3537,-10.02,0.82,0.035,0.498,0.467
150,short,50,243,0.3416,-10.05,0.82,0.033,0.49,0.477
150,short,60,261,0.364,0.53,1.01,0.046,0.487,0.467
150,short,70,273,0.3553,5.37,1.1,0.055,0.484,0.462
150,short,80,282,0.3546,3.95,1.07,0.05,0.479,0.472
150,short,90,288,0.3611,3.94,1.07,0.052,0.479,0.469
150,short,100,298,0.3591,3.42,1.06,0.054,0.483,0.463
150,short,110,311,0.3698,4.36,1.08,0.051,0.476,0.473
150,short,120,321,0.3801,4.47,1.08,0.05,0.486,0.464
150,short,130,330,0.3939,7.01,1.13,0.052,0.473,0.476
150,short,140,333,0.3964,6.1,1.11,0.054,0.48,0.465
150,short,150,341,0.4018,9.4,1.18,0.059,0.469,0.472
200,long,10,118,0.3475,2.87,1.05,0.085,0.568,0.347
200,long,20,120,0.325,-2.51,0.96,0.083,0.583,0.333
200,long,30,125,0.328,-7.23,0.89,0.072,0.584,0.344
200,long,40,131,0.3206,-11.36,0.83,0.069,0.618,0.313
200,long,50,139,0.3094,-7.81,0.88,0.065,0.633,0.302
200,long,60,144,0.3056,-9.78,0.85,0.062,0.632,0.306
200,long,70,150,0.3,-15.43,0.77,0.053,0.627,0.32
200,long,80,157,0.3121,-12.36,0.81,0.051,0.631,0.318
200,long,90,162,0.3148,-12.45,0.81,0.049,0.623,0.327
200,long,100,169,0.3195,-10.33,0.84,0.053,0.615,0.331
200,long,110,170,0.3,-15.22,0.77,0.047,0.624,0.329
200,long,120,175,0.2971,-15.6,0.76,0.046,0.611,0.343
200,long,130,181,0.3094,-15.07,0.77,0.05,0.608,0.343
200,long,140,186,0.3065,-15.02,0.77,0.054,0.613,0.333
200,long,150,189,0.2963,-16.21,0.75,0.048,0.619,0.333
200,short,10,129,0.3643,8.61,1.16,0.078,0.496,0.426
200,short,20,137,0.3577,6.33,1.11,0.073,0.504,0.423
200,short,30,143,0.3357,-3.5,0.94,0.049,0.51,0.441
200,short,40,148,0.3243,-8.27,0.86,0.047,0.534,0.419
200,short,50,154,0.3312,-5.36,0.91,0.045,0.519,0.435
200,short,60,167,0.3653,10.72,1.19,0.066,0.503,0.431
200,short,70,176,0.3693,17.22,1.32,0.08,0.489,0.432
200,short,80,178,0.3652,13.72,1.25,0.073,0.494,0.433
200,short,90,183,0.3716,14.58,1.27,0.077,0.486,0.437
200,short,100,188,0.3564,10.69,1.19,0.074,0.5,0.426
200,short,110,193,0.3575,10.01,1.18,0.073,0.503,0.425
200,short,120,196,0.3673,9.69,1.17,0.071,0.515,0.413
200,short,130,201,0.3831,12.6,1.23,0.075,0.502,0.423
200,short,140,203,0.3842,11.9,1.21,0.079,0.507,0.414
200,short,150,211,0.3934,17.57,1.33,0.085,0.488,0.427
250,long,10,81,0.358,14.51,1.23,0.111,0.605,0.284
250,long,20,81,0.3333,6.57,1.1,0.111,0.63,0.259
250,long,30,84,0.3214,-1.71,0.97,0.095,0.643,0.262
250,long,40,90,0.3111,-5.91,0.92,0.089,0.678,0.233
250,long,50,95,0.2947,-1.84,0.97,0.084,0.684,0.232
250,long,60,96,0.2917,-4.2,0.94,0.083,0.688,0.229
250,long,70,100,0.28,-12.46,0.82,0.07,0.69,0.24
250,long,80,105,0.3048,-6.77,0.9,0.067,0.676,0.257
250,long,90,109,0.3028,-6.94,0.9,0.064,0.67,0.266
250,long,100,115,0.313,-2.61,0.96,0.07,0.652,0.278
250,long,110,116,0.2931,-8.61,0.87,0.06,0.655,0.284
250,long,120,118,0.2881,-11.38,0.83,0.059,0.653,0.288
250,long,130,123,0.3008,-9.85,0.85,0.065,0.642,0.293
250,long,140,126,0.2857,-12.35,0.82,0.071,0.659,0.27
250,long,150,129,0.2791,-13.76,0.8,0.062,0.659,0.279
250,short,10,96,0.3438,9.59,1.15,0.104,0.583,0.312
250,short,20,101,0.3465,9.26,1.15,0.099,0.594,0.307
250,short,30,103,0.2913,-7.85,0.88,0.068,0.621,0.311
250,short,40,105,0.2667,-15.15,0.78,0.067,0.638,0.295
250,short,50,108,0.2593,-13.31,0.81,0.065,0.63,0.306
250,short,60,116,0.2931,2.95,1.04,0.095,0.612,0.293
250,short,70,123,0.3252,14.08,1.22,0.114,0.585,0.301
250,short,80,124,0.3226,10.48,1.16,0.105,0.597,0.298
250,short,90,126,0.3254,10.53,1.16,0.111,0.595,0.294
250,short,100,129,0.3101,6.09,1.09,0.109,0.605,0.287
250,short,110,131,0.313,5.82,1.09,0.107,0.603,0.29
250,short,120,132,0.3182,5.6,1.08,0.106,0.621,0.273
250,short,130,135,0.3333,7.34,1.11,0.104,0.607,0.289
250,short,140,137,0.3358,7.48,1.12,0.109,0.606,0.285
250,short,150,141,0.3333,12.27,1.19,0.121,0.589,0.291
