date,cfg,pnl,how
2023-08-14,基線,-6.0,close
2023-08-14,方案A,-26.0,close
2023-08-17,基線,86.0,close
2023-08-17,方案A,66.0,close
2023-08-18,基線,-189.0,close
2023-08-18,方案B,-189.0,close
2023-08-22,基線,-16.0,close
2023-08-22,方案B,-16.0,close
2023-08-23,基線,16.0,close
2023-08-24,基線,-89.0,close
2023-09-04,基線,65.0,close
2023-09-04,方案A,45.0,close
2023-09-04,方案B,65.0,close
2023-09-04,方案C,55.0,close
2023-09-08,基線,20.0,close
2023-09-08,方案A,0.0,close
2023-09-11,基線,-40.0,close
2023-09-11,方案A,-60.0,close
2023-09-12,基線,65.0,close
2023-09-12,方案A,45.0,close
2023-09-13,基線,-43.0,close
2023-09-14,基線,33.0,close
2023-09-21,基線,-10.0,close
2023-09-22,基線,16.0,close
2023-09-25,基線,-5.0,close
2023-09-25,方案A,-25.0,close
2023-10-05,基線,23.0,close
2023-10-05,方案A,3.0,close
2023-10-05,方案B,23.0,close
2023-10-05,方案C,13.0,close
2023-10-12,基線,31.0,close
2023-10-18,基線,35.0,close
2023-10-18,方案B,35.0,close
2023-10-23,基線,32.0,close
2023-10-23,方案A,12.0,close
2023-10-23,方案B,32.0,close
2023-10-23,方案C,22.0,close
2023-10-31,基線,114.0,close
2023-10-31,方案A,94.0,close
2023-10-31,方案B,114.0,close
2023-10-31,方案C,104.0,close
2023-11-01,基線,-44.0,close
2023-11-01,方案A,-64.0,close
2023-11-01,方案B,-44.0,close
2023-11-01,方案C,-54.0,close
2023-11-02,基線,17.0,close
2023-11-02,方案B,17.0,close
2023-11-02,方案C,7.0,close
2023-11-03,基線,-14.0,close
2023-11-06,基線,-42.0,close
2023-11-06,方案A,-62.0,close
2023-11-13,基線,-12.0,close
2023-11-13,方案A,-32.0,close
2023-11-13,方案B,-12.0,close
2023-11-13,方案C,-22.0,close
2023-11-15,基線,-38.0,close
2023-11-15,方案B,-38.0,close
2023-11-15,方案C,-48.0,close
2023-11-16,基線,-73.0,close
2023-11-21,基線,-10.0,close
2023-11-21,方案B,-10.0,close
2023-11-28,基線,56.0,close
2023-11-28,方案A,36.0,close
2023-11-28,方案B,56.0,close
2023-11-28,方案C,46.0,close
2023-12-01,基線,8.0,close
2023-12-01,方案B,8.0,close
2023-12-01,方案C,-2.0,close
2023-12-04,基線,-35.0,close
2023-12-04,方案B,-35.0,close
2023-12-07,基線,9.0,close
2023-12-12,基線,0.0,close
2023-12-26,基線,2.0,close
2023-12-27,基線,14.0,close
2023-12-28,基線,-42.0,close
2024-01-03,基線,10.0,close
2024-01-03,方案A,-10.0,close
2024-01-03,方案B,10.0,close
2024-01-03,方案C,0.0,close
2024-01-05,基線,11.0,close
2024-01-05,方案A,-9.0,close
2024-01-09,基線,45.0,close
2024-01-09,方案A,25.0,close
2024-01-12,基線,-70.0,close
2024-01-17,基線,41.0,close
2024-01-17,方案A,21.0,close
2024-02-16,基線,9.0,close
2024-02-16,方案B,9.0,close
2024-02-22,基線,-113.0,close
2024-02-22,方案A,-133.0,close
2024-02-22,方案B,-113.0,close
2024-02-22,方案C,-123.0,close
2024-02-23,基線,-3.0,close
2024-02-27,基線,148.0,target
2024-02-27,方案A,29.0,close
2024-03-04,基線,-1.0,close
2024-03-04,方案A,-21.0,close
2024-03-04,方案B,-1.0,close
2024-03-04,方案C,-11.0,close
2024-03-06,基線,74.0,close
2024-03-06,方案A,54.0,close
2024-03-06,方案B,74.0,close
2024-03-06,方案C,64.0,close
2024-03-08,基線,148.0,target
2024-03-08,方案A,148.0,target
2024-03-08,方案B,148.0,target
2024-03-08,方案C,148.0,target
2024-03-12,基線,128.0,close
2024-03-12,方案A,108.0,close
2024-03-13,基線,-14.0,close
2024-03-13,方案A,-34.0,close
2024-03-13,方案B,-14.0,close
2024-03-13,方案C,-24.0,close
2024-03-19,基線,20.0,close
2024-03-19,方案A,0.0,close
2024-03-21,基線,119.0,close
2024-03-21,方案A,99.0,close
2024-03-22,基線,-98.0,close
2024-03-22,方案A,-118.0,close
2024-03-22,方案B,-98.0,close
2024-03-22,方案C,-108.0,close
2024-03-26,基線,148.0,target
2024-03-26,方案A,148.0,target
2024-04-01,基線,-7.0,close
2024-04-01,方案A,-27.0,close
2024-04-01,方案B,-7.0,close
2024-04-01,方案C,-17.0,close
2024-04-02,基線,48.0,close
2024-04-02,方案A,28.0,close
2024-04-09,基線,116.0,close
2024-04-09,方案A,96.0,close
2024-04-09,方案B,116.0,close
2024-04-09,方案C,106.0,close
2024-04-16,基線,148.0,target
2024-04-16,方案A,148.0,target
2024-04-16,方案B,148.0,target
2024-04-16,方案C,148.0,target
2024-04-19,基線,148.0,target
2024-04-19,方案A,148.0,target
2024-04-19,方案B,148.0,target
2024-04-19,方案C,148.0,target
2024-04-24,基線,5.0,close
2024-04-24,方案B,5.0,close
2024-04-24,方案C,-5.0,close
2024-05-03,基線,52.0,close
2024-05-03,方案A,32.0,close
2024-05-03,方案B,52.0,close
2024-05-03,方案C,42.0,close
2024-05-06,基線,-111.0,close
2024-05-15,基線,-69.0,close
2024-05-15,方案A,-89.0,close
2024-05-20,基線,-16.0,close
2024-05-20,方案A,-36.0,close
2024-05-22,基線,106.0,close
2024-05-22,方案A,86.0,close
2024-05-24,基線,-16.0,close
2024-05-24,方案A,-36.0,close
2024-05-24,方案B,-16.0,close
2024-05-24,方案C,-26.0,close
2024-05-28,基線,-8.0,close
2024-05-29,基線,33.0,close
2024-06-03,基線,51.0,close
2024-06-03,方案A,31.0,close
2024-06-03,方案B,51.0,close
2024-06-03,方案C,41.0,close
2024-06-06,基線,-59.0,close
2024-06-06,方案A,-79.0,close
2024-06-11,基線,11.0,close
2024-06-11,方案A,-9.0,close
2024-06-12,基線,73.0,close
2024-06-12,方案A,53.0,close
2024-06-12,方案B,73.0,close
2024-06-12,方案C,63.0,close
2024-06-19,基線,148.0,target
2024-06-19,方案A,-2.0,breakeven
2024-06-19,方案B,148.0,target
2024-06-19,方案C,-2.0,breakeven
2024-06-21,基線,-16.0,close
2024-06-21,方案A,-36.0,close
2024-06-21,方案B,-16.0,close
2024-06-21,方案C,-26.0,close
2024-06-24,基線,-9.0,close
2024-06-24,方案B,-9.0,close
2024-06-25,基線,44.0,close
2024-06-25,方案A,24.0,close
2024-06-25,方案B,44.0,close
2024-06-25,方案C,34.0,close
2024-06-26,基線,-134.0,close
2024-06-26,方案B,-134.0,close
2024-06-27,基線,32.0,close
2024-06-27,方案A,12.0,close
2024-06-28,基線,-70.0,close
2024-06-28,方案A,-90.0,close
2024-06-28,方案B,-70.0,close
2024-06-28,方案C,-80.0,close
2024-07-01,基線,-166.0,close
2024-07-01,方案B,-166.0,close
2024-07-01,方案C,-176.0,close
2024-07-02,基線,-150.0,close
2024-07-08,基線,56.0,close
2024-07-08,方案A,36.0,close
2024-07-08,方案B,56.0,close
2024-07-08,方案C,46.0,close
2024-07-16,基線,148.0,target
2024-07-16,方案A,-2.0,breakeven
2024-07-16,方案B,148.0,target
2024-07-16,方案C,148.0,target
2024-07-22,基線,-134.0,close
2024-07-22,方案A,-154.0,close
2024-07-22,方案B,-134.0,close
2024-07-22,方案C,-144.0,close
2024-07-31,基線,70.0,close
2024-07-31,方案A,50.0,close
2024-08-01,基線,-183.0,close
2024-08-01,方案B,-183.0,close
2024-08-01,方案C,-193.0,close
2024-08-07,基線,-75.0,close
2024-08-07,方案A,-95.0,close
2024-08-07,方案B,-75.0,close
2024-08-07,方案C,-2.0,breakeven
2024-08-13,基線,-86.0,close
2024-08-13,方案A,-106.0,close
2024-08-13,方案B,-86.0,close
2024-08-13,方案C,-96.0,close
2024-08-20,基線,17.0,close
2024-08-20,方案A,-3.0,close
2024-08-20,方案B,17.0,close
2024-08-20,方案C,7.0,close
2024-08-22,基線,-4.0,close
2024-08-22,方案A,-24.0,close
2024-08-23,基線,148.0,target
2024-08-23,方案A,91.0,close
2024-09-02,基線,42.0,close
2024-09-02,方案A,22.0,close
2024-09-06,基線,-61.0,close
2024-09-06,方案A,-81.0,close
2024-09-10,基線,42.0,close
2024-09-12,基線,-1.0,close
2024-09-12,方案A,-21.0,close
2024-09-13,基線,-150.0,close
2024-09-13,方案B,-150.0,close
2024-09-13,方案C,-160.0,close
2024-09-16,基線,-78.0,close
2024-09-16,方案B,-78.0,close
2024-09-20,基線,43.0,close
2024-09-20,方案A,23.0,close
2024-09-20,方案B,43.0,close
2024-09-20,方案C,33.0,close
2024-09-24,基線,-303.0,close
2024-09-24,方案A,-323.0,close
2024-09-27,基線,148.0,target
2024-09-27,方案A,-2.0,breakeven
2024-10-15,基線,-119.0,close
2024-10-15,方案A,-139.0,close
2024-10-15,方案B,-119.0,close
2024-10-15,方案C,-129.0,close
2024-10-16,基線,148.0,target
2024-10-16,方案A,-2.0,breakeven
2024-10-16,方案B,148.0,target
2024-10-16,方案C,-2.0,breakeven
2024-10-17,基線,-255.0,close
2024-10-17,方案B,-255.0,close
2024-10-24,基線,-11.0,close
2024-10-24,方案A,-31.0,close
2024-10-28,基線,148.0,target
2024-10-28,方案A,-2.0,breakeven
2024-10-28,方案B,148.0,target
2024-10-28,方案C,-2.0,breakeven
2024-10-29,基線,-202.0,close
2024-10-29,方案A,-222.0,close
2024-11-01,基線,148.0,target
2024-11-01,方案A,148.0,target
2024-11-01,方案B,148.0,target
2024-11-01,方案C,148.0,target
2024-11-07,基線,55.0,close
2024-11-07,方案A,35.0,close
2024-11-07,方案B,55.0,close
2024-11-07,方案C,45.0,close
2024-11-11,基線,-247.0,close
2024-11-11,方案A,-267.0,close
2024-11-13,基線,-235.0,close
2024-11-19,基線,148.0,target
2024-11-19,方案A,148.0,target
2024-11-19,方案B,148.0,target
2024-11-19,方案C,148.0,target
2024-11-20,基線,47.0,close
2024-11-20,方案A,27.0,close
2024-11-20,方案B,47.0,close
2024-11-20,方案C,37.0,close
2024-11-25,基線,48.0,close
2024-11-25,方案A,28.0,close
2024-11-29,基線,9.0,close
2024-11-29,方案A,-2.0,breakeven
2024-11-29,方案B,9.0,close
2024-11-29,方案C,-2.0,breakeven
2024-12-02,基線,49.0,close
2024-12-02,方案A,29.0,close
2024-12-06,基線,22.0,close
2024-12-06,方案A,2.0,close
2024-12-10,基線,-9.0,close
2024-12-10,方案A,-29.0,close
2024-12-13,基線,-73.0,close
2024-12-13,方案A,-93.0,close
2024-12-18,基線,67.0,close
2024-12-20,基線,30.0,close
2024-12-20,方案A,10.0,close
2024-12-20,方案B,30.0,close
2024-12-20,方案C,20.0,close
2024-12-23,基線,92.0,close
2024-12-23,方案A,72.0,close
2024-12-23,方案B,92.0,close
2024-12-23,方案C,82.0,close
2024-12-24,基線,46.0,close
2024-12-24,方案A,26.0,close
2024-12-24,方案B,46.0,close
2024-12-24,方案C,36.0,close
2024-12-27,基線,60.0,close
2024-12-27,方案A,40.0,close
2024-12-27,方案B,60.0,close
2024-12-27,方案C,50.0,close
2025-01-02,基線,-17.0,close
2025-01-02,方案A,-2.0,breakeven
2025-01-06,基線,148.0,target
2025-01-06,方案A,125.0,close
2025-01-06,方案B,148.0,target
2025-01-06,方案C,148.0,target
2025-01-15,基線,108.0,close
2025-01-15,方案A,88.0,close
2025-01-15,方案B,108.0,close
2025-01-15,方案C,98.0,close
2025-01-22,基線,-17.0,close
2025-01-22,方案B,-17.0,close
2025-02-06,基線,-27.0,close
2025-02-06,方案A,-47.0,close
2025-02-07,基線,42.0,close
2025-02-07,方案A,22.0,close
2025-02-10,基線,-8.0,close
2025-02-10,方案A,-28.0,close
2025-02-10,方案B,-8.0,close
2025-02-10,方案C,-18.0,close
2025-02-17,基線,11.0,close
2025-02-17,方案A,-9.0,close
2025-02-17,方案B,11.0,close
2025-02-17,方案C,1.0,close
2025-02-21,基線,92.0,close
2025-02-21,方案A,72.0,close
2025-02-26,基線,110.0,close
2025-02-26,方案A,90.0,close
2025-03-04,基線,148.0,target
2025-03-04,方案A,148.0,target
2025-03-05,基線,-11.0,close
2025-03-06,基線,-16.0,close
2025-03-06,方案A,-36.0,close
2025-03-11,基線,35.0,close
2025-03-11,方案A,15.0,close
2025-03-12,基線,-18.0,close
2025-03-12,方案A,-38.0,close
2025-03-12,方案B,-18.0,close
2025-03-12,方案C,-28.0,close
2025-03-13,基線,148.0,target
2025-03-13,方案A,148.0,target
2025-03-13,方案B,148.0,target
2025-03-13,方案C,148.0,target
2025-03-18,基線,-29.0,close
2025-03-18,方案B,-29.0,close
2025-03-18,方案C,-39.0,close
2025-03-19,基線,148.0,target
2025-03-19,方案A,89.0,close
2025-03-21,基線,42.0,close
2025-03-21,方案A,22.0,close
2025-03-21,方案B,42.0,close
2025-03-21,方案C,32.0,close
2025-03-24,基線,40.0,close
2025-03-24,方案A,20.0,close
2025-03-24,方案B,40.0,close
2025-03-24,方案C,30.0,close
2025-03-26,基線,-20.0,close
2025-03-26,方案A,-40.0,close
2025-03-26,方案B,-20.0,close
2025-03-26,方案C,-30.0,close
2025-04-01,基線,6.0,close
2025-04-01,方案A,-14.0,close
2025-04-11,基線,148.0,target
2025-04-11,方案A,148.0,target
2025-04-11,方案B,148.0,target
2025-04-11,方案C,148.0,target
2025-04-16,基線,148.0,target
2025-04-16,方案A,148.0,target
2025-04-21,基線,-69.0,close
2025-04-21,方案B,-69.0,close
2025-04-24,基線,44.0,close
2025-04-24,方案A,24.0,close
2025-04-24,方案B,44.0,close
2025-04-24,方案C,34.0,close
2025-04-25,基線,-17.0,close
2025-04-25,方案B,-17.0,close
2025-04-25,方案C,-27.0,close
2025-04-28,基線,-31.0,close
2025-05-05,基線,-141.0,close
2025-05-05,方案A,-161.0,close
2025-05-05,方案B,-141.0,close
2025-05-05,方案C,-151.0,close
2025-05-06,基線,-95.0,close
2025-05-06,方案A,-115.0,close
2025-05-06,方案B,-95.0,close
2025-05-06,方案C,-105.0,close
2025-05-13,基線,28.0,close
2025-05-13,方案A,8.0,close
2025-05-13,方案B,28.0,close
2025-05-13,方案C,18.0,close
2025-05-16,基線,-53.0,close
2025-05-19,基線,61.0,close
2025-05-19,方案A,41.0,close
2025-05-22,基線,-102.0,close
2025-05-22,方案B,-102.0,close
2025-05-27,基線,-59.0,close
2025-05-27,方案B,-59.0,close
2025-05-27,方案C,-69.0,close
2025-05-28,基線,34.0,close
2025-05-28,方案A,14.0,close
2025-05-28,方案B,34.0,close
2025-05-28,方案C,24.0,close
2025-05-29,基線,-6.0,close
2025-05-29,方案B,-6.0,close
2025-06-02,基線,-45.0,close
2025-06-02,方案A,-65.0,close
2025-06-02,方案B,-45.0,close
2025-06-02,方案C,-55.0,close
2025-06-04,基線,-10.0,close
2025-06-04,方案A,-30.0,close
2025-06-04,方案B,-10.0,close
2025-06-04,方案C,-20.0,close
2025-06-05,基線,-29.0,close
2025-06-05,方案B,-29.0,close
2025-06-05,方案C,-39.0,close
2025-06-10,基線,-47.0,close
2025-06-10,方案A,-67.0,close
2025-06-10,方案B,-47.0,close
2025-06-10,方案C,-57.0,close
2025-06-11,基線,-157.0,close
2025-06-18,基線,43.0,close
2025-06-18,方案A,23.0,close
2025-06-19,基線,-23.0,close
2025-06-19,方案B,-23.0,close
2025-06-27,基線,-109.0,close
2025-06-27,方案A,-129.0,close
2025-07-09,基線,28.0,close
2025-07-09,方案B,28.0,close
2025-07-11,基線,34.0,close
2025-07-15,基線,-38.0,close
2025-07-15,方案A,-58.0,close
2025-07-15,方案B,-38.0,close
2025-07-15,方案C,-48.0,close
2025-07-16,基線,-41.0,close
2025-07-29,基線,-61.0,close
2025-07-29,方案A,-81.0,close
2025-07-29,方案B,-61.0,close
2025-07-29,方案C,-71.0,close
2025-08-11,基線,148.0,target
2025-08-11,方案A,148.0,target
2025-08-13,基線,-25.0,close
2025-08-13,方案A,-45.0,close
2025-08-14,基線,1.0,close
2025-08-14,方案A,-19.0,close
2025-08-14,方案B,1.0,close
2025-08-14,方案C,-9.0,close
2025-08-22,基線,0.0,close
2025-08-29,基線,-2.0,close
2025-08-29,方案B,-2.0,close
2025-08-29,方案C,-12.0,close
2025-09-02,基線,19.0,close
2025-09-02,方案A,-1.0,close
2025-09-04,基線,-215.0,close
2025-09-04,方案A,-235.0,close
2025-09-08,基線,-12.0,close
2025-09-08,方案A,-32.0,close
2025-09-09,基線,21.0,close
2025-09-09,方案A,1.0,close
2025-09-10,基線,31.0,close
2025-09-10,方案A,11.0,close
2025-09-15,基線,-45.0,close
2025-09-15,方案A,-65.0,close
2025-09-15,方案B,-45.0,close
2025-09-15,方案C,-55.0,close
2025-09-16,基線,-4.0,close
2025-09-16,方案A,-24.0,close
2025-09-16,方案B,-4.0,close
2025-09-16,方案C,-14.0,close
2025-09-22,基線,69.0,close
2025-09-22,方案A,49.0,close
2025-09-22,方案B,69.0,close
2025-09-22,方案C,59.0,close
2025-09-23,基線,91.0,close
2025-09-23,方案A,-2.0,breakeven
2025-09-23,方案B,91.0,close
2025-09-23,方案C,-2.0,breakeven
2025-09-24,基線,-137.0,close
2025-09-24,方案A,-157.0,close
2025-09-24,方案B,-137.0,close
2025-09-24,方案C,-147.0,close
2025-09-26,基線,-158.0,close
2025-09-26,方案B,-158.0,close
2025-10-03,基線,148.0,target
2025-10-03,方案A,119.0,close
2025-10-03,方案B,148.0,target
2025-10-03,方案C,148.0,target
2025-10-07,基線,25.0,close
2025-10-07,方案A,5.0,close
2025-10-07,方案B,25.0,close
2025-10-07,方案C,15.0,close
2025-10-08,基線,-8.0,close
2025-10-13,基線,24.0,close
2025-10-13,方案B,24.0,close
2025-10-15,基線,148.0,target
2025-10-15,方案A,148.0,target
2025-10-21,基線,-202.0,close
2025-10-21,方案B,-202.0,close
2025-10-23,基線,-9.0,close
2025-10-23,方案A,-29.0,close
2025-10-29,基線,46.0,close
2025-10-29,方案A,26.0,close
2025-11-03,基線,1.0,close
2025-11-03,方案A,-19.0,close
2025-11-06,基線,-36.0,close
2025-11-06,方案A,-56.0,close
2025-11-10,基線,93.0,close
2025-11-10,方案A,73.0,close
2025-11-11,基線,148.0,target
2025-11-14,基線,-144.0,close
2025-11-14,方案A,-164.0,close
2025-11-18,基線,148.0,target
2025-11-18,方案A,148.0,target
2025-11-18,方案B,148.0,target
2025-11-18,方案C,148.0,target
2025-11-20,基線,-208.0,close
2025-11-20,方案A,-228.0,close
2025-11-25,基線,-92.0,close
2025-11-25,方案A,-112.0,close
2025-11-25,方案B,-92.0,close
2025-11-25,方案C,-102.0,close
2025-11-28,基線,148.0,target
2025-11-28,方案A,14.0,close
2025-12-01,基線,101.0,close
2025-12-01,方案A,81.0,close
2025-12-01,方案B,101.0,close
2025-12-01,方案C,91.0,close
2025-12-03,基線,-116.0,close
2025-12-08,基線,86.0,close
2025-12-08,方案A,66.0,close
2025-12-08,方案B,86.0,close
2025-12-08,方案C,76.0,close
2025-12-09,基線,1.0,close
2025-12-11,基線,148.0,target
2025-12-11,方案A,148.0,target
2025-12-11,方案B,148.0,target
2025-12-11,方案C,148.0,target
2025-12-16,基線,-183.0,close
2025-12-16,方案A,-203.0,close
2025-12-17,基線,-153.0,close
2025-12-24,基線,-27.0,close
2025-12-24,方案A,-47.0,close
2025-12-24,方案B,-27.0,close
2025-12-24,方案C,-37.0,close
2025-12-29,基線,-2.0,close
2025-12-29,方案B,-2.0,close
2025-12-29,方案C,-12.0,close
2025-12-30,基線,12.0,close
2025-12-30,方案A,-8.0,close
2025-12-30,方案B,12.0,close
2025-12-30,方案C,2.0,close
2025-12-31,基線,45.0,close
2025-12-31,方案A,25.0,close
2025-12-31,方案B,45.0,close
2025-12-31,方案C,35.0,close
2026-01-05,基線,148.0,target
2026-01-05,方案A,148.0,target
2026-01-05,方案B,148.0,target
2026-01-05,方案C,148.0,target
2026-01-06,基線,148.0,target
2026-01-06,方案A,148.0,target
2026-01-06,方案B,148.0,target
2026-01-06,方案C,148.0,target
2026-01-07,基線,-143.0,close
2026-01-12,基線,-125.0,close
2026-01-12,方案A,-145.0,close
2026-01-12,方案B,-125.0,close
2026-01-12,方案C,-135.0,close
2026-01-13,基線,-185.0,close
2026-01-13,方案A,-205.0,close
2026-01-13,方案B,-185.0,close
2026-01-13,方案C,-195.0,close
2026-01-14,基線,-105.0,close
2026-01-14,方案A,-125.0,close
2026-01-19,基線,148.0,target
2026-01-19,方案A,148.0,target
2026-01-20,基線,148.0,target
2026-01-20,方案A,69.0,close
2026-01-20,方案B,148.0,target
2026-01-20,方案C,148.0,target
2026-01-27,基線,101.0,close
2026-01-27,方案A,81.0,close
2026-01-29,基線,-192.0,close
2026-01-29,方案B,-192.0,close
2026-01-30,基線,-120.0,close
2026-01-30,方案A,-140.0,close
2026-02-02,基線,-178.0,close
2026-02-03,基線,148.0,target
2026-02-03,方案A,-2.0,breakeven
2026-02-03,方案B,148.0,target
2026-02-03,方案C,148.0,target
2026-02-04,基線,15.0,close
2026-02-04,方案A,-5.0,close
2026-02-06,基線,148.0,target
2026-02-06,方案A,148.0,target
2026-02-06,方案B,148.0,target
2026-02-06,方案C,148.0,target
2026-02-11,基線,148.0,target
2026-02-11,方案A,148.0,target
2026-02-11,方案B,148.0,target
2026-02-11,方案C,148.0,target
2026-02-24,基線,148.0,target
2026-02-24,方案A,148.0,target
2026-02-24,方案B,148.0,target
2026-02-24,方案C,148.0,target
2026-02-25,基線,148.0,target
2026-02-25,方案A,148.0,target
2026-03-03,基線,148.0,target
2026-03-03,方案A,148.0,target
2026-03-03,方案B,148.0,target
2026-03-03,方案C,148.0,target
2026-03-05,基線,148.0,target
2026-03-05,方案A,148.0,target
2026-03-05,方案B,148.0,target
2026-03-05,方案C,148.0,target
2026-03-06,基線,-62.0,close
2026-03-06,方案A,-82.0,close
2026-03-06,方案B,-62.0,close
2026-03-06,方案C,-72.0,close
2026-03-09,基線,148.0,target
2026-03-09,方案A,148.0,target
2026-03-09,方案B,148.0,target
2026-03-09,方案C,148.0,target
2026-03-11,基線,148.0,target
2026-03-11,方案A,148.0,target
2026-03-11,方案B,148.0,target
2026-03-11,方案C,148.0,target
2026-03-13,基線,148.0,target
2026-03-13,方案A,148.0,target
2026-03-13,方案B,148.0,target
2026-03-13,方案C,148.0,target
2026-03-23,基線,-318.0,close
2026-03-23,方案A,-338.0,close
2026-03-23,方案B,-318.0,close
2026-03-23,方案C,-328.0,close
2026-03-24,基線,148.0,target
2026-03-24,方案A,-2.0,breakeven
2026-03-24,方案B,148.0,target
2026-03-24,方案C,-2.0,breakeven
2026-03-27,基線,148.0,target
2026-03-30,基線,148.0,target
2026-03-30,方案A,148.0,target
2026-03-30,方案B,148.0,target
2026-03-30,方案C,148.0,target
2026-04-02,基線,148.0,target
2026-04-02,方案A,148.0,target
2026-04-02,方案B,148.0,target
2026-04-02,方案C,148.0,target
2026-04-08,基線,148.0,target
2026-04-08,方案A,-2.0,breakeven
2026-04-13,基線,-188.0,close
2026-04-17,基線,39.0,close
2026-04-22,基線,-83.0,close
2026-04-22,方案A,-103.0,close
2026-04-22,方案B,-83.0,close
2026-04-22,方案C,-93.0,close
2026-04-30,基線,148.0,target
2026-04-30,方案B,148.0,target
2026-04-30,方案C,148.0,target
2026-05-04,基線,148.0,target
2026-05-04,方案A,148.0,target
2026-05-04,方案B,148.0,target
2026-05-04,方案C,148.0,target
2026-05-13,基線,-78.0,close
2026-05-13,方案B,-78.0,close
2026-05-14,基線,1.0,close
2026-05-14,方案A,-19.0,close
2026-05-14,方案B,1.0,close
2026-05-14,方案C,-2.0,breakeven
2026-05-15,基線,148.0,target
2026-05-15,方案A,148.0,target
2026-05-15,方案B,148.0,target
2026-05-15,方案C,148.0,target
2026-05-18,基線,148.0,target
2026-05-18,方案A,148.0,target
2026-05-19,基線,148.0,target
2026-05-19,方案A,148.0,target
2026-05-20,基線,-27.0,close
2026-05-20,方案A,-47.0,close
2026-05-29,基線,148.0,target
2026-05-29,方案A,148.0,target
2026-05-29,方案B,148.0,target
2026-05-29,方案C,148.0,target
2026-06-01,基線,148.0,target
2026-06-01,方案A,148.0,target
2026-06-01,方案B,148.0,target
2026-06-01,方案C,148.0,target
2026-06-02,基線,148.0,target
2026-06-02,方案A,148.0,target
2026-06-08,基線,148.0,target
2026-06-08,方案A,148.0,target
2026-06-08,方案B,148.0,target
2026-06-08,方案C,148.0,target
2026-06-10,基線,148.0,target
2026-06-10,方案A,148.0,target
2026-06-11,基線,148.0,target
2026-06-11,方案A,148.0,target
2026-06-18,基線,148.0,target
2026-06-18,方案A,148.0,target
2026-06-22,基線,148.0,target
2026-06-22,方案A,148.0,target
2026-06-22,方案B,148.0,target
2026-06-22,方案C,148.0,target
2026-06-25,基線,148.0,target
2026-06-25,方案A,148.0,target
2026-06-26,基線,148.0,target
2026-06-26,方案A,148.0,target
2026-06-30,基線,148.0,target
2026-06-30,方案A,148.0,target
2026-07-02,基線,148.0,target
2026-07-02,方案A,148.0,target
2026-07-02,方案B,148.0,target
2026-07-02,方案C,148.0,target
2026-07-03,基線,148.0,target
2026-07-03,方案A,-2.0,breakeven
2026-07-03,方案B,148.0,target
2026-07-03,方案C,-2.0,breakeven
2026-07-08,基線,-311.0,close
2026-07-09,基線,148.0,target
2026-07-09,方案A,148.0,target
2026-07-09,方案B,148.0,target
2026-07-09,方案C,148.0,target
2026-07-15,基線,148.0,target
2026-07-15,方案A,148.0,target
2026-07-15,方案B,148.0,target
2026-07-15,方案C,148.0,target
2026-07-21,基線,148.0,target
2026-07-21,方案A,148.0,target
2026-07-21,方案B,148.0,target
2026-07-21,方案C,148.0,target
2026-07-22,基線,148.0,target
2026-07-22,方案A,148.0,target
2026-07-22,方案B,148.0,target
2026-07-22,方案C,148.0,target
2026-07-23,基線,148.0,target
2026-07-23,方案A,148.0,target
2026-07-29,基線,148.0,target
2026-07-29,方案A,148.0,target
2026-07-29,方案B,148.0,target
2026-07-29,方案C,148.0,target
2026-07-31,基線,148.0,target
2026-07-31,方案A,148.0,target
2026-07-31,方案B,148.0,target
2026-07-31,方案C,148.0,target
2026-08-05,基線,-347.0,close
2026-08-05,方案A,-367.0,close
2026-08-05,方案B,-347.0,close
2026-08-05,方案C,-357.0,close
2026-08-13,基線,148.0,target
2026-08-13,方案A,148.0,target
2026-08-14,基線,148.0,target
2026-08-14,方案A,148.0,target
2026-08-18,基線,148.0,target
2026-08-18,方案A,148.0,target
2026-08-18,方案B,148.0,target
2026-08-18,方案C,148.0,target
2026-08-20,基線,-302.0,close
2026-08-20,方案A,-322.0,close
