date,dir,pnl,stale,us_date,sox_ret,sox_intra,sox_gap,sox_rng,tsm_ret,tsm_intra,tsm_gap,tsm_rng,yr,oos
2023-08-14,-1,-6.0,3,2023-08-11,-0.022927312052754778,-0.008776902531820507,-0.014275706001078636,0.013947656671355753,-0.029641350210970474,-0.016149732620320933,-0.01371308016877637,0.016139240506329127,2023,2023-25樣本外
2023-08-17,1,86.0,1,2023-08-16,-0.020788078650294306,-0.02035255237333844,-0.00044457450280810384,0.020771196074238232,0.0010907504363000253,0.003718285214348249,-0.002617801047120505,0.015270506108202504,2023,2023-25樣本外
2023-08-18,1,-189.0,1,2023-08-17,-0.00969230592400172,-0.013295961108454879,0.003652214891611605,0.01578124640812857,-0.001525386794508643,-0.01377529057253557,0.012421006755284347,0.017106123338418038,2023,2023-25樣本外
2023-08-22,-1,-16.0,1,2023-08-21,0.02830128741978899,0.02283962852210286,0.005339702085631615,0.026042960199148736,0.016026344676180138,0.022762430939226475,-0.006586169045005419,0.026454445664105344,2023,2023-25樣本外
2023-08-23,1,16.0,1,2023-08-22,-0.009281778506714855,-0.0217925396807791,0.012789476344804873,0.026230502648325937,-0.0034572169403630504,-0.011890733797536135,0.0085350043215211,0.01815038893690571,2023,2023-25樣本外
2023-08-24,-1,-89.0,1,2023-08-23,0.021067610816143167,0.026778256990311,-0.00556171318908405,0.030342802230354696,0.021465741543798877,0.0045847105235099495,0.01680398959236795,0.02016478751084128,2023,2023-25樣本外
2023-09-04,1,65.0,3,2023-09-01,0.003244409454824959,-0.003218097127530295,0.006483370698978197,0.012882294132549509,-0.004061130704285487,-0.011770943796394429,0.00780164582665388,0.01592390723522491,2023,2023-25樣本外
2023-09-08,1,20.0,1,2023-09-07,-0.01979772661350787,0.0033977781388130346,-0.02311695845624251,0.015121249103834826,-0.02395404292217651,-0.0002220495170422998,-0.023737264253197665,0.02016041621504443,2023,2023-25樣本外
2023-09-11,-1,-40.0,3,2023-09-08,-0.004500140978362044,-0.0027462309239025817,-0.0017587399605261123,0.01374608819941326,-0.0045530260966129,-0.012231404958677694,0.007773459189339249,0.01943364797334814,2023,2023-25樣本外
2023-09-12,1,65.0,1,2023-09-11,0.0009085835910924711,-0.010095323147411128,0.011116127639168916,0.024091486515666016,-0.00044622936189209206,-0.005549389567147567,0.0051316376617580595,0.013721552878179428,2023,2023-25樣本外
2023-09-13,-1,-43.0,1,2023-09-12,-0.007884053423287352,0.0004350835558193378,-0.008315519033517016,0.01768448656993255,0.009821428571428648,0.00022109219544552694,0.00959821428571428,0.012834821428571334,2023,2023-25樣本外
2023-09-14,1,33.0,1,2023-09-13,0.0054700671262237766,0.00670674123627979,-0.0012284353122909986,0.016461033184697486,0.008178603006189222,0.006843267108167739,0.0013262599469494596,0.015583554376657786,2023,2023-25樣本外
2023-09-21,-1,-10.0,1,2023-09-20,-0.017406664315326337,-0.021006757418470245,0.003677342137368367,0.02536845696179843,-0.009980719065441734,-0.013895164934477955,0.003969604173755137,0.023023704207780275,2023,2023-25樣本外
2023-09-22,1,16.0,1,2023-09-21,-0.017641468631668156,-0.005157680205949644,-0.01254850962542775,0.012854499074676153,-0.02211020735479441,-0.007903300790330192,-0.014320082483675112,0.009050292129682738,2023,2023-25樣本外
2023-09-25,1,-5.0,3,2023-09-22,0.007918894230049212,-0.0012049801890572365,0.009134881770669567,0.013321952169160045,0.0032802249297094743,-0.0070724637681159885,0.010426429240862234,0.015463917525773117,2023,2023-25樣本外
2023-10-05,1,23.0,1,2023-10-04,0.014316260831966021,0.007999434918504633,0.006266695887554796,0.018287734927056373,0.01475237091675452,0.014040014040014093,0.0007024938531787761,0.016157358623112163,2023,2023-25樣本外
2023-10-12,1,31.0,1,2023-10-11,0.007334705743336389,0.0031673027737293413,0.004154245217208086,0.013211581773711826,0.01534047014678297,0.008108700416392667,0.007173601147776321,0.01523010705220185,2023,2023-25樣本外
2023-10-18,-1,35.0,1,2023-10-17,-0.007951440538356835,0.01309720270341197,-0.020776528832180508,0.030461012245503953,-0.0024117518088138112,0.013250194855806585,-0.015457136592852416,0.03486077614558218,2023,2023-25樣本外
2023-10-23,-1,32.0,3,2023-10-20,-0.015330619371275334,-0.014320873163076175,-0.0010244167505499835,0.023377487179944003,-0.017220966526746206,-0.007499999999999951,-0.009794424712086913,0.03476482617586901,2023,2023-25樣本外
2023-10-31,-1,114.0,1,2023-10-30,-0.012986932499558512,-0.00613757274131399,-0.006891657809357743,0.022487752123430137,0.0008140481451333059,-0.01431680219906084,0.015350622165368089,0.026747296197232207,2023,2023-25樣本外
2023-11-01,-1,-44.0,1,2023-10-31,0.009641527323416499,0.010133087073560532,-0.0004866286991629387,0.022720850940920103,0.002904950034859466,0.0018572257690074867,0.0010457820125493456,0.017197304206367697,2023,2023-25樣本外
2023-11-02,1,17.0,1,2023-11-01,0.02334035057169248,0.02047492650980476,0.002807931863341162,0.02326572115339771,0.01726335302977633,0.015381057013993171,0.0018537828756806096,0.017726798748696572,2023,2023-25樣本外
2023-11-03,1,-14.0,1,2023-11-02,0.02357677874170072,0.00379641218189386,0.01970555614640168,0.020756924292377566,0.030523917995444183,0.0008849557522123686,0.029612756264236983,0.017995444191343943,2023,2023-25樣本外
2023-11-06,1,-42.0,3,2023-11-03,0.025539254395079203,0.014263107055511037,0.011117576160591724,0.023357300195336803,0.014478337754199933,0.0015275504637206616,0.012931034482758674,0.01779398762157382,2023,2023-25樣本外
2023-11-13,-1,-12.0,3,2023-11-10,0.04037841000596676,0.027168162345498903,0.012860842211369627,0.03279804422507633,0.06352324819908306,0.03615482773287959,0.026413446845666932,0.04518664047151277,2023,2023-25樣本外
2023-11-15,-1,-38.0,1,2023-11-14,0.0362184578618121,0.008816541485098695,0.02716243761861259,0.015831868981514008,0.02582451773490968,0.009285714285714342,0.016386641775565147,0.018046048537647737,2023,2023-25樣本外
2023-11-16,-1,-73.0,1,2023-11-15,0.0071956305266214216,0.0005255866355449168,0.006666540046722735,0.014103652894938914,-0.001112122131230353,-0.011505752876438291,0.010514609240724004,0.02305125872004854,2023,2023-25樣本外
2023-11-21,1,-10.0,1,2023-11-20,0.015248156002827695,0.015554286568183695,-0.00030144185240021937,0.018817440945407004,0.0038160273147218593,0.0006006006006005205,0.0032134966860815073,0.010544286001205033,2023,2023-25樣本外
2023-11-28,1,56.0,1,2023-11-27,-0.002299936231466404,0.0012799468741715447,-0.003575306902743547,0.012985834847502386,-0.006337524276806783,-0.002155614863477817,-0.004190943473372122,0.01155064908514766,2023,2023-25樣本外
2023-12-01,1,8.0,1,2023-11-30,-0.00766779632116299,-0.009525582384852682,0.0018756527484706798,0.017498987573800497,-0.01587783171521029,-0.016375214798342252,0.0005056634304207996,0.0210355987055016,2023,2023-25樣本外
2023-12-04,-1,-35.0,3,2023-12-01,0.0036755822132965577,0.011302614101485586,-0.007541789946786004,0.018643712848160077,0.012742780803617348,0.008700102354145312,0.004007810091460229,0.018086527592231068,2023,2023-25樣本外
2023-12-07,-1,9.0,1,2023-12-06,-0.0072377736629996026,-0.021568948443316027,0.014647097266093034,0.023243655375231365,0.01199710414727484,0.0005112474437627412,0.011479987589202656,0.011583410900816944,2023,2023-25樣本外
2023-12-12,-1,0.0,1,2023-12-11,0.03397303248131367,0.02356696585478435,0.010166473688254518,0.02865000781628811,0.005979073243647326,0.013859596263934959,-0.007772795216741457,0.018335824613851415,2023,2023-25樣本外
2023-12-26,1,2.0,4,2023-12-22,0.0034623499789976364,-0.000418422185566536,0.003882396645453756,0.011790442845731282,0.005850804485616923,0.002137374914990664,0.0037055095075573252,0.008581179912238028,2023,2023-25樣本外
2023-12-27,1,14.0,1,2023-12-26,0.01805049784047319,0.012445466861418009,0.005536131241153042,0.016240608780865477,0.012603005332040729,0.008107325547727084,0.004459524963645212,0.013475521085797387,2023,2023-25樣本外
2023-12-28,-1,-42.0,1,2023-12-27,0.0016969898632188674,-0.0018118344764863625,0.00351519328809613,0.008549121201678037,0.0019147917663955294,-0.0038077106139932093,0.005744375299186144,0.01235040689325042,2023,2023-25樣本外
2024-01-03,-1,10.0,1,2024-01-02,-0.036506069975356104,-0.018811415136445575,-0.018033897980347158,0.027551389424424175,-0.023749999999999938,-0.007041564792175992,-0.016826923076923128,0.019519230769230782,2024,2023-25樣本外
2024-01-05,-1,11.0,1,2024-01-04,-0.008210676416633533,0.008222916349623466,-0.016299562824614866,0.018291336924447097,-0.010382350004991547,-0.0040188887772530935,-0.0063891384646102,0.013177598083258392,2024,2023-25樣本外
2024-01-09,-1,45.0,1,2024-01-08,0.03279276164423961,0.026874545013346296,0.005763329765678948,0.029381033128341425,0.0264029715891978,0.01599920500844676,0.010239935749422724,0.022989659672723685,2024,2023-25樣本外
2024-01-12,1,-70.0,1,2024-01-11,0.004707521166556372,0.0026471719133582816,0.0020549095543413998,0.02506396893925174,0.004166666666666652,-0.00471976401179941,0.008928571428571397,0.021527777777777795,2024,2023-25樣本外
2024-01-17,-1,41.0,1,2024-01-16,0.013204423025197087,0.013802332816465812,-0.0005897695950330961,0.023953529117097572,0.004247333069932857,0.01133989853774997,-0.007013038324772736,0.02123666534966408,2024,2023-25樣本外
2024-02-16,-1,9.0,1,2024-02-15,-0.0016011705410904353,-0.007306741585268783,0.00574756703121948,0.013102875754860946,-0.0018565792527269753,-0.013532110091743155,0.011835692736133607,0.02150537634408603,2024,2023-25樣本外
2024-02-22,-1,-113.0,1,2024-02-21,-0.0023581571820583402,0.009859298879160594,-0.012098176522985837,0.014119774640050146,7.978935609997961e-05,0.007313348870851,-0.007181042048990616,0.01970797095667437,2024,2023-25樣本外
2024-02-23,-1,-3.0,1,2024-02-22,0.049705826788654095,0.007498980061001914,0.04189269424877895,0.018680448726598926,0.02975905536939516,-0.004780630734829261,0.034705600765916556,0.019786181586085763,2024,2023-25樣本外
2024-02-27,-1,148.0,1,2024-02-26,0.010496139786740466,0.0009787697122289885,0.009508063869573924,0.010636983941599546,0.008569443372191676,0.004768497154283846,0.0037829074345712144,0.020612985408785513,2024,2023-25樣本外
2024-03-04,1,-1.0,3,2024-03-01,0.04287358364431815,0.03107933712473776,0.011438738121229086,0.03580978734567127,0.04064661537265879,0.02897102897102899,0.011346856299059738,0.05090541695810999,2024,2023-25樣本外
2024-03-06,1,74.0,1,2024-03-05,-0.020501929959433784,-0.008499164915902302,-0.012105652984662818,0.02501018673336057,-0.02379574714306376,-0.01567969661610269,-0.008245334876319843,0.026761174598582505,2024,2023-25樣本外
2024-03-08,-1,148.0,1,2024-03-07,0.03359390787786132,0.020209341364668676,0.013119431444617913,0.0249843435182167,0.053895599350144874,0.02967563837129039,0.023521932612841745,0.052624143533234365,2024,2023-25樣本外
2024-03-12,1,128.0,1,2024-03-11,-0.01363110101698739,0.00037435791480588954,-0.014000217839436169,0.018254137940771877,-0.050215208034433245,-0.03202896532516364,-0.018788003006080523,0.03737104597936735,2024,2023-25樣本外
2024-03-13,-1,-14.0,1,2024-03-12,0.020921434706147046,0.009244397365559154,0.011570078933377026,0.0254754406772729,0.03869946770248878,-0.0008303349017437789,0.03956265285570426,0.044094374910084846,2024,2023-25樣本外
2024-03-19,1,20.0,1,2024-03-18,-2.3120366731022024e-05,-0.01582100420348842,0.01605184006591398,0.022071542822071816,-0.0024821141772521926,-0.025253245826794224,0.023361074609432153,0.03599065557015607,2024,2023-25樣本外
2024-03-21,1,119.0,1,2024-03-20,0.015992581920340587,0.01482547480729024,0.0011500569723794651,0.02458193731552945,0.013939349002743295,0.0016113674650259924,0.012308148587528711,0.017053458886335072,2024,2023-25樣本外
2024-03-22,-1,-98.0,1,2024-03-21,0.02291058397971657,-0.010359354636654716,0.033618201487830346,0.019418651763300557,0.019744058500914097,-0.021746755524377548,0.04241316270566742,0.026032906764168206,2024,2023-25樣本外
2024-03-26,-1,148.0,1,2024-03-25,-0.003416689417431118,0.010991441226378518,-0.014251486270083435,0.020559220579187076,-0.0022057777145296775,0.0004994292237443521,-0.0027038565532944148,0.017219296997296258,2024,2023-25樣本外
2024-04-01,-1,-7.0,4,2024-03-28,0.0010734803416361238,0.002608100236078048,-0.0015306278635496273,0.008096000979601848,-0.004682127441656192,0.002727004716981174,-0.007388982368863761,0.009949520813519743,2024,2023-25樣本外
2024-04-02,1,48.0,1,2024-04-01,0.011597872466214465,0.008243371471879701,0.003327074681817921,0.022537261401652565,0.03998529952223451,0.030592177143273558,0.009114296214626894,0.04343991179713338,2024,2023-25樣本外
2024-04-09,1,116.0,1,2024-04-08,0.0012989896516590882,-0.0048013166497203885,0.006129737110225353,0.01246905561792258,0.010116015846066695,-0.016868631231065967,0.027447651386530714,0.022920203735144376,2024,2023-25樣本外
2024-04-16,-1,148.0,1,2024-04-15,-0.013898694428931213,-0.02604782442176068,0.012474051906723682,0.03560552575842209,-0.016699410609037457,-0.03365053096124693,0.01754139769856855,0.03929273084479367,2024,2023-25樣本外
2024-04-19,-1,148.0,1,2024-04-18,-0.016552412689307405,-0.010958982534327921,-0.005655407668846868,0.020309547633070715,-0.04862259943896996,-0.004665512830160146,-0.04416313025965635,0.03474070344529946,2024,2023-25樣本外
2024-04-24,1,5.0,1,2024-04-23,0.022109029831671956,0.014308296456669867,0.0076906926644026985,0.02126008690254497,0.028362235067437513,0.015758221680876927,0.01240847784200394,0.0235067437379577,2024,2023-25樣本外
2024-05-03,-1,52.0,1,2024-05-02,0.021667465303659483,0.0040923738384592845,0.017503460760302403,0.027107070599510282,0.009559804357492263,0.00464601769911499,0.004891062694530879,0.02608566770416489,2024,2023-25樣本外
2024-05-06,1,-111.0,3,2024-05-03,0.024067660438402916,0.004303681020787931,0.0196792860477486,0.014064077648821572,0.039125009175658976,0.019150467962562923,0.01959920722307884,0.024590765616971468,2024,2023-25樣本外
2024-05-15,1,-69.0,1,2024-05-14,0.016761039084902007,0.01796408428630447,-0.0011818149775351117,0.02004938742590346,0.03783894542722477,0.03727216874871986,0.0005464107642920712,0.03934157502902801,2024,2023-25樣本外
2024-05-20,-1,-16.0,3,2024-05-17,-0.006879865432064203,-0.013054251098747582,0.006256053763397995,0.021697883823546975,-0.0036129540826379536,-0.015064935064935003,0.011627143138671858,0.020758063456611686,2024,2023-25樣本外
2024-05-22,1,106.0,1,2024-05-21,-0.0031333798265346102,0.008626515603259666,-0.011659316157042299,0.011849872798530494,0.0007815043959620294,0.008995403808272906,-0.00814067079127323,0.013285574731357996,2024,2023-25樣本外
2024-05-24,1,-16.0,1,2024-05-23,-0.00016189404327460188,-0.022449796899136176,0.02279975267271439,0.03387096459591842,0.0060198527057315765,-0.013129790174645106,0.019404418828049996,0.03144412423951327,2024,2023-25樣本外
2024-05-28,1,-8.0,4,2024-05-24,0.018521336407867572,0.010435455777046743,0.008002372229310328,0.016193976566432042,0.018524412757018327,0.01781170483460559,0.0007002355337704103,0.025144821439938816,2024,2023-25樣本外
2024-05-29,-1,33.0,1,2024-05-28,0.01856952414516977,0.006025327183778906,0.01246906675451842,0.020645786566352284,-0.0036875000000000657,-0.0016908817635271634,-0.0020000000000000018,0.01737500000000001,2024,2023-25樣本外
2024-06-03,1,51.0,3,2024-05-31,-0.009645755287768343,-0.011039368406829508,0.0014091694598763471,0.041832422882283095,-0.012552301255230214,-0.0029046738843411246,-0.00967573221757334,0.03066161087866107,2024,2023-25樣本外
2024-06-06,1,-59.0,1,2024-06-05,0.04518330737040843,0.026758421529623044,0.017944713629264974,0.030330690131678016,0.06853807306355342,0.02730310864493335,0.04013904374631072,0.03790909687151572,2024,2023-25樣本外
2024-06-11,-1,11.0,1,2024-06-10,0.014215356216097597,0.02263278741046415,-0.008231137606766414,0.026601780891353455,0.022933268446985844,0.025365853658536608,-0.002372407080722616,0.04513656548451862,2024,2023-25樣本外
2024-06-12,1,73.0,1,2024-06-11,0.0005557213188125409,0.004132277805850348,-0.0035618379829925884,0.016253916156944624,-0.01456945765937201,-0.014686645261029807,0.00011893434823972981,0.027473834443387277,2024,2023-25樣本外
2024-06-19,1,148.0,1,2024-06-18,0.01354054956839712,0.010451337220817258,0.003057259893461728,0.017032049366220724,0.013823064770932092,-0.0018331296522609009,0.015684946964567903,0.03311893477770257,2024,2023-25樣本外
2024-06-21,1,-16.0,1,2024-06-20,-0.026904903974245054,-0.03074318195561465,0.003960021647424483,0.03678501054618112,-0.023985753241694052,-0.039434768320736224,0.016083254493850507,0.053814903444821566,2024,2023-25樣本外
2024-06-24,-1,-9.0,3,2024-06-21,-0.012739727736670758,7.042062782702807e-05,-0.012809246329329338,0.023354682077215624,-0.008096704299235924,0.0072375658618493155,-0.015224084844337904,0.0300490363781502,2024,2023-25樣本外
2024-06-25,1,44.0,1,2024-06-24,-0.030155961679431686,-0.020721289000543264,-0.009634307958415023,0.027054061178577612,-0.03535295470223043,-0.01537288036143869,-0.020292021154288298,0.02471832605196587,2024,2023-25樣本外
2024-06-26,1,-134.0,1,2024-06-25,0.017898099606814988,0.010088582222591569,0.007731517335875182,0.020191677588466586,0.028544186878016742,0.015592821418064062,0.01275251772838315,0.021631607174780975,2024,2023-25樣本外
2024-06-27,1,32.0,1,2024-06-26,-0.0028055877651500527,-0.0031683928587752375,0.00036395825636548196,0.020105493026267234,-0.0030706836616454236,-0.000290495003485991,-0.0027809965237542977,0.02022016222479727,2024,2023-25樣本外
2024-06-28,1,-70.0,1,2024-06-27,-0.005727836957478583,-0.0026198961240623264,-0.003116104704052547,0.01618393637937608,-0.0025570988551171236,-0.012428793371310198,0.009995931888185039,0.02516417736967504,2024,2023-25樣本外
2024-07-01,1,-166.0,3,2024-06-28,0.009439061148219352,0.003279938838032681,0.006138986808925884,0.028012816610681553,0.012701742119676007,0.005786702158439905,0.006875254908815576,0.023364213715550843,2024,2023-25樣本外
2024-07-02,1,-150.0,1,2024-07-01,0.0008935978919129006,0.000941154970760083,-4.751236235123191e-05,0.020198236194917757,-0.008515045164259716,-0.010961891643709754,0.002473965824751234,0.027904033139635364,2024,2023-25樣本外
2024-07-08,1,56.0,3,2024-07-05,0.0008121421443383348,-0.004878572283094296,0.005718613094774616,0.013811724572342489,0.008219628472793117,-0.0008145975887909884,0.009041591320072317,0.015233711436243087,2024,2023-25樣本外
2024-07-16,1,148.0,1,2024-07-15,0.00043634928028346565,-0.004287740474512303,0.004744432650700681,0.01910932800479286,-0.011369095276220986,-0.01833792664829348,0.007099012543368088,0.03191886842807574,2024,2023-25樣本外
2024-07-22,-1,-134.0,3,2024-07-19,-0.031134459809948445,-0.029009018309454238,-0.00218894051600127,0.030821754021948342,-0.03549194158375513,-0.02009812614529749,-0.01570954791412127,0.03083726072031193,2024,2023-25樣本外
2024-07-31,1,70.0,1,2024-07-30,-0.03881382650433807,-0.042650660433319554,0.004007767875745527,0.048105007842566994,-0.03418536341478662,-0.03677387185240588,0.0026873320417475366,0.05374664083494778,2024,2023-25樣本外
2024-08-01,-1,-183.0,1,2024-07-31,0.07014713250104809,0.020586548925232373,0.04856088259051372,0.031111520096520625,0.07286139510806278,0.012395432618916846,0.0597256373754369,0.029636340106121473,2024,2023-25樣本外
2024-08-07,1,-75.0,1,2024-08-06,0.010647313279270598,0.0019457301423650986,0.008684685083361954,0.04190554160351378,0.0502872592091923,0.03290348311619251,0.016830010138560336,0.06752281176073004,2024,2023-25樣本外
2024-08-13,-1,-86.0,1,2024-08-12,0.00729809213390098,0.0030765847583240635,0.004208559385915578,0.02334879869199164,0.0030516993776925627,0.009819277108433777,-0.006701771182383909,0.023875059837242755,2024,2023-25樣本外
2024-08-20,-1,17.0,1,2024-08-19,0.018629660074464427,0.020744097342010992,-0.002071466563512425,0.03300227261737811,0.005213704594935198,0.003948271915770185,0.001260456055918402,0.024922653832932247,2024,2023-25樣本外
2024-08-22,-1,-4.0,1,2024-08-21,0.013784808421376749,0.006809624830380612,0.006928006466139447,0.01605950387775914,-0.003487561032318065,0.006339516318384586,-0.009765170890490449,0.01842594745408054,2024,2023-25樣本外
2024-08-23,1,148.0,1,2024-08-22,-0.03436454167006786,-0.04090063218466666,0.006814821001797533,0.04618322566928565,-0.029164722351843198,-0.0323255813953488,0.003266448903406438,0.04211385907606159,2024,2023-25樣本外
2024-09-02,-1,42.0,3,2024-08-30,0.025763284784013463,0.0008245110649385268,0.024918228364070094,0.02017199383605902,0.015075376884422065,0.009643655180524346,0.005379840378362477,0.020573455512858347,2024,2023-25樣本外
2024-09-06,1,-61.0,1,2024-09-05,-0.005959105819717703,0.00718474107960132,-0.013050085414548773,0.025905237012272476,0.017591844346366514,0.013371301225702625,0.004164853608503716,0.022005345931497434,2024,2023-25樣本外
2024-09-10,-1,42.0,1,2024-09-09,0.02154488960342027,0.005980497055420697,0.015471863116191198,0.019751690509736627,0.03800535645963521,0.012565314754914292,0.025124346384389762,0.01817370233388595,2024,2023-25樣本外
2024-09-12,1,-1.0,1,2024-09-11,0.0490314420798732,0.04202770297084335,0.006721259990556838,0.06459118032247518,0.048020685833897625,0.039255189255189116,0.008434402511851236,0.05516222372714405,2024,2023-25樣本外
2024-09-13,-1,-150.0,1,2024-09-12,-0.0023889193245856255,0.004153188279235165,-0.006515049377109117,0.024457401678556985,0.0070492862597661965,0.004865181711606104,0.0021735299300946753,0.018504376431886307,2024,2023-25樣本外
2024-09-16,-1,-78.0,3,2024-09-13,0.016750230685687706,0.008151458841913817,0.008529246045680061,0.012614220037399655,0.006241614653211158,0.0015095215977705134,0.004724960625328123,0.0193665052791228,2024,2023-25樣本外
2024-09-20,-1,43.0,1,2024-09-19,0.04267290077356978,0.0033407395965765474,0.03920120017533413,0.026931918037408735,0.05344332855093259,0.010551668769354317,0.04244380679100912,0.03078670492587282,2024,2023-25樣本外
2024-09-24,-1,-303.0,1,2024-09-23,0.005149938200741611,-0.000312289900504803,0.005463934432786699,0.011857857705707523,0.003906249999999778,-0.0004575611988104633,0.004365808823529438,0.009765625000000097,2024,2023-25樣本外
2024-09-27,-1,148.0,1,2024-09-26,0.034676922837124646,-0.007818995394546335,0.04283081215465301,0.03379626382361881,0.02456813819577741,-0.00885941644562327,0.033726350425006935,0.030326295585412676,2024,2023-25樣本外
2024-10-15,1,-119.0,1,2024-10-14,0.018041807066796256,0.010102493919537103,0.0078599084697355,0.012916187213499417,0.007337141659242263,0.008394103142542297,-0.0010481630941774345,0.019653058015827264,2024,2023-25樣本外
2024-10-16,1,148.0,1,2024-10-15,-0.05283300903315591,-0.05099867016125914,-0.0019329149646276633,0.06068984814651869,-0.026429426148483537,-0.03021351575456055,0.00390198220696103,0.04874876437230115,2024,2023-25樣本外
2024-10-17,-1,-255.0,1,2024-10-16,0.0020698863603234585,-0.0071634065464294405,0.00929991195694635,0.01570198300943984,0.0018703575054774824,-0.012119296026978699,0.01416127825575808,0.017901993266712952,2024,2023-25樣本外
2024-10-24,-1,-11.0,1,2024-10-23,-0.011431962101523752,-0.00840025971817493,-0.003057385213198205,0.024900254493123292,0.011991132607819477,0.021252796420581754,-0.009068923821039854,0.034764207980652995,2024,2023-25樣本外
2024-10-28,-1,148.0,3,2024-10-25,0.010706509410366438,8.633292277226978e-05,0.010619259695866967,0.01492357894451117,0.02783812458950119,0.015930087390761516,0.011721315616632033,0.02627191431314095,2024,2023-25樣本外
2024-10-29,-1,-202.0,1,2024-10-28,-0.0002225278783309914,0.0023232601032003863,-0.0025398871630188946,0.010907702725774612,-0.0430593786865906,-0.02298504466526141,-0.020546598505701952,0.025658670861187567,2024,2023-25樣本外
2024-11-01,1,148.0,1,2024-10-31,-0.04011650357330654,-0.02729492917200871,-0.013181358652097797,0.03375382507776298,-0.020259152612093767,-0.012029451415534687,-0.008329905388728798,0.026737967914438592,2024,2023-25樣本外
2024-11-07,1,55.0,1,2024-11-06,0.031187287828970067,0.010068595819179738,0.02090817603596795,0.02274097785018485,-0.01297507151614219,0.006144553218079496,-0.01900286064568857,0.0294237842255823,2024,2023-25樣本外
2024-11-11,-1,-247.0,3,2024-11-08,-0.008149621577843158,-0.004017425158042376,-0.004148864171098943,0.013359605098622274,4.970425965500347e-05,-0.013193388591887789,0.013420150106864037,0.03275510711267957,2024,2023-25樣本外
2024-11-13,1,-235.0,1,2024-11-12,-0.009260354627947054,-0.007198271171157122,-0.0020770345144568436,0.021249362441553045,-0.011749549085287248,-0.010627869782799393,-0.0011337284205101827,0.022056171089925282,2024,2023-25樣本外
2024-11-19,1,148.0,1,2024-11-18,0.011415945498066682,0.011443148386456103,-2.689512350040335e-05,0.01877900277019781,0.007902800924681541,0.016978573365880045,-0.00892425138433417,0.02424600827912473,2024,2023-25樣本外
2024-11-20,-1,47.0,1,2024-11-19,0.00621628753244674,0.009228218900409813,-0.002984390756775257,0.013158729087275702,0.011681245999573209,0.002855178977422934,0.008800938766801769,0.010667804565820355,2024,2023-25樣本外
2024-11-25,-1,48.0,3,2024-11-22,-0.0014607952770977484,-0.0001008817061114442,-0.0013600507752289381,0.010491532424617868,-0.00606567663668689,-0.01487431977196152,0.008941644007529614,0.018667642752562188,2024,2023-25樣本外
2024-11-29,1,9.0,2,2024-11-27,-0.01512919172978111,-0.009053876075836964,-0.00613082336896964,0.026215814723717087,-0.01441470844212367,-0.004450549450549457,-0.01000870322019154,0.023933855526544697,2024,2023-25樣本外
2024-12-02,1,49.0,3,2024-11-29,0.015155542642607323,0.006453563556058528,0.008646180411744364,0.018081561752396964,0.019151167282962733,0.017354415734670336,0.0017661018820023244,0.0318450245598542,2024,2023-25樣本外
2024-12-06,-1,22.0,1,2024-12-05,-0.018628289383768926,-0.015248226950354549,-0.0034324004545294162,0.01932726513048194,0.017987941601474988,0.015155279503105579,0.002790373212417263,0.02431610942249238,2024,2023-25樣本外
2024-12-10,-1,-9.0,1,2024-12-09,-0.008389149032857146,-0.0009694030905446072,-0.007426945646375471,0.017171477683599046,-0.018963648901586194,-0.00875926939730265,-0.010294552260861067,0.020441335828982395,2024,2023-25樣本外
2024-12-13,-1,-73.0,1,2024-12-12,-0.009071562114642662,0.0006246133823919475,-0.009690122916583888,0.011766577827280474,-0.016135662898252745,-0.01628731439140929,0.00015416238437815366,0.02122302158273379,2024,2023-25樣本外
2024-12-18,1,67.0,1,2024-12-17,-0.01641343515865501,-0.004475229297731698,-0.011991872238901524,0.014756300346647391,-0.007714370487587829,-0.0016915422885572795,-0.006033033330036575,0.02437938878449217,2024,2023-25樣本外
2024-12-20,-1,30.0,1,2024-12-19,-0.015592498863403081,-0.01816609517236123,0.0026212135232892564,0.02320266828673625,-0.004704438535487965,-0.01895161290322589,0.014522397218245109,0.02362446308038456,2024,2023-25樣本外
2024-12-23,1,92.0,3,2024-12-20,0.014599047301812274,0.021069582063399928,-0.006337016472973245,0.036738755933928224,0.013203863542951222,0.023935617860851632,-0.010480887792848281,0.03133990957665445,2024,2023-25樣本外
2024-12-24,-1,46.0,1,2024-12-23,0.03098545592971469,0.020942408376963373,0.009837036320900161,0.022244109158071266,0.0514679782972467,0.03164179104477616,0.019218092388824104,0.036205060595304574,2024,2023-25樣本外
2024-12-27,1,60.0,1,2024-12-26,0.0003382583752773449,0.006748213250541868,-0.006366989075221041,0.01519456621745948,-0.015848398197062963,-0.011873479318734836,-0.004022682111181175,0.02554160810352353,2024,2023-25樣本外
2025-01-02,-1,-17.0,2,2024-12-31,-0.009266867070790608,-0.01213033714997569,0.0028986314560202064,0.019313599296529784,-0.014471780028943448,-0.016435081428357923,0.001996107590199081,0.022056988871700125,2025,2023-25樣本外
2025-01-06,1,148.0,3,2025-01-03,0.02830827441999406,0.020177733171063084,0.007969730160310773,0.02261873942049187,0.034874491517015604,0.022097011268985778,0.012501240202400954,0.02530012898104982,2025,2023-25樣本外
2025-01-15,-1,108.0,1,2025-01-14,0.005161313455669614,-0.003749304039139645,0.008944151839427539,0.021914168014597536,0.00044696066746108265,-0.01822700911350461,0.019020659515295968,0.038537941994437774,2025,2023-25樣本外
2025-01-22,1,-17.0,1,2025-01-21,0.012949786618553949,0.004030308517410264,0.008883674153536747,0.022187527072888596,0.03404255319148941,0.019770586589573647,0.013995271867612402,0.038297872340425504,2025,2023-25樣本外
2025-02-06,-1,-27.0,1,2025-02-05,0.023090107885118005,0.020737521200627107,0.002304791031610076,0.03149546175192246,0.022151433472188176,0.012475728155339816,0.009556481254594296,0.032590051457975874,2025,2023-25樣本外
2025-02-07,1,42.0,1,2025-02-06,0.00021408229401953527,0.005985433469832824,-0.005737012668172503,0.012693705194932752,0.009253488037589408,0.0020946396267733647,0.007143884547154533,0.02004123315913126,2025,2023-25樣本外
2025-02-10,-1,-8.0,3,2025-02-07,-0.016347281049524875,-0.020743043134035077,0.0044888750125180454,0.029664669647468306,-0.0208076009501188,-0.03234589925355613,0.01192399049881221,0.03543942992874113,2025,2023-25樣本外
2025-02-17,1,11.0,3,2025-02-14,0.0008824002839193934,0.0022858052851235655,-0.0014002044065712926,0.008416741169694231,0.010256156171035036,0.019601960196019785,-0.009166129911311605,0.043551503740771894,2025,2023-25樣本外
2025-02-21,1,92.0,1,2025-02-20,0.00017703481747521899,-0.004931655720964212,0.005134009706781351,0.02103324299535366,-0.004229907937297828,-0.0008987417615339277,-0.0033341627270464524,0.013585469022144763,2025,2023-25樣本外
2025-02-26,1,110.0,1,2025-02-25,-0.02291577563085334,-0.020961039741266285,-0.001996586416816881,0.026537211654148813,-0.011896686668405931,-0.006713873590348807,-0.005217845030002555,0.03162014088181582,2025,2023-25樣本外
2025-03-04,1,148.0,1,2025-03-03,-0.04014894844495731,-0.0502940217989194,0.010682330728483791,0.06163738396181874,-0.041876696393951196,-0.04515594810930168,0.0034343322439482904,0.05816207832493214,2025,2023-25樣本外
2025-03-05,1,-11.0,1,2025-03-04,0.006368883827974736,0.008710225094473945,-0.0023211237561114872,0.05620310488550665,0.04064288604960398,0.028218896378384484,0.01208302017690932,0.05446031103659587,2025,2023-25樣本外
2025-03-06,-1,-16.0,1,2025-03-05,0.020909933956056115,0.011614394360013991,0.009188817051108522,0.03228139367706866,0.023777777777777676,0.006994535519125655,0.016666666666666607,0.02233333333333339,2025,2023-25樣本外
2025-03-11,1,35.0,1,2025-03-10,-0.04849241509507318,-0.022967014443379896,-0.026125423633626244,0.044384059927552885,-0.036420101637492874,-0.010552559865483868,-0.0261434217955957,0.03941276115189153,2025,2023-25樣本外
2025-03-12,1,-18.0,1,2025-03-11,-0.007041853855426439,-0.00997254494548605,0.0029602119366460844,0.03855539841410735,0.0018751831233518867,0.0018751831233518867,0.0,0.030647524172282555,2025,2023-25樣本外
2025-03-13,-1,148.0,1,2025-03-12,0.024450911850976587,-0.0015686064803055455,0.026060396838642363,0.022958023076905507,0.036263671989237745,0.008940774487471437,0.027080774404866226,0.019711060419956745,2025,2023-25樣本外
2025-03-18,-1,-29.0,1,2025-03-17,0.014173293409788235,0.016755647891592007,-0.002539798512217417,0.02538058924195283,0.012349933942213731,0.013164702500718661,-0.0008041817450744615,0.019185478775346106,2025,2023-25樣本外
2025-03-19,-1,148.0,1,2025-03-18,-0.016067856354136212,-0.006281885821690647,-0.009847833498071501,0.014281824282746174,-0.017646391284611984,-0.007168253240050437,-0.010553790285973697,0.023547435315478923,2025,2023-25樣本外
2025-03-21,-1,42.0,1,2025-03-20,-0.00715498658979441,0.004872179006171429,-0.011968851210370723,0.01575348525093164,0.02135128913443829,0.014984272233342866,0.0062730202578269445,0.023710865561694154,2025,2023-25樣本外
2025-03-24,-1,40.0,3,2025-03-21,-0.009436320052506164,0.009646907673223515,-0.018900892560259286,0.018674872918283097,-0.004169718825717039,0.010405351323537815,-0.014424973234912986,0.019214515129317614,2025,2023-25樣本外
2025-03-26,-1,-20.0,1,2025-03-25,-0.007004358551580436,-0.00396164004205235,-0.0030548206091747243,0.009458440379871338,-0.0014351954073746898,-0.008604154107524464,0.007231176860234001,0.014959152130713069,2025,2023-25樣本外
2025-04-01,1,6.0,1,2025-03-31,-0.0033793008487925658,0.018345057827590328,-0.021333003493655633,0.03444179691055353,0.004538577912254205,0.0351708655525067,-0.029591527987896993,0.03872919818456887,2025,2023-25樣本外
2025-04-11,1,148.0,1,2025-04-10,-0.0796960134264676,-0.03154873101118616,-0.04971575127941463,0.06603316432058054,-0.04800000000000004,-0.028102893890675218,-0.020472440944881876,0.057259842519685064,2025,2023-25樣本外
2025-04-16,-1,148.0,1,2025-04-15,0.00466374568472383,0.0005249043479991222,0.0041366699806657525,0.018487617467938366,0.009561088295688025,0.005367755128123264,0.004170944558521628,0.014117043121149824,2025,2023-25樣本外
2025-04-21,-1,-69.0,4,2025-04-17,-0.00640365864092074,-0.013988226940136572,0.007692168092150453,0.023711684991846244,0.0004615283180591234,-0.02761935277154759,0.02887848618711697,0.039889233203665934,2025,2023-25樣本外
2025-04-24,-1,44.0,1,2025-04-23,0.039631528816168826,-0.012661678657549857,0.05296381832178598,0.027935439255750767,0.04233817701453102,-0.009788542385643528,0.05264200792602369,0.028929986789960338,2025,2023-25樣本外
2025-04-25,-1,-17.0,1,2025-04-24,0.056293801080342876,0.033602857016539645,0.02195325207333476,0.03958914837647349,0.04036499588112297,0.04056280897452158,-0.00019010202141811483,0.04537101577846794,2025,2023-25樣本外
2025-04-28,-1,-31.0,3,2025-04-25,0.010317975186481698,0.020277842437564697,-0.00976191664349757,0.030136471974887214,0.005603605798513822,0.007137192704202988,-0.001522718966987413,0.0289316603727616,2025,2023-25樣本外
2025-05-05,-1,-141.0,3,2025-05-02,0.035169952397319904,0.007700328868212258,0.02725971476059752,0.018447804202784517,0.037980546549328364,-0.002892102335928848,0.040991199629458075,0.020321908290875518,2025,2023-25樣本外
2025-05-06,1,-95.0,1,2025-05-05,-0.009294868150237057,0.0011076996617152002,-0.01039105764091841,0.011560023197371155,-0.016064257028112428,-0.014525139664804398,-0.0015618027666221002,0.021363230700580167,2025,2023-25樣本外
2025-05-13,-1,28.0,1,2025-05-12,0.07039740288816754,0.002343938361549336,0.06789432441509002,0.022131422814284197,0.059256741445728345,-0.001601879538658757,0.06095626557897127,0.025832766825288768,2025,2023-25樣本外
2025-05-16,1,-53.0,1,2025-05-15,-0.0057007738780380235,0.004635730565473617,-0.01028880830039125,0.01918266061648182,-0.0027726432532346745,0.005800103573278204,-0.008523310741425316,0.014684740193058194,2025,2023-25樣本外
2025-05-19,-1,61.0,3,2025-05-16,-0.0020801021804580655,-0.0011141145528932306,-0.0009670650488092791,0.011975792962929114,0.0,-0.0015935845370893542,0.00159612810215215,0.012923488827103384,2025,2023-25樣本外
2025-05-22,-1,-102.0,1,2025-05-21,-0.018007352610421967,-0.011191932584871056,-0.006892561104772654,0.03560168316710235,-0.008736107521323366,-0.006939409632314875,-0.0018092530369604454,0.024502455414835922,2025,2023-25樣本外
2025-05-27,-1,-59.0,4,2025-05-23,-0.015305299792481186,0.009155056527001548,-0.024238451922009796,0.016974245466938414,-0.021458789948519352,-0.00020831163420487186,-0.02125490595850954,0.014118966308170703,2025,2023-25樣本外
2025-05-28,-1,34.0,1,2025-05-27,0.03375099417741656,0.013774650472154537,0.019704915383274013,0.023602941489203486,0.02969059277008035,0.018444100978876943,0.01104281696010001,0.02401291801229302,2025,2023-25樣本外
2025-05-29,-1,-6.0,1,2025-05-28,-0.005486423826754905,-0.007012340404555006,0.0015366923879212013,0.013058799569643943,-0.007790368271954784,0.0002549849558874939,-0.008043302306758426,0.013101983002832877,2025,2023-25樣本外
2025-06-02,-1,-45.0,3,2025-05-30,-0.02107199288959094,-0.01453735825609681,-0.0066310323260253545,0.03185693594048328,-0.019426832361146396,-0.012514685600449549,-0.006999746386000538,0.027136697945726575,2025,2023-25樣本外
2025-06-04,1,-10.0,1,2025-06-03,0.027234785703496245,0.02649774826001905,0.0007180117489069548,0.03209740129407648,0.01421679326626979,0.016773861589915118,-0.0025148840073907497,0.023249846027509756,2025,2023-25樣本外
2025-06-05,-1,-29.0,1,2025-06-04,0.013886846573913258,0.005798978084978534,0.008041237528729539,0.018131056862749094,0.024239663984616078,0.005065051147085109,0.019077981883507844,0.018470725165730506,2025,2023-25樣本外
2025-06-10,1,-47.0,1,2025-06-09,0.019571025354997662,0.010407671502335791,0.009068967023020624,0.02036895154087087,0.008870260259284501,0.0029069767441860517,0.005945998635344507,0.016570815868993106,2025,2023-25樣本外
2025-06-11,-1,-157.0,1,2025-06-10,0.020604828818726606,0.014180143929428235,0.006334855723368893,0.020086982591800955,0.02637681159420291,0.004016823401540526,0.022270531400966354,0.015797101449275274,2025,2023-25樣本外
2025-06-18,1,43.0,1,2025-06-17,-0.008286978148197455,-0.003764739986916954,-0.004539327549218708,0.0169688455185769,-0.008252967359050456,4.675300388057302e-05,-0.008299332344213761,0.011313056379821948,2025,2023-25樣本外
2025-06-19,-1,-23.0,1,2025-06-18,0.0052396312922957655,0.0005239821884164275,0.004713179481780072,0.01638892345390669,-0.0018700327255727345,-0.0055891942244992165,0.003740065451145247,0.01065918653576438,2025,2023-25樣本外
2025-06-27,-1,-109.0,1,2025-06-26,0.00876704348934143,0.0019889846414222756,0.006764604154151366,0.010571059290408262,0.005701715004040597,-0.0043114943550537355,0.0100565681961029,0.01131363922061601,2025,2023-25樣本外
2025-07-09,1,28.0,1,2025-07-08,0.01805024182487558,0.008902894424334562,0.009066628167184065,0.018732404533314116,-0.005716280490465464,-0.008355818609104282,0.002661779465026104,0.012174368372823758,2025,2023-25樣本外
2025-07-11,1,34.0,1,2025-07-10,0.007463832445874452,-0.0007037445512316776,0.008173328932807866,0.011676688451620962,-0.00897170462387864,-0.012973623163502035,0.004054520358868219,0.022774327122153215,2025,2023-25樣本外
2025-07-15,1,-38.0,1,2025-07-14,-0.00870215526246021,-0.0008952931642773887,-0.007813857791650447,0.018031034234563204,-0.007508680555555647,-0.0028779488073955584,-0.004644097222222143,0.015364583333333298,2025,2023-25樣本外
2025-07-16,1,-41.0,1,2025-07-15,0.012731284710415958,-0.01028378184260037,0.023254207752465117,0.013717698061883719,0.03620938470284685,0.010620148426170761,0.025320330607425667,0.016880220404950425,2025,2023-25樣本外
2025-07-29,-1,-61.0,1,2025-07-28,0.01616051407580077,0.005646033490566804,0.010455448771312215,0.007614428979818803,-0.011604234527687218,-0.0010288065843621075,-0.010586319218241047,0.011807817589576455,2025,2023-25樣本外
2025-08-11,1,148.0,3,2025-08-08,0.007866943571720242,0.0086242577009914,-0.0007508387028062335,0.011557235919555636,-0.0032561206825487687,-0.005469649613423222,0.00222570274503342,0.017269804632759036,2025,2023-25樣本外
2025-08-13,1,-25.0,1,2025-08-12,0.029931027428545365,0.022763134160287635,0.007008361006424657,0.02821332646723238,0.009087529431203167,0.0023387493845397067,0.006733033169482372,0.012681234251724655,2025,2023-25樣本外
2025-08-14,-1,1.0,1,2025-08-13,0.008993012093991615,0.0029206273562025764,0.006054701211796409,0.012388507711353825,-0.011666461991894805,-0.02024915797589588,0.008760080232510514,0.026566785378034342,2025,2023-25樣本外
2025-08-22,-1,0.0,1,2025-08-21,-0.004894491388465538,-0.0007775134549059537,-0.004120181430058101,0.012287730739039715,-0.005555555555555425,-0.0035941266710497466,-0.0019685039370078705,0.01780402449693798,2025,2023-25樣本外
2025-08-29,-1,-2.0,1,2025-08-28,0.0048827303458944815,-0.001046221484917731,0.005935161324105875,0.013755427402006453,-0.004262610221906438,0.008336859923825601,-0.012495298591666981,0.01947427807263152,2025,2023-25樣本外
2025-09-02,-1,19.0,4,2025-08-29,-0.031455395050443924,-0.015462046519867378,-0.016244522086775293,0.019225873689785622,-0.03105720401225498,-0.021073609226594292,-0.010198514290510774,0.022537457506190354,2025,2023-25樣本外
2025-09-04,1,-215.0,1,2025-09-03,-0.002254944286463667,-0.004676905554270361,0.002433341777481335,0.015442086822491,0.013135426244581527,-0.0005615065653076234,0.013704628048513579,0.016857130347213076,2025,2023-25樣本外
2025-09-08,-1,-12.0,3,2025-09-05,0.016503583363032925,-0.002425801804547212,0.01897541576538586,0.018671950259886435,0.03486246333064069,0.013195138195138068,0.021385145189405153,0.02827260745716596,2025,2023-25樣本外
2025-09-09,1,21.0,1,2025-09-08,0.008367757836637013,0.0009614009576104365,0.007399243239490483,0.008579511924185145,0.015529353765252107,0.021488491259969322,-0.005833778398586675,0.025717924489544353,2025,2023-25樣本外
2025-09-10,1,31.0,1,2025-09-09,0.001759154228941462,-0.0008944144589565495,0.002655944202795135,0.009320763355887855,0.015089607184756604,0.016158425464706472,-0.0010518224847283486,0.031554674541850326,2025,2023-25樣本外
2025-09-15,-1,-45.0,3,2025-09-12,0.0010591471113639006,-0.0027648636343999833,0.0038346129275992347,0.007867711691816557,0.0016221853153604027,-0.00582710369944428,0.007492951218570187,0.009926229191610958,2025,2023-25樣本外
2025-09-16,1,-4.0,1,2025-09-15,0.009678859797325412,0.01100288961407303,-0.0013096202101390286,0.013712689986570593,0.007904985925269115,0.0053076923076922355,0.0025835807658196597,0.015617167315775312,2025,2023-25樣本外
2025-09-22,1,69.0,3,2025-09-19,-0.007312652114632279,-0.0025830653976465223,-0.004741835187379695,0.010260968181760272,-0.014033650982727797,-0.0056312647820701,-0.008449970220369196,0.013996426444312057,2025,2023-25樣本外
2025-09-23,1,91.0,1,2025-09-22,0.015703798788559542,0.013170972961812355,0.002499899715191045,0.016188374984957333,0.02929739117302832,0.022848352967659524,0.006304979801412092,0.041190017744554025,2025,2023-25樣本外
2025-09-24,-1,-137.0,1,2025-09-23,-0.003461229802910526,-0.004469323115332768,0.0010126190340782326,0.015810126822240325,0.03697318710340025,0.0010977337110482654,0.035836114880974046,0.02200784946630965,2025,2023-25樣本外
2025-09-26,-1,-158.0,1,2025-09-25,-0.0019580752739399854,0.017499975714715843,-0.01912339209147218,0.027582976020327075,-0.014427701186277453,0.01296133567662583,-0.027038580741690632,0.02475864771472334,2025,2023-25樣本外
2025-10-03,1,148.0,1,2025-10-02,0.019399164343689934,-0.001053763019400411,0.02047450263680961,0.010862608995304768,-0.0012479633930738698,-0.02836233643599073,0.02790584809512242,0.033591014663570055,2025,2023-25樣本外
2025-10-07,1,25.0,1,2025-10-06,0.02890758140509808,-0.011478653731656907,0.04085519780550273,0.016502778056241535,0.03494301653033971,0.007966401119962718,0.026763407371915404,0.02518908929121467,2025,2023-25樣本外
2025-10-08,1,-8.0,1,2025-10-07,-0.020563738732754078,-0.029675313374292633,0.009390232740778659,0.03319722588816752,-0.02767857142857144,-0.04106059617767932,0.013955026455026553,0.04570105820105837,2025,2023-25樣本外
2025-10-13,1,24.0,3,2025-10-10,-0.06324376480219873,-0.06505209800056322,0.0019341539721060563,0.06792491447618489,-0.0640923035881018,-0.06434191225496722,0.00026677337601710427,0.06625983726824064,2025,2023-25樣本外
2025-10-15,1,148.0,1,2025-10-14,-0.022776929174964766,-0.0018230626541058115,-0.02099213650094378,0.02583636128368239,-0.022945623823830363,0.0010486080573690604,-0.023969097692231434,0.034368912806629556,2025,2023-25樣本外
2025-10-21,1,-202.0,1,2025-10-20,0.015793791070495944,0.003849165212294503,0.01189882531373665,0.011872268729031268,0.008878948081876059,-0.0076666666666667105,0.01667344448962993,0.022332926663955453,2025,2023-25樣本外
2025-10-23,1,-9.0,1,2025-10-22,-0.0236428741663951,-0.012842156926515691,-0.010941226183496355,0.03983904714976894,-0.019116498590879716,-0.014061433447098981,-0.005127160368068928,0.03667108077824187,2025,2023-25樣本外
2025-10-29,1,46.0,1,2025-10-28,0.003729084065524857,0.005106060775394772,-0.0013699815010643768,0.012191719284931088,0.0109974853310979,0.010760257441673193,0.0002347024308466672,0.020284995808885202,2025,2023-25樣本外
2025-11-03,-1,1.0,3,2025-10-31,0.0017544345898004021,-0.007642432454323167,0.009469235033259471,0.024136640798226174,-0.009201240023745227,-0.018170528448642087,0.009135281313897403,0.036277290416199454,2025,2023-25樣本外
2025-11-06,1,-36.0,1,2025-11-05,0.030188106144074967,0.02363089170705046,0.006405838755109583,0.03651657623607184,-0.0013943206937596653,0.003485749436128671,-0.0048631185172589575,0.02285325624893735,2025,2023-25樣本外
2025-11-10,1,93.0,3,2025-11-07,-0.010120554714115437,0.004280293448014172,-0.014339471018282035,0.03708970290907167,-0.009473101922279126,0.004522983065109898,-0.013933065965979874,0.03720094039551926,2025,2023-25樣本外
2025-11-11,-1,148.0,1,2025-11-10,0.030168294143386953,0.002843066644620862,0.027247760300315615,0.016102519518205592,0.03061082024432804,0.00309145264302213,0.027434554973821967,0.018778359511343788,2025,2023-25樣本外
2025-11-14,1,-144.0,1,2025-11-13,-0.03719078864691838,-0.026335216766121716,-0.011149188167966395,0.0364749023245831,-0.028972541463079038,-0.02410346854791312,-0.004989333149817643,0.032688734429839654,2025,2023-25樣本外
2025-11-18,-1,148.0,1,2025-11-17,-0.01548332158797272,-0.007521579028381353,-0.008022081277895166,0.037483850129199026,-0.009865880205041755,0.002025298465036851,-0.011867144161224585,0.023628958640544772,2025,2023-25樣本外
2025-11-20,-1,-208.0,1,2025-11-19,0.018165082437418212,0.014101573902890019,0.004007003478842197,0.03035400540067737,0.01604836098017337,0.019680774230824705,-0.0035623043431326495,0.029613903781799927,2025,2023-25樣本外
2025-11-25,-1,-92.0,1,2025-11-24,0.046323771585734974,0.03207767372968773,0.013803319477462495,0.04021584564258088,0.03482876463317086,0.04191222226289382,-0.0067985166872682745,0.043154220897258795,2025,2023-25樣本外
2025-11-28,1,148.0,2,2025-11-26,0.027595328096654992,0.014395248141967576,0.013012758073212227,0.025118480588843393,0.01854714064914975,0.0029747492217224725,0.015526204861598947,0.017844597442742673,2025,2023-25樣本外
2025-12-01,-1,101.0,3,2025-11-28,0.018217367736025558,0.01418236991674493,0.003978572236088107,0.017441944731906574,0.0053455649055043075,-0.0033164660831510595,0.00869085391088431,0.012656918195613244,2025,2023-25樣本外
2025-12-03,1,-116.0,1,2025-12-02,0.01836613475051041,0.007164782964552252,0.01112166745245724,0.021911451129758,0.01532953281423799,0.0003082191780821031,0.015016685205784253,0.018492769744160153,2025,2023-25樣本外
2025-12-08,1,86.0,3,2025-12-05,0.010929923489149784,-0.0011255555890270497,0.012069063480031117,0.013166629018690517,0.00611067490526751,-0.004492484377638828,0.010651008773427062,0.025774075717748306,2025,2023-25樣本外
2025-12-09,-1,1.0,1,2025-12-08,0.011018747498231729,0.0023185144112114475,0.008680108131226882,0.01477756880205737,0.02426031487513569,0.00222443559096952,0.021986970684038987,0.020019001085776252,2025,2023-25樣本外
2025-12-11,-1,148.0,1,2025-12-10,0.012882993715844338,0.013265072126115829,-0.0003770764637824886,0.02127091044976537,0.02218120694769432,0.015620394930739634,0.006459905738110061,0.037836590751788066,2025,2023-25樣本外
2025-12-16,-1,-183.0,1,2025-12-15,-0.006136286409319847,-0.014917696198143648,0.008914391980175074,0.021974616020029716,-0.014724010409532973,-0.02510587836693201,0.010649226133406131,0.028249554855499244,2025,2023-25樣本外
2025-12-17,1,-153.0,1,2025-12-16,-0.004573408426687409,-0.0027888046546955536,-0.001789594601747324,0.018667002364668134,-0.003023562938764157,-0.0013576550859847325,-0.0016681726558699372,0.01786334885660661,2025,2023-25樣本外
2025-12-24,-1,-27.0,1,2025-12-23,0.005453728673849634,0.009292831665587142,-0.0038037553337241237,0.01328515429839751,0.012513638843426156,0.012099522835719245,0.00040916530278223284,0.019469448990725714,2025,2023-25樣本外
2025-12-29,1,-2.0,3,2025-12-26,0.00045389117993677175,-0.0030457863855284373,0.0035103694007943,0.006174030484275582,0.013520749665327791,0.009803267755918554,0.003681392235608927,0.0162650602409639,2025,2023-25樣本外
2025-12-30,1,12.0,1,2025-12-29,-0.0040748428056894825,0.00872943937381887,-0.012693475256810971,0.014769050618510332,-0.006339981508387105,-0.0028497581019284457,-0.003500198124422149,0.019317131158367532,2025,2023-25樣本外
2025-12-31,1,45.0,1,2025-12-30,-0.0012774665762085302,-0.0051276358060240446,0.003870013248317372,0.008740267501779645,-0.004453010766981347,-0.009194337875380487,0.004785325003323182,0.016948026053436205,2025,2023-25樣本外
2026-01-05,1,148.0,3,2026-01-02,0.040143269995044584,0.010811300278377178,0.029018244759025924,0.018623122828467054,0.05172924413439084,0.02445669594204758,0.026621474875777595,0.03254467076902822,2026,2026樣本內
2026-01-06,1,148.0,1,2026-01-05,0.01072009794407025,-0.016378176169416836,0.0275494844227393,0.021931545021560986,0.008260066956603307,-0.024667070217917586,0.03375989487187492,0.030505929101091955,2026,2026樣本內
2026-01-07,1,-143.0,1,2026-01-06,0.02746006486312269,0.01436107660345698,0.01291353598023215,0.019313901254960502,0.016074476338246768,-0.008448912845981482,0.024732350659425917,0.026346004654771167,2026,2026樣本內
2026-01-12,-1,-125.0,3,2026-01-09,0.02725622302013142,0.02241234157773775,0.0047376985247642445,0.02838315783811412,0.017672400238986308,0.01188131194697184,0.00572309046885322,0.02050249992138606,2026,2026樣本內
2026-01-13,-1,-185.0,1,2026-01-12,0.004720649108889141,0.013281860622319952,-0.008448993163829854,0.01768214296000155,0.025152179958594756,0.030021732381247945,-0.00472762104872837,0.038593455489293355,2026,2026樣本內
2026-01-14,1,-105.0,1,2026-01-13,0.009531143320251623,0.002965665080491009,0.006546064803956808,0.014332546346243048,-0.0016879163275763664,-0.004986931835251118,0.003315549929167938,0.0169997287277332,2026,2026樣本內
2026-01-19,1,148.0,3,2026-01-16,0.0114975820754597,-0.0057018363525305205,0.01729804907302257,0.015636762660610183,0.0022245638683995317,-0.011861129548930816,0.014254771104086128,0.02455801428404181,2026,2026樣本內
2026-01-20,1,148.0,4,2026-01-16,0.0114975820754597,-0.0057018363525305205,0.01729804907302257,0.015636762660610183,0.0022245638683995317,-0.011861129548930816,0.014254771104086128,0.02455801428404181,2026,2026樣本內
2026-01-27,1,101.0,1,2026-01-26,-0.003881662693690502,0.001239069725143871,-0.0051143953264228825,0.012753316503161085,-0.006450264281661622,-0.00024039183869717373,-0.006211365604562924,0.0145429569683758,2026,2026樣本內
2026-01-29,-1,-192.0,1,2026-01-28,0.023352937842945343,0.0023264064019616892,0.020977728718594157,0.014084940829204222,0.011704202872850011,-0.002128093752732929,0.013861795826683121,0.020216350416740483,2026,2026樣本內
2026-01-30,-1,-120.0,1,2026-01-29,0.0016432439199973725,-0.0023561038076557184,0.0040087928597742906,0.04406542157332479,-0.0080338884019866,-0.0007357268981753595,-0.007303534910896858,0.045398773006135026,2026,2026樣本內
2026-02-02,-1,-178.0,3,2026-01-30,-0.03869049407539782,-0.025328039852211437,-0.013709693896560071,0.04351478716742839,-0.02647621852451776,-0.01448929700077517,-0.012163157119717272,0.03180680312177869,2026,2026樣本內
2026-02-03,-1,148.0,1,2026-02-02,0.017005752350136794,0.02254774283731731,-0.005419786534174742,0.0325887325951088,0.03267182962245885,0.03204740597412026,0.0006050338818972545,0.04568005808325256,2026,2026樣本內
2026-02-04,1,15.0,1,2026-02-03,-0.020672469939725713,-0.02885519131345382,0.008425850913825084,0.05448159626479342,-0.016434262948207157,-0.027009012664097165,0.010868291539723351,0.04988868057183041,2026,2026樣本內
2026-02-06,1,148.0,1,2026-02-05,-0.0005932412496915118,0.010982591424231858,-0.011450081111303634,0.03326350936323684,0.015318966046540261,0.024502818908370028,-0.008964204580340196,0.045803401485847654,2026,2026樣本內
2026-02-11,1,148.0,1,2026-02-10,-0.006793195288744447,-0.010312990974912117,0.0035564735659558977,0.017887726674654363,0.018288736951689533,-0.006642329755990328,0.02509777440139538,0.02355026589009877,2026,2026樣本內
2026-02-24,1,148.0,1,2026-02-23,-0.005684940959418627,-0.004240801897086199,-0.0014502894525944,0.020230206212274882,-0.0013493819830517895,0.008255905833628674,-0.00952663680034549,0.01881038484374164,2026,2026樣本內
2026-02-25,1,148.0,1,2026-02-24,0.014473802757912102,0.0021167228319827203,0.012330978661855063,0.019712764170033075,0.04245486974381141,0.01673695308381662,0.02529456274997277,0.035482650524267634,2026,2026樣本內
2026-03-03,-1,148.0,1,2026-03-02,0.004814549100621512,0.02746130933967339,-0.02204147254324018,0.02908486522596522,-0.0146030220513641,0.01026384935406166,-0.02461423460942913,0.02255859896417333,2026,2026樣本內
2026-03-05,-1,148.0,1,2026-03-04,0.019266234635950452,0.0029399539745136316,0.016278422847487706,0.019651301758687855,0.012205136918415294,2.797750608518612e-05,0.012176818735309958,0.018520091750913157,2026,2026樣本內
2026-03-06,1,-62.0,1,2026-03-05,-0.011715235871465834,-0.006879178866268543,-0.004869555548816851,0.038487683334849615,-0.010015666965085046,-0.002930402930402809,-0.00710608773500454,0.04383952551477176,2026,2026樣本內
2026-03-09,1,148.0,3,2026-03-06,-0.03925203534754329,-0.014806599123193487,-0.024812829849036544,0.0396649858855296,-0.04230486633131758,-0.01342066957787491,-0.029277115243316554,0.033996495789295283,2026,2026樣本內
2026-03-11,1,148.0,1,2026-03-10,0.007006043224418779,0.0023692001432480403,0.004625883437467948,0.023807999590289963,-0.004617149412102117,-0.003960168737624614,-0.0006595927731573026,0.026355032979638652,2026,2026樣本內
2026-03-13,1,148.0,1,2026-03-12,-0.03429118701331846,-0.01651163419112678,-0.018078050986977123,0.024307069114304393,-0.05034408844765348,-0.02665279102708651,-0.024340027075812287,0.02964237364620936,2026,2026樣本內
2026-03-23,1,-318.0,3,2026-03-20,-0.02450497882568392,-0.02442557607730722,-8.139076469171336e-05,0.03926214184884215,-0.02818855338115056,-0.02209813472733757,-0.006228046872694071,0.03453466749313747,2026,2026樣本內
2026-03-24,-1,148.0,1,2026-03-23,0.013365299500300631,-0.006735379205299319,0.02023698245641481,0.02914761668237597,0.027973514761268303,0.022198731501057,0.005649374316607947,0.037389138622281624,2026,2026樣本內
2026-03-27,1,148.0,1,2026-03-26,-0.04792821059897712,-0.03040733559396569,-0.018070346082645572,0.03123842992061756,-0.06222861250898626,-0.04034488847036666,-0.02280373831775706,0.04468727534148101,2026,2026樣本內
2026-03-30,1,148.0,3,2026-03-27,-0.01689984141568468,-0.011629571316109644,-0.00533228225635296,0.024321534642697543,0.0019318634816472002,0.005879998768586692,-0.003925055962712087,0.02223176228879826,2026,2026樣本內
2026-04-02,-1,148.0,1,2026-04-01,0.028216177749664118,0.015845095636935147,0.012178118657916182,0.028492923222898717,0.010474922325787839,-0.00700785111951141,0.017606154756620862,0.026424027222962,2026,2026樣本內
2026-04-08,1,148.0,1,2026-04-07,0.011086253222858167,0.011206329112324775,-0.00011874519176713338,0.027320236833495295,0.01041666666666674,0.017322649069055007,-0.006788389513108561,0.028909176029962534,2026,2026樣本內
2026-04-13,1,-188.0,3,2026-04-10,0.023050728865657844,0.00880708833869348,0.014119290686607666,0.019261110785048306,0.013981230676626044,-0.013285763731728628,0.02763413499685341,0.022572437002380364,2026,2026樣本內
2026-04-17,-1,39.0,1,2026-04-16,0.009747502243137696,0.012306951116165088,-0.002528332804793476,0.022856734662511976,-0.031324980005331904,-0.014937916824811603,-0.016635563849640156,0.025726472940549125,2026,2026樣本內
2026-04-22,1,-83.0,1,2026-04-21,0.0050004114921957665,-0.003055768551109117,0.008080873321867355,0.015803383820126752,0.00502402795980772,0.0,0.00502402795980772,0.01539973787680206,2026,2026樣本內
2026-04-30,-1,148.0,1,2026-04-29,0.023488428172562026,0.007747983042150297,0.015619426082000176,0.015917366011730424,0.003797726461742368,0.0023415031432134636,0.0014528215323446059,0.019549370444002692,2026,2026樣本內
2026-05-04,1,148.0,3,2026-05-01,0.008724544684254099,0.01987906229966452,-0.010937098355817576,0.024735093348058252,0.004065040650406582,0.010751321675477987,-0.0066151593192950164,0.02994495783467155,2026,2026樣本內
2026-05-13,1,-78.0,1,2026-05-12,-0.030111646017230376,-0.002061922399835714,-0.02810767947130388,0.05425195181871759,-0.01794630938844133,-0.0011816467630422212,-0.016784495970732283,0.03984772828397687,2026,2026樣本內
2026-05-14,-1,1.0,1,2026-05-13,0.025664703181460524,0.0024381190699613864,0.023170092666715547,0.03135374652435802,0.006343133306484283,0.003841614984809283,0.0024919452275473652,0.033251107531212194,2026,2026樣本內
2026-05-15,-1,148.0,1,2026-05-14,0.004643043173644834,0.010346322302500432,-0.005644875428316598,0.020729773223120775,0.04482241120560282,0.03598621065945795,0.00852926463231607,0.04969984992496249,2026,2026樣本內
2026-05-18,1,148.0,3,2026-05-15,-0.040196193735516306,-0.007203230830650553,-0.03323234314357226,0.023886471345345005,-0.032007086086373704,-0.005289052890528834,-0.026860097673082506,0.026429187015225557,2026,2026樣本內
2026-05-19,-1,148.0,1,2026-05-18,-0.024674546919952967,-0.04425548035325899,0.020487623031878233,0.06283147199886775,-0.02077408185977503,-0.026862957137239518,0.006256955607765402,0.03914925188574251,2026,2026樣本內
2026-05-20,-1,-27.0,1,2026-05-19,0.00026365801608840833,0.02275287023056838,-0.021988901590087928,0.05469930599547709,-0.008435408511175635,0.007958717362840595,-0.01626467988382374,0.03490339689354715,2026,2026樣本內
2026-05-29,1,148.0,1,2026-05-28,0.009994339558768939,0.006318345793534741,0.003652913395249202,0.03404924662597552,0.005038677169824757,0.006252664487707893,-0.00120644382939461,0.03049227639391584,2026,2026樣本內
2026-06-01,1,148.0,3,2026-05-29,1.8707411408636077e-05,-0.011129378738793827,0.011273553800176916,0.029471188248004165,-0.0150873228828321,-0.02018404477017821,0.005201713505625261,0.03104552087746551,2026,2026樣本內
2026-06-02,-1,148.0,1,2026-06-01,0.010621713598007121,0.020385436882506713,-0.009568661930662192,0.035619803918817555,0.04105627912534349,0.025301261532667985,0.015366232524793855,0.06426096307802602,2026,2026樣本內
2026-06-08,1,148.0,3,2026-06-05,-0.10256948779144481,-0.06444300691671989,-0.04075270791261254,0.06565962915366262,-0.06686595342983004,-0.03397165925960388,-0.03405106536006486,0.047446731996763365,2026,2026樣本內
2026-06-10,-1,148.0,1,2026-06-09,-0.019283022990402743,-0.03691549639769953,0.01830833466984938,0.11389209781903811,0.002624179943767624,-0.006869662086891881,0.009559512652296043,0.0764995313964387,2026,2026樣本內
2026-06-11,-1,148.0,1,2026-06-10,-0.03565782706487142,-0.02362692211706441,-0.012322036750433085,0.056318589076625486,-0.04479809310151439,-0.012585757077978488,-0.03262292017199486,0.0435128061319873,2026,2026樣本內
2026-06-18,1,148.0,1,2026-06-17,0.013754097645442886,-0.015841963018867422,0.03007246758365678,0.037187589794662725,0.01484160345677843,-0.005980448533640104,0.020947326397858346,0.02550313505389478,2026,2026樣本內
2026-06-22,1,148.0,4,2026-06-18,0.06416157221117058,0.01824809226426294,0.04509066139746998,0.02964368367901927,0.06935091981950725,0.052952971199416776,0.01557329630915194,0.06208492421612876,2026,2026樣本內
2026-06-25,-1,148.0,1,2026-06-24,-0.0018030767268112369,-0.0019259620725635695,0.00012312247496937267,0.03571664326597935,0.010174385297554878,0.015784137517857788,-0.005522583010609705,0.025848438323518023,2026,2026樣本內
2026-06-26,-1,148.0,1,2026-06-25,0.0358643800805456,-0.015227002853120397,0.05188138086816951,0.06053855641913478,-0.013247737222965683,-0.03954515345550891,0.02738016922623232,0.046412449243472494,2026,2026樣本內
2026-06-30,1,148.0,1,2026-06-29,0.038329785050558396,0.03531876299372372,0.0029083043449611434,0.0720123421165639,0.05261940557418754,0.041418764302059596,0.01075517520527347,0.057846652018041046,2026,2026樣本內
2026-07-02,1,148.0,1,2026-07-01,-0.06272776788872847,-0.026592642702185643,-0.037122305390062116,0.036624655365074435,-0.06981175534476614,-0.05012081168345195,-0.02072994534832584,0.052432104194149474,2026,2026樣本內
2026-07-03,1,148.0,1,2026-07-02,-0.05444804572359763,-0.048386294469039526,-0.006369970524096047,0.0862941539456972,-0.022668437521103924,-0.036356372353176125,0.01420435360061223,0.07196722418566964,2026,2026樣本內
2026-07-08,-1,-311.0,1,2026-07-07,-0.04648166609044546,-0.006087657746613129,-0.0406414193954483,0.035400391003508495,-0.04254188893069799,-0.01244235423040041,-0.030478762256800795,0.02587485336107483,2026,2026樣本內
2026-07-09,-1,148.0,1,2026-07-08,0.022312064855794622,0.024247227398902504,-0.001889351019306429,0.0325311450247633,0.010194881753242235,0.018601398601398644,-0.008252999514529402,0.02714011605058143,2026,2026樣本內
2026-07-15,1,148.0,1,2026-07-14,0.02544182031101938,-0.013667118991569804,0.03965085221796949,0.028891833187828096,-0.0028227145500261397,-0.024322881611622993,0.022036149722472587,0.028938754210351508,2026,2026樣本內
2026-07-21,1,148.0,1,2026-07-20,0.005992860991494764,-0.01747303956428259,0.023883212879340254,0.030291530929278998,0.009865200692823262,-0.013269235486007114,0.02344554057785464,0.024625348294299274,2026,2026樣本內
2026-07-22,-1,148.0,1,2026-07-21,0.05213877902050856,0.003645437355010994,0.048317204323965246,0.027088220643145203,0.0554561272682077,0.014018245211826041,0.04086502609992548,0.029430773054934065,2026,2026樣本內
2026-07-23,-1,148.0,1,2026-07-22,0.004411564757982989,0.023702253178172317,-0.018844042161966224,0.03332426902856538,-0.00800734791926716,0.015184015810657536,-0.022844492593203092,0.02496408468947981,2026,2026樣本內
2026-07-29,-1,148.0,1,2026-07-28,-0.044933396106233814,-0.010256465447657681,-0.035036279044005525,0.03354426874186494,-0.01698864917687737,0.018987012987012886,-0.03530531960209471,0.035230148588037795,2026,2026樣本內
2026-07-31,1,148.0,1,2026-07-30,0.08188569694730496,0.01957701453009042,0.06111228630034571,0.0423958290460197,0.07644060106226802,0.02756758133965187,0.047561854431900086,0.05116502522219542,2026,2026樣本內
2026-08-05,1,-347.0,1,2026-08-04,0.06551942853893356,0.02910829699267503,0.03538124379393448,0.037033861605287634,0.027234000640220524,-0.001985645933014313,0.029277781881756226,0.02004383048927627,2026,2026樣本內
2026-08-13,-1,148.0,1,2026-08-12,0.024871739980344643,-0.009550329340982655,0.03475398128854312,0.012022181317141814,0.016798559446524086,-0.008089679879810463,0.025091219257925346,0.014832014405534737,2026,2026樣本內
2026-08-14,-1,148.0,1,2026-08-13,0.0045663573501255605,0.00338570175374997,0.0011766717368126844,0.02464316764225304,0.003122451357334244,0.003122451357334244,0.0,0.017825934987766596,2026,2026樣本內
2026-08-18,-1,148.0,1,2026-08-17,0.016424996275282933,0.00041931845294485015,0.015998969159341403,0.01787461595145376,0.010836167468042612,0.0023257436565342626,0.008490676674093978,0.02089832297408225,2026,2026樣本內
2026-08-20,-1,-302.0,1,2026-08-19,-0.021199153468095755,-0.026991383347770515,0.005952907076613334,0.04208561045857155,-0.003192956145231296,-0.014445268218018392,0.011417237125371793,0.02834958031977946,2026,2026樣本內
