date,equity,n_pos
2021-01-04,1.0,0
2021-01-05,1.0,0
2021-01-06,1.0,0
2021-01-07,1.0,0
2021-01-08,1.0,0
2021-01-11,1.0,0
2021-01-12,1.0,0
2021-01-13,1.0,0
2021-01-14,1.0,0
2021-01-15,1.0,0
2021-01-19,1.0,0
2021-01-20,1.0,0
2021-01-21,1.0,0
2021-01-22,1.0,0
2021-01-25,1.0,0
2021-01-26,1.0,0
2021-01-27,1.0,0
2021-01-28,1.0,0
2021-01-29,1.0,0
2021-02-01,1.0,0
2021-02-02,1.0,0
2021-02-03,1.0,0
2021-02-04,1.0,0
2021-02-05,1.0,0
2021-02-08,1.0,0
2021-02-09,1.0,0
2021-02-10,1.0,0
2021-02-11,1.0,0
2021-02-12,1.0,0
2021-02-16,1.0,0
2021-02-17,1.0,0
2021-02-18,1.0,0
2021-02-19,1.0,0
2021-02-22,1.0,0
2021-02-23,1.0,0
2021-02-24,1.0,0
2021-02-25,1.0,0
2021-02-26,1.0,0
2021-03-01,1.0,0
2021-03-02,1.0,0
2021-03-03,1.0,0
2021-03-04,1.0,0
2021-03-05,1.0,0
2021-03-08,1.0,0
2021-03-09,1.0,0
2021-03-10,1.0,0
2021-03-11,1.0,0
2021-03-12,1.0,0
2021-03-15,1.0,0
2021-03-16,1.0,0
2021-03-17,1.0,0
2021-03-18,1.0,0
2021-03-19,1.0,0
2021-03-22,1.0,0
2021-03-23,1.0,0
2021-03-24,1.0,0
2021-03-25,1.0,0
2021-03-26,1.0,0
2021-03-29,1.0,0
2021-03-30,1.0,0
2021-03-31,1.012420384453869,10
2021-04-01,1.045705984453869,10
2021-04-05,1.0652016844538688,10
2021-04-06,1.0524180177872022,10
2021-04-07,1.0547807511205358,10
2021-04-08,1.0650201844538687,10
2021-04-09,1.0658850511205358,10
2021-04-12,1.0505036844538689,10
2021-04-13,1.0414209844538689,10
2021-04-14,1.0350431511205356,10
2021-04-15,1.0503157177872022,10
2021-04-16,1.049478884453869,10
2021-04-19,1.0309931177872025,10
2021-04-20,1.0135165177872023,10
2021-04-21,1.0449670177872026,10
2021-04-22,1.023453784453869,10
2021-04-23,1.0397181511205358,10
2021-04-26,1.0488069177872021,10
2021-04-27,1.0463245177872023,10
2021-04-28,1.026138884453869,10
2021-04-29,1.0328026177872025,10
2021-04-30,1.0066920511205357,10
2021-05-03,0.9996589177872023,10
2021-05-04,0.9850931177872023,10
2021-05-05,0.9961021177872024,10
2021-05-06,1.0062436177872023,10
2021-05-07,1.0215747511205358,10
2021-05-10,0.9788412177872026,10
2021-05-11,0.9754265511205356,10
2021-05-12,0.9326848511205356,10
2021-05-13,0.957304333966305,9
2021-05-14,0.9822852672996386,9
2021-05-17,0.9743499006329718,9
2021-05-18,0.9655798672996384,9
2021-05-19,0.9754965006329717,9
2021-05-20,0.9977577006329716,9
2021-05-21,0.9909808672996383,9
2021-05-24,1.0145066672996386,9
2021-05-25,1.0144771006329716,9
2021-05-26,1.015106433966305,9
2021-05-27,1.0228231672996386,9
2021-05-28,1.0221023672996383,9
2021-06-01,1.0258387339663049,9
2021-06-02,1.0242163672996385,9
2021-06-03,1.007081933966305,9
2021-06-04,1.0280168672996384,9
2021-06-07,1.0226892672996384,9
2021-06-08,1.0126280006329718,9
2021-06-09,1.0061130672996383,9
2021-06-10,1.016161933966305,9
2021-06-11,1.0182267339663051,9
2021-06-14,1.0259509672996385,9
2021-06-15,1.0212668672996383,9
2021-06-16,1.0139131672996384,9
2021-06-17,1.0057978006329718,9
2021-06-18,0.9747376006329715,9
2021-06-21,0.9870426006329718,9
2021-06-22,0.9896309339663051,9
2021-06-23,0.9912949672996385,9
2021-06-24,1.0051543006329717,9
2021-06-25,1.0034091006329715,0
2021-06-28,1.0163854553146452,10
2021-06-29,1.0260114219813121,10
2021-06-30,1.0286518886479787,10
2021-07-01,1.0233212553146454,10
2021-07-02,1.030532421981312,10
2021-07-06,1.0367204886479786,10
2021-07-07,1.0190488553146453,10
2021-07-08,1.0087591886479785,10
2021-07-09,1.024452221981312,10
2021-07-12,1.0283108553146452,10
2021-07-13,1.0227198886479785,10
2021-07-14,1.0167975886479785,10
2021-07-15,0.9997147886479786,10
2021-07-16,0.9848531553146452,10
2021-07-19,0.9874584886479785,10
2021-07-20,1.0017972553146453,10
2021-07-21,1.0278202886479786,10
2021-07-22,1.0222295886479786,10
2021-07-23,1.0355622553146453,10
2021-07-26,1.0260674553146452,10
2021-07-27,1.015151721981312,10
2021-07-28,1.0391760886479786,10
2021-07-29,1.0645159886479787,10
2021-07-30,1.0702498219813121,10
2021-08-02,1.0728842553146452,10
2021-08-03,1.076954621981312,10
2021-08-04,1.097034021981312,10
2021-08-05,1.0853725553146454,10
2021-08-06,1.077886221981312,10
2021-08-09,1.072918021981312,10
2021-08-10,1.0598014886479783,10
2021-08-11,1.0588982886479785,10
2021-08-12,1.0582610553146452,10
2021-08-13,1.0657062553146452,10
2021-08-16,1.0559020219813118,10
2021-08-17,1.0421706219813118,10
2021-08-18,1.0308000219813118,10
2021-08-19,1.0382295219813118,10
2021-08-20,1.0513611386479786,9
2021-08-23,1.0738555053146452,9
2021-08-24,1.073241471981312,9
2021-08-25,1.0752732053146452,9
2021-08-26,1.0752743053146454,9
2021-08-27,1.0867509719813118,9
2021-08-30,1.0925102053146452,9
2021-08-31,1.082570605314645,9
2021-09-01,1.0772757719813117,9
2021-09-02,1.0802574386479784,9
2021-09-03,1.0828999053146453,9
2021-09-07,1.0774203386479786,9
2021-09-08,1.0608065053146452,9
2021-09-09,1.0588554053146453,9
2021-09-10,1.0593824386479787,9
2021-09-13,1.0620203386479785,9
2021-09-14,1.0630424386479784,9
2021-09-15,1.0633366053146451,9
2021-09-16,1.068268871981312,9
2021-09-17,1.054064571981312,9
2021-09-20,1.037695671981312,9
2021-09-21,1.0403777386479787,9
2021-09-22,1.0578566386479786,0
2021-09-23,1.069612409953583,10
2021-09-24,1.0718021432869165,10
2021-09-27,1.06530247662025,10
2021-09-28,1.0269269099535832,10
2021-09-29,1.00956997662025,10
2021-09-30,1.0057464432869168,10
2021-10-01,1.007708722024509,9
2021-10-04,0.9882124553578421,9
2021-10-05,1.0012826220245088,9
2021-10-06,1.0049695220245087,9
2021-10-07,1.0145638220245088,9
2021-10-08,1.0075974886911754,9
2021-10-11,1.001240755357842,9
2021-10-12,0.9899717220245088,9
2021-10-13,0.9902541886911754,9
2021-10-14,1.0133095553578422,9
2021-10-15,1.020227855357842,9
2021-10-18,1.0286776886911757,9
2021-10-19,1.0420204220245088,9
2021-10-20,1.043883172024509,10
2021-10-21,1.056101072024509,10
2021-10-22,1.0576719720245087,10
2021-10-25,1.0656222386911756,10
2021-10-26,1.0593344720245086,10
2021-10-27,1.0432451053578422,10
2021-10-28,1.0648884386911754,10
2021-10-29,1.067857305357842,10
2021-11-01,1.0935439053578422,10
2021-11-02,1.1070604053578421,10
2021-11-03,1.1156142720245088,10
2021-11-04,1.1401591053578422,10
2021-11-05,1.153410905357842,10
2021-11-08,1.1633153720245086,10
2021-11-09,1.166016372024509,10
2021-11-10,1.1364604053578424,10
2021-11-11,1.159146205357842,10
2021-11-12,1.1685246720245088,10
2021-11-15,1.169044105357842,10
2021-11-16,1.1897233386911754,10
2021-11-17,1.1833171053578422,10
2021-11-18,1.1969140053578424,10
2021-11-19,1.1898444720245087,10
2021-11-22,1.1667751053578421,10
2021-11-23,1.1624841386911755,10
2021-11-24,1.1802485386911752,10
2021-11-26,1.149084505357842,10
2021-11-29,1.1934449386911754,10
2021-11-30,1.1674629386911755,10
2021-12-01,1.1631077053578422,10
2021-12-02,1.1633998720245087,10
2021-12-03,1.1815609386911756,10
2021-12-06,1.1726376720245086,10
2021-12-07,1.2231059053578426,10
2021-12-08,1.2185931053578423,10
2021-12-09,1.1918825720245088,10
2021-12-10,1.203376338691175,10
2021-12-13,1.1684360386911756,10
2021-12-14,1.1624554053578422,10
2021-12-15,1.2021753053578423,10
2021-12-16,1.1548482386911754,10
2021-12-17,1.1563056886911756,1
2021-12-20,1.161859447282634,10
2021-12-21,1.2060755806159675,10
2021-12-22,1.2131503139493007,10
2021-12-23,1.2297173806159674,10
2021-12-27,1.2628816472826339,10
2021-12-28,1.247063047282634,10
2021-12-29,1.2543679472826337,10
2021-12-30,1.2362116139493007,10
2021-12-31,1.234576847282634,10
2022-01-03,1.2577101472826342,10
2022-01-04,1.2579311806159674,10
2022-01-05,1.2198760806159674,10
2022-01-06,1.2245011806159674,10
2022-01-07,1.1991508806159674,10
2022-01-10,1.196891447282634,10
2022-01-11,1.215120147282634,10
2022-01-12,1.2216107472826339,10
2022-01-13,1.2009653806159672,10
2022-01-14,1.2282042306159673,9
2022-01-18,1.1805444951605388,10
2022-01-19,1.1443553618272055,10
2022-01-20,1.1124083951605386,10
2022-01-21,1.0880469618272055,10
2022-01-24,1.1004315618272054,10
2022-01-25,1.0667494951605387,10
2022-01-26,1.0826147038116374,9
2022-01-27,1.0554432371449707,9
2022-01-28,1.066234840652961,8
2022-01-31,1.0997661739862943,8
2022-02-01,1.105138140652961,8
2022-02-02,1.1183858406529608,8
2022-02-03,1.0893171073196277,8
2022-02-04,1.093498340652961,8
2022-02-07,1.1039504739862944,8
2022-02-08,1.1237004073196275,8
2022-02-09,1.1481792073196277,8
2022-02-10,1.1375644739862942,8
2022-02-11,1.1100041739862943,8
2022-02-14,1.1095965406529609,8
2022-02-15,1.1506423406529611,8
2022-02-16,1.1582075406529608,8
2022-02-17,1.1360089739862944,8
2022-02-18,1.1257883739862942,8
2022-02-22,1.1106374739862943,8
2022-02-23,1.092469440652961,8
2022-02-24,1.1034050375663207,7
2022-02-25,1.1130596375663204,7
2022-02-28,1.1058263375663206,7
2022-03-01,1.0826129375663205,7
2022-03-02,1.1200407375663204,7
2022-03-03,1.1053557708996538,7
2022-03-04,1.0798226375663205,7
2022-03-07,1.0436038042329874,7
2022-03-08,1.0543296475985398,6
2022-03-09,1.0748223809318729,6
2022-03-10,1.0661867809318732,6
2022-03-11,1.060916680931873,6
2022-03-14,1.0423546809318731,6
2022-03-15,1.0605357210084698,5
2022-03-16,1.0771154876751365,5
2022-03-17,1.0806860043418034,0
2022-03-18,1.0806860043418034,0
2022-03-21,1.0806860043418034,0
2022-03-22,1.0806860043418034,0
2022-03-23,1.0806860043418034,0
2022-03-24,1.0806860043418034,0
2022-03-25,1.0837181927425292,10
2022-03-28,1.0903117260758626,10
2022-03-29,1.1088678927425293,10
2022-03-30,1.0822239927425292,10
2022-03-31,1.0685442260758626,10
2022-04-01,1.0567708927425292,10
2022-04-04,1.0699790594091958,10
2022-04-05,1.0310584260758626,10
2022-04-06,1.0086541260758626,10
2022-04-07,1.006850459409196,10
2022-04-08,0.9826337927425292,10
2022-04-11,0.9629345929552208,8
2022-04-12,0.9664826724468777,7
2022-04-13,0.9784222724468777,7
2022-04-14,0.962095705780211,7
2022-04-18,0.971032005780211,7
2022-04-19,0.9838008391135444,7
2022-04-20,0.9850210391135444,7
2022-04-21,0.9719409724468777,7
2022-04-22,0.9601767724468776,7
2022-04-25,0.9628888224468778,6
2022-04-26,0.9398473891135445,6
2022-04-27,0.9374585458702365,4
2022-04-28,0.9524833792035697,4
2022-04-29,0.9354989792035698,4
2022-05-02,0.945983612536903,4
2022-05-03,0.9465903125369031,4
2022-05-04,0.9586387792035697,4
2022-05-05,0.9445925792035698,4
2022-05-06,0.9418310792035699,4
2022-05-09,0.9329523792035698,4
2022-05-10,0.9413296125369031,4
2022-05-11,0.9328456458702366,4
2022-05-12,0.9347728458702365,4
2022-05-13,0.9445612125369032,4
2022-05-16,0.9411799792035698,4
2022-05-17,0.9552231125369032,4
2022-05-18,0.940271612536903,4
2022-05-19,0.9354862048204864,3
2022-05-20,0.9370989048204864,3
2022-05-23,0.9339427381538196,3
2022-05-24,0.9330484772546718,2
2022-05-25,0.9344998105880051,2
2022-05-26,0.9377524772546718,2
2022-05-27,0.942444310588005,2
2022-05-31,0.9423080439213384,2
2022-06-01,0.9388349439213384,2
2022-06-02,0.942790510588005,2
2022-06-03,0.937120611293807,9
2022-06-06,0.9391435779604739,9
2022-06-07,0.9466429446271404,9
2022-06-08,0.9254981779604738,9
2022-06-09,0.9051716779604738,9
2022-06-10,0.8740314779604739,9
2022-06-13,0.8271345779604737,9
2022-06-14,0.8355287022541201,6
2022-06-15,0.8452092355874534,6
2022-06-16,0.8126006355874533,6
2022-06-17,0.816244057505325,4
2022-06-21,0.827156257505325,3
2022-06-22,0.824756157505325,2
2022-06-23,0.8245600575053249,2
2022-06-24,0.8321278241719917,2
2022-06-27,0.8318483908386582,2
2022-06-28,0.826947157505325,2
2022-06-29,0.821294957505325,2
2022-06-30,0.8185788241719917,2
2022-07-01,0.8054777908386583,2
2022-07-05,0.8012755965555248,0
2022-07-06,0.8012755965555248,0
2022-07-07,0.8012755965555248,0
2022-07-08,0.8012755965555248,0
2022-07-11,0.8012755965555248,0
2022-07-12,0.8012755965555248,0
2022-07-13,0.8012755965555248,0
2022-07-14,0.8012755965555248,0
2022-07-15,0.8012755965555248,0
2022-07-18,0.8012755965555248,0
2022-07-19,0.8012755965555248,0
2022-07-20,0.8012755965555248,0
2022-07-21,0.8126408936710667,8
2022-07-22,0.7887829936710667,8
2022-07-25,0.7812062603377333,8
2022-07-26,0.7657798270044002,8
2022-07-27,0.8084260936710668,8
2022-07-28,0.8171934936710668,8
2022-07-29,0.8338420270044001,8
2022-08-01,0.8334346270044,8
2022-08-02,0.8487635270044002,8
2022-08-03,0.8725763603377334,8
2022-08-04,0.8810006603377334,8
2022-08-05,0.8760052936710667,8
2022-08-08,0.8598546270044002,8
2022-08-09,0.8153168936710667,8
2022-08-10,0.8519709270043999,8
2022-08-11,0.8445319936710668,8
2022-08-12,0.8729623270044,8
2022-08-15,0.8791311603377334,8
2022-08-16,0.8703176603377335,8
2022-08-17,0.8474828936710669,8
2022-08-18,0.8694841270044,8
2022-08-19,0.8454244936710666,8
2022-08-22,0.8128423936710668,8
2022-08-23,0.8203339603377334,8
2022-08-24,0.8233237270044002,8
2022-08-25,0.8582623270044002,8
2022-08-26,0.8011344936710667,8
2022-08-29,0.7825026270044002,8
2022-08-30,0.7714901603377334,8
2022-08-31,0.7598837603377333,8
2022-09-01,0.739325157492205,7
2022-09-02,0.7324682241588717,7
2022-09-06,0.7245480181629769,6
2022-09-07,0.7340521112339777,5
2022-09-08,0.7500659112339777,5
2022-09-09,0.7601471112339777,5
2022-09-12,0.7601151445673109,5
2022-09-13,0.7286041779006444,5
2022-09-14,0.7364200112339777,5
2022-09-15,0.7283943112339776,5
2022-09-16,0.7296941779006443,5
2022-09-19,0.7317838779006443,5
2022-09-20,0.7246559112339775,5
2022-09-21,0.7202804779006443,4
2022-09-22,0.7050704779006443,4
2022-09-23,0.696398544567311,4
2022-09-26,0.6934714056943015,3
2022-09-27,0.6980549390276348,3
2022-09-28,0.7038229723609684,3
2022-09-29,0.6965832056943015,3
2022-09-30,0.6916899390276349,3
2022-10-03,0.7003052231403258,2
2022-10-04,0.7106725564736591,2
2022-10-05,0.7122928898069925,2
2022-10-06,0.7129607231403259,2
2022-10-07,0.7002483898069924,2
2022-10-10,0.6929645564736592,2
2022-10-11,0.6875840564736592,2
2022-10-12,0.6868584583424808,1
2022-10-13,0.6896584583424809,1
2022-10-14,0.6848834583424809,0
2022-10-17,0.6848834583424809,0
2022-10-18,0.6848834583424809,0
2022-10-19,0.6848834583424809,0
2022-10-20,0.6848834583424809,0
2022-10-21,0.6848834583424809,0
2022-10-24,0.6848834583424809,0
2022-10-25,0.6848834583424809,0
2022-10-26,0.6848834583424809,0
2022-10-27,0.6848834583424809,0
2022-10-28,0.6848834583424809,0
2022-10-31,0.6848834583424809,0
2022-11-01,0.6848834583424809,0
2022-11-02,0.6848834583424809,0
2022-11-03,0.6848834583424809,0
2022-11-04,0.6848834583424809,0
2022-11-07,0.6848834583424809,0
2022-11-08,0.6848834583424809,0
2022-11-09,0.6848834583424809,0
2022-11-10,0.6848834583424809,0
2022-11-11,0.704660464798552,6
2022-11-14,0.6964773981318855,6
2022-11-15,0.7093857981318854,6
2022-11-16,0.6807468981318856,6
2022-11-17,0.6857479314652188,6
2022-11-18,0.6848891981318855,6
2022-11-21,0.6776044981318855,6
2022-11-22,0.6972956981318855,6
2022-11-23,0.7065253647985522,6
2022-11-25,0.6978644981318854,6
2022-11-28,0.6853692981318855,6
2022-11-29,0.6826212981318855,6
2022-11-30,0.7164409647985521,6
2022-12-01,0.7135806647985522,6
2022-12-02,0.7083618981318854,6
2022-12-05,0.7006507647985523,6
2022-12-06,0.6888773314652188,6
2022-12-07,0.6927835981318854,6
2022-12-08,0.7078396981318855,6
2022-12-09,0.7012742981318855,6
2022-12-12,0.7162520314652189,6
2022-12-13,0.7301778647985523,6
2022-12-14,0.7181973647985522,6
2022-12-15,0.6876343647985521,6
2022-12-16,0.6827081647985521,6
2022-12-19,0.6767858647985521,6
2022-12-20,0.6744570314652188,6
2022-12-21,0.6881392981318853,6
2022-12-22,0.6542156981318855,6
2022-12-23,0.6537378981318855,6
2022-12-27,0.6401183314652188,6
2022-12-28,0.6346946025344011,5
2022-12-29,0.6503263025344012,5
2022-12-30,0.6499732692010679,5
2023-01-03,0.6495240358677346,5
2023-01-04,0.6595597025344012,5
2023-01-05,0.6531713736590213,6
2023-01-06,0.6825783403256879,6
2023-01-09,0.6957930069923547,6
2023-01-10,0.7044573069923548,6
2023-01-11,0.7046734069923546,6
2023-01-12,0.7038318069923547,6
2023-01-13,0.7089650736590213,6
2023-01-17,0.7104853069923547,6
2023-01-18,0.7063915069923546,6
2023-01-19,0.6887240069923546,6
2023-01-20,0.7080995736590212,6
2023-01-23,0.7321747403256879,6
2023-01-24,0.7295066736590212,6
2023-01-25,0.7322249736590214,6
2023-01-26,0.7406693069923544,6
2023-01-27,0.7282320069923547,6
2023-01-30,0.7088454736590213,6
2023-01-31,0.7196465069923546,6
2023-02-01,0.7449119736590213,6
2023-02-02,0.7638966069923547,6
2023-02-03,0.7504192069923546,6
2023-02-06,0.7401360069923547,6
2023-02-07,0.7589258069923546,6
2023-02-08,0.7469196736590213,6
2023-02-09,0.7496595236590213,1
2023-02-10,0.7494723452258736,7
2023-02-13,0.7594988785592068,7
2023-02-14,0.7788825452258735,7
2023-02-15,0.7875451118925403,7
2023-02-16,0.7791964785592069,7
2023-02-17,0.7631648118925403,7
2023-02-21,0.7394230118925403,7
2023-02-22,0.7353469785592068,7
2023-02-23,0.7620116785592068,7
2023-02-24,0.7570705785592069,7
2023-02-27,0.7660000118925402,7
2023-02-28,0.7608078452258735,7
2023-03-01,0.7637722452258737,7
2023-03-02,0.7612010785592069,7
2023-03-03,0.7707406785592069,7
2023-03-06,0.7664500118925403,7
2023-03-07,0.7651917785592068,7
2023-03-08,0.786838078559207,7
2023-03-09,0.7707897118925402,7
2023-03-10,0.7506842118925402,7
2023-03-13,0.7460774452258736,7
2023-03-14,0.768163078559207,7
2023-03-15,0.7579381118925402,7
2023-03-16,0.7892232452258736,7
2023-03-17,0.7822464785592069,7
2023-03-20,0.7932498785592068,7
2023-03-21,0.8139285785592071,7
2023-03-22,0.8108864452258735,7
2023-03-23,0.825689278559207,7
2023-03-24,0.8098288118925403,7
2023-03-27,0.8082590118925403,7
2023-03-28,0.7930732118925403,7
2023-03-29,0.8123039785592069,7
2023-03-30,0.8194833452258736,7
2023-03-31,0.8330923785592069,7
2023-04-03,0.8401405452258736,6
2023-04-04,0.8260683241830431,7
2023-04-05,0.8107290575163763,7
2023-04-06,0.7971729908497097,7
2023-04-10,0.8180090575163764,7
2023-04-11,0.8091070908497098,7
2023-04-12,0.805070124183043,7
2023-04-13,0.8123944575163764,7
2023-04-14,0.8133052241830432,7
2023-04-17,0.8176645908497098,7
2023-04-18,0.8257585575163763,7
2023-04-19,0.8057935241830432,7
2023-04-20,0.7918349575163763,7
2023-04-21,0.7893100575163764,7
2023-04-24,0.781683024183043,7
2023-04-25,0.7560367575163763,7
2023-04-26,0.7643599908497098,6
2023-04-27,0.7687981241830429,6
2023-04-28,0.7858272908497096,6
2023-05-01,0.794983224183043,6
2023-05-02,0.7711210241830431,6
2023-05-03,0.7990040241830432,6
2023-05-04,0.7997402908497097,6
2023-05-05,0.8006502889597971,5
2023-05-08,0.8018393407203438,4
2023-05-09,0.7916212907203437,0
2023-05-10,0.7916212907203437,0
2023-05-11,0.7916212907203437,0
2023-05-12,0.7916212907203437,0
2023-05-15,0.7916212907203437,0
2023-05-16,0.7999128376055805,7
2023-05-17,0.8243656709389138,7
2023-05-18,0.8505889709389138,7
2023-05-19,0.8449145709389139,7
2023-05-22,0.8440611376055805,7
2023-05-23,0.8333412376055805,7
2023-05-24,0.8286471709389138,7
2023-05-25,0.8930543042722472,7
2023-05-26,0.9687216376055804,7
2023-05-30,0.9678954042722473,7
2023-05-31,0.9339810042722471,7
2023-06-01,0.9561848042722472,7
2023-06-02,0.9462084709389139,7
2023-06-05,0.9365601376055805,7
2023-06-06,0.9513005376055805,7
2023-06-07,0.9580145376055804,7
2023-06-08,0.9719097376055806,7
2023-06-09,0.9734275376055805,7
2023-06-12,0.9910998376055805,7
2023-06-13,0.9881518376055805,7
2023-06-14,0.993066870938914,7
2023-06-15,0.9809186042722472,7
2023-06-16,0.9620148042722472,7
2023-06-20,0.9529645376055806,7
2023-06-21,0.9380350376055805,7
2023-06-22,0.9523693376055804,7
2023-06-23,0.9315217709389136,7
2023-06-26,0.9388211709389139,7
2023-06-27,0.9740742709389139,7
2023-06-28,0.975533970938914,7
2023-06-29,0.9687893042722473,7
2023-06-30,0.9856317042722471,7
2023-07-03,0.9955498376055805,7
2023-07-05,0.9775979376055804,7
2023-07-06,0.9658921376055805,7
2023-07-07,0.9710016376055804,7
2023-07-10,0.9925419042722472,7
2023-07-11,0.9942753042722474,7
2023-07-12,1.0061749376055806,7
2023-07-13,1.0385448042722474,7
2023-07-14,1.031174370938914,7
2023-07-17,1.0559981376055805,7
2023-07-18,1.0679339709389137,7
2023-07-19,1.044941304272247,7
2023-07-20,1.016684070938914,7
2023-07-21,1.0260403709389139,7
2023-07-24,1.0332961376055805,7
2023-07-25,1.0517065042722473,7
2023-07-26,1.0457868376055806,7
2023-07-27,1.085378504272247,7
2023-07-28,1.1122937376055806,7
2023-07-31,1.1132628709389139,7
2023-08-01,1.1203782042722472,7
2023-08-02,1.0751696042722474,7
2023-08-03,1.0798484042722472,7
2023-08-04,1.089817870938914,7
2023-08-07,1.1127225376055805,7
2023-08-08,1.0936779376055807,7
2023-08-09,1.0203661709389138,7
2023-08-10,1.0224082376055805,7
2023-08-11,0.9805597542722471,0
2023-08-14,0.9805597542722471,0
2023-08-15,0.9714113090876435,9
2023-08-16,0.9290775424209768,9
2023-08-17,0.9237504757543102,8
2023-08-18,0.9278676757543102,8
2023-08-21,0.9423199757543101,8
2023-08-22,0.939092642420977,8
2023-08-23,0.9545063424209769,8
2023-08-24,0.9314316757543102,8
2023-08-25,0.9418657090876433,8
2023-08-28,0.9523914424209768,8
2023-08-29,0.9640697424209768,8
2023-08-30,0.9700924424209768,8
2023-08-31,0.9824829108606931,9
2023-09-01,1.0159802441940264,9
2023-09-05,1.0139265441940264,9
2023-09-06,1.0131913441940263,9
2023-09-07,1.0048328441940264,9
2023-09-08,1.00473797752736,9
2023-09-11,1.004275410860693,9
2023-09-12,0.9915035775273597,9
2023-09-13,0.9897191775273597,9
2023-09-14,0.9976834108606931,9
2023-09-15,0.9724323108606933,9
2023-09-18,0.975153710860693,9
2023-09-19,0.9702879441940264,9
2023-09-20,0.9541196108606931,9
2023-09-21,0.9398815775273599,9
2023-09-22,0.9482957617018372,8
2023-09-25,0.9502311283685038,8
2023-09-26,0.9351569617018372,8
2023-09-27,0.9429785283685037,8
2023-09-28,0.9529260950351705,8
2023-09-29,0.9576758950351705,8
2023-10-02,0.9622647950351704,8
2023-10-03,0.9490604283685037,8
2023-10-04,0.9591159283685038,8
2023-10-05,0.9574692617018371,8
2023-10-06,0.9701950283685038,8
2023-10-09,0.9726167283685038,8
2023-10-10,0.9778341283685039,8
2023-10-11,0.990847261701837,8
2023-10-12,0.9932378617018371,8
2023-10-13,0.9714640950351705,8
2023-10-16,0.9862612950351705,8
2023-10-17,0.9838105283685036,8
2023-10-18,0.9690301950351704,8
2023-10-19,0.9503480950351706,8
2023-10-20,0.9339320950351704,8
2023-10-23,0.931912261701837,8
2023-10-24,0.9482848950351704,8
2023-10-25,0.9255202950351704,8
2023-10-26,0.9030672283685036,8
2023-10-27,0.9240867950351705,8
2023-10-30,0.9317794283685038,8
2023-10-31,0.9560904617018371,8
2023-11-01,0.9788966950351704,8
2023-11-02,0.9867764283685037,8
2023-11-03,1.0002232283685037,8
2023-11-06,1.0035784950351703,8
2023-11-07,1.0064332283685038,8
2023-11-08,1.004201436209028,1
2023-11-09,0.9908456875846706,10
2023-11-10,1.0297976209180042,10
2023-11-13,1.0243443209180039,10
2023-11-14,1.0556351209180037,10
2023-11-15,1.0584225875846707,10
2023-11-16,1.0570368209180039,10
2023-11-17,1.0581340875846705,10
2023-11-20,1.073608320918004,10
2023-11-21,1.055595720918004,10
2023-11-22,1.0646201875846706,10
2023-11-24,1.0652003875846705,10
2023-11-27,1.0675866542513373,10
2023-11-28,1.0555534875846704,10
2023-11-29,1.0688110542513372,10
2023-11-30,1.0636363542513372,10
2023-12-01,1.0695942542513373,10
2023-12-04,1.0576653875846704,10
2023-12-05,1.0545025542513373,10
2023-12-06,1.0454959542513373,10
2023-12-07,1.0768126875846706,10
2023-12-08,1.0805830209180038,10
2023-12-11,1.1086007875846706,10
2023-12-12,1.1186815542513375,10
2023-12-13,1.1299614542513372,10
2023-12-14,1.1606370875846705,10
2023-12-15,1.1629363875846706,10
2023-12-18,1.159752220918004,10
2023-12-19,1.1682695875846707,10
2023-12-20,1.1352584209180039,10
2023-12-21,1.1661096542513372,10
2023-12-22,1.1687592875846704,10
2023-12-26,1.1898749209180037,10
2023-12-27,1.1912208542513374,10
2023-12-28,1.1889078875846706,10
2023-12-29,1.1796848875846706,10
2024-01-02,1.1329413875846706,10
2024-01-03,1.1128486209180037,10
2024-01-04,1.1060526875846708,10
2024-01-05,1.1132024875846704,10
2024-01-08,1.151635520918004,10
2024-01-09,1.1514936542513372,10
2024-01-10,1.150941620918004,10
2024-01-11,1.159529554251337,10
2024-01-12,1.1526789542513374,10
2024-01-16,1.183403420918004,10
2024-01-17,1.1729625209180041,10
2024-01-18,1.2135040875846705,10
2024-01-19,1.264089020918004,10
2024-01-22,1.2659395875846706,10
2024-01-23,1.2714232209180036,10
2024-01-24,1.3065311542513371,10
2024-01-25,1.3096143209180038,10
2024-01-26,1.283559820918004,10
2024-01-29,1.298018420918004,10
2024-01-30,1.2843081209180038,10
2024-01-31,1.2689362209180037,10
2024-02-01,1.2853354875846703,10
2024-02-02,1.3076362542513373,10
2024-02-05,1.322764354251337,10
2024-02-06,1.3271016375846705,9
2024-02-07,1.3578394375846707,1
2024-02-08,1.3804589775838283,10
2024-02-09,1.4120434109171616,10
2024-02-12,1.4030898775838283,10
2024-02-13,1.3918294442504948,10
2024-02-14,1.4294022109171616,10
2024-02-15,1.439598544250495,10
2024-02-16,1.4131310775838284,10
2024-02-20,1.3834873442504951,10
2024-02-21,1.369426344250495,10
2024-02-22,1.4612303109171616,10
2024-02-23,1.4329168775838281,10
2024-02-26,1.4500924109171616,10
2024-02-27,1.4379078109171617,10
2024-02-28,1.4253870442504952,10
2024-02-29,1.4485598109171616,10
2024-03-01,1.5000354442504948,10
2024-03-04,1.5389860775838282,10
2024-03-05,1.5221858109171618,10
2024-03-06,1.5488979442504949,10
2024-03-07,1.5815031775838284,10
2024-03-08,1.536547277583828,10
2024-03-11,1.499668244250495,10
2024-03-12,1.5452880775838282,10
2024-03-13,1.5317620109171615,10
2024-03-14,1.511697644250495,10
2024-03-15,1.4910203442504952,10
2024-03-18,1.4896792775838286,10
2024-03-19,1.4723310775838283,10
2024-03-20,1.4898747775838284,10
2024-03-21,1.5332877109171617,10
2024-03-22,1.5370588109171615,10
2024-03-25,1.542877244250495,10
2024-03-26,1.5284706442504952,10
2024-03-27,1.5235058109171618,10
2024-03-28,1.5222904109171616,10
2024-04-01,1.5332114109171617,10
2024-04-02,1.5158616109171617,10
2024-04-03,1.5313711109171615,10
2024-04-04,1.4929446775838284,10
2024-04-05,1.5143772775838285,10
2024-04-08,1.5136035775838284,10
2024-04-09,1.5080682109171615,10
2024-04-10,1.5070316775838284,10
2024-04-11,1.534071344250495,10
2024-04-12,1.4969042775838284,10
2024-04-15,1.4742252109171616,10
2024-04-16,1.5034888442504948,10
2024-04-17,1.4674622109171616,10
2024-04-18,1.444090794250495,9
2024-04-19,1.370188494250495,9
2024-04-22,1.3825723275838282,9
2024-04-23,1.4125663275838285,9
2024-04-24,1.421584494250495,9
2024-04-25,1.4525033609171616,9
2024-04-26,1.4913034609171616,9
2024-04-29,1.4999992967548175,10
2024-04-30,1.471375430088151,10
2024-05-01,1.4238566967548176,10
2024-05-02,1.453302263421484,10
2024-05-03,1.480091030088151,9
2024-05-06,1.5070444800881508,1
2024-05-07,1.4993157506173054,10
2024-05-08,1.5151093839506387,10
2024-05-09,1.513803217283972,10
2024-05-10,1.5246821506173052,10
2024-05-13,1.5219432506173054,10
2024-05-14,1.5425156172839718,10
2024-05-15,1.5874568839506387,10
2024-05-16,1.5684264839506386,10
2024-05-17,1.5677143506173052,10
2024-05-20,1.586474317283972,10
2024-05-21,1.5876317172839718,10
2024-05-22,1.6038913839506386,10
2024-05-23,1.6044955172839719,10
2024-05-24,1.6286685839506385,10
2024-05-28,1.6449258839506384,10
2024-05-29,1.6417396839506384,10
2024-05-30,1.6251735506173048,10
2024-05-31,1.592071517283972,10
2024-06-03,1.5870734172839722,10
2024-06-04,1.5826292172839718,10
2024-06-05,1.6200665839506387,10
2024-06-06,1.6039463172839719,10
2024-06-07,1.5948576506173051,10
2024-06-10,1.615217717283972,10
2024-06-11,1.6160683839506385,10
2024-06-12,1.6420350172839717,10
2024-06-13,1.660180417283972,10
2024-06-14,1.6509847839506386,10
2024-06-17,1.6716461506173053,10
2024-06-18,1.7011152839506387,10
2024-06-20,1.6668398839506386,10
2024-06-21,1.6554302839506387,10
2024-06-24,1.6175224839506384,10
2024-06-25,1.6435061839506384,10
2024-06-26,1.6305774839506388,10
2024-06-27,1.6315301506173052,10
2024-06-28,1.6387506839506387,10
2024-07-01,1.6455906506173053,10
2024-07-02,1.6540341839506387,10
2024-07-03,1.6760418506173052,10
2024-07-05,1.6706751506173052,10
2024-07-08,1.6897417839506386,10
2024-07-09,1.6926316172839722,10
2024-07-10,1.7093101172839718,10
2024-07-11,1.6689349839506387,10
2024-07-12,1.6774937172839717,10
2024-07-15,1.6782792506173052,10
2024-07-16,1.6850640839506383,10
2024-07-17,1.6035259839506386,10
2024-07-18,1.6120773506173054,10
2024-07-19,1.5888068839506386,10
2024-07-22,1.6366751839506386,10
2024-07-23,1.6250335172839718,10
2024-07-24,1.5567340506173053,10
2024-07-25,1.5409866604325075,8
2024-07-26,1.5604236604325075,8
2024-07-29,1.5562399604325075,8
2024-07-30,1.5212483270991741,8
2024-07-31,1.5910802604325074,8
2024-08-01,1.5324056604325076,8
2024-08-02,1.4962366042034856,0
2024-08-05,1.4962366042034856,0
2024-08-06,1.4962366042034856,0
2024-08-07,1.4962366042034856,0
2024-08-08,1.4962366042034856,0
2024-08-09,1.4962366042034856,0
2024-08-12,1.4962366042034856,0
2024-08-13,1.4962366042034856,0
2024-08-14,1.4962366042034856,0
2024-08-15,1.4962366042034856,0
2024-08-16,1.4962366042034856,0
2024-08-19,1.4962366042034856,0
2024-08-20,1.4962366042034856,0
2024-08-21,1.4962366042034856,0
2024-08-22,1.4962366042034856,0
2024-08-23,1.4962366042034856,0
2024-08-26,1.4962366042034856,0
2024-08-27,1.4962366042034856,0
2024-08-28,1.4962366042034856,0
2024-08-29,1.4962366042034856,0
2024-08-30,1.4962366042034856,0
2024-09-03,1.4962366042034856,0
2024-09-04,1.4962366042034856,0
2024-09-05,1.4962366042034856,0
2024-09-06,1.4962366042034856,0
2024-09-09,1.4962366042034856,0
2024-09-10,1.4962366042034856,0
2024-09-11,1.4962366042034856,0
2024-09-12,1.4962366042034856,0
2024-09-13,1.4962366042034856,0
2024-09-16,1.4962366042034856,0
2024-09-17,1.4962366042034856,0
2024-09-18,1.4962366042034856,0
2024-09-19,1.4962366042034856,0
2024-09-20,1.4962366042034856,0
2024-09-23,1.4962366042034856,0
2024-09-24,1.4962366042034856,0
2024-09-25,1.4962366042034856,0
2024-09-26,1.4934790245730687,10
2024-09-27,1.4669663579064018,10
2024-09-30,1.4635692245730685,10
2024-10-01,1.4412979245730684,10
2024-10-02,1.4585331245730686,10
2024-10-03,1.4674568579064018,10
2024-10-04,1.4943330245730688,10
2024-10-07,1.4984407912397353,10
2024-10-08,1.5160554245730686,10
2024-10-09,1.537196257906402,10
2024-10-10,1.5439158245730686,10
2024-10-11,1.562591691239735,10
2024-10-14,1.5598332912397355,10
2024-10-15,1.5244362579064021,10
2024-10-16,1.5435152245730686,10
2024-10-17,1.5637491245730686,10
2024-10-18,1.5516318912397353,10
2024-10-21,1.5554167579064022,10
2024-10-22,1.5447692245730689,10
2024-10-23,1.5308565912397354,10
2024-10-24,1.5358707245730687,10
2024-10-25,1.5493480245730684,10
2024-10-28,1.5472721579064017,10
2024-10-29,1.5653566912397354,10
2024-10-30,1.5539999912397353,10
2024-10-31,1.514560891239735,10
2024-11-01,1.5289068579064018,10
2024-11-04,1.5197720245730686,9
2024-11-05,1.5911446579064017,9
2024-11-06,1.6307531579064019,9
2024-11-07,1.6499925143324896,10
2024-11-08,1.654049580999156,10
2024-11-11,1.628935547665823,10
2024-11-12,1.619239980999156,10
2024-11-13,1.6060447476658226,10
2024-11-14,1.5936272809991563,10
2024-11-15,1.5666386809991562,10
2024-11-18,1.5811416143324895,10
2024-11-19,1.6265165143324893,10
2024-11-20,1.6219163143324893,10
2024-11-21,1.6592784809991563,10
2024-11-22,1.655987880999156,10
2024-11-25,1.6430351809991564,10
2024-11-26,1.6414492809991559,10
2024-11-27,1.5916717476658229,10
2024-11-29,1.6151681476658228,10
2024-12-02,1.6308561476658225,10
2024-12-03,1.6640591809991558,10
2024-12-04,1.7051422476658227,10
2024-12-05,1.7007019476658227,10
2024-12-06,1.727233580999156,10
2024-12-09,1.6965699809991561,10
2024-12-10,1.657165980999156,10
2024-12-11,1.6934767143324894,10
2024-12-12,1.6854587476658227,10
2024-12-13,1.7518461476658227,10
2024-12-16,1.7724620809991556,10
2024-12-17,1.730646280999156,10
2024-12-18,1.6728135143324896,10
2024-12-19,1.6821423809991563,10
2024-12-20,1.7209587643324893,1
2024-12-23,1.7229814309991558,1
2024-12-24,1.7320822917031837,9
2024-12-26,1.736904358369851,9
2024-12-27,1.7196651250365174,9
2024-12-30,1.7065236917031839,9
2024-12-31,1.6922039250365175,9
2025-01-02,1.7100952583698505,9
2025-01-03,1.7363367583698508,9
2025-01-06,1.7642780083698508,10
2025-01-07,1.7274402750365172,10
2025-01-08,1.7162288083698507,10
2025-01-10,1.7029743083698508,10
2025-01-13,1.6845943250365174,9
2025-01-14,1.6906183583698506,9
2025-01-15,1.7128985250365172,9
2025-01-16,1.7218233887659433,10
2025-01-17,1.7471584220992766,10
2025-01-21,1.7548798887659434,10
2025-01-22,1.77971835543261,10
2025-01-23,1.7746366887659433,10
2025-01-24,1.7550533887659432,10
2025-01-27,1.590095131031395,10
2025-01-28,1.6073553078982807,7
2025-01-29,1.6180285745649474,7
2025-01-30,1.6353761412316143,7
2025-01-31,1.640244207898281,7
2025-02-03,1.6273502412316143,7
2025-02-04,1.6304858412316143,7
2025-02-05,1.649783941231614,7
2025-02-06,1.6510790197430047,9
2025-02-07,1.6575683864096713,10
2025-02-10,1.6831201530763378,10
2025-02-11,1.664619353076338,10
2025-02-12,1.6534155864096711,10
2025-02-13,1.6667161864096711,10
2025-02-14,1.6754125197430048,10
2025-02-18,1.7136982530763378,10
2025-02-19,1.7203115864096712,10
2025-02-20,1.716034053076338,10
2025-02-21,1.6762624197430047,10
2025-02-24,1.6412254542486673,10
2025-02-25,1.6112969375820003,9
2025-02-26,1.6384440375820004,9
2025-02-27,1.5701101709153338,9
2025-02-28,1.5731221375820006,9
2025-03-03,1.5377325042486671,9
2025-03-04,1.5519111826486671,8
2025-03-05,1.5679536493153339,8
2025-03-06,1.5374315493153339,8
2025-03-07,1.5449566983349416,7
2025-03-10,1.5154353650016084,7
2025-03-11,1.5180348983349417,7
2025-03-12,1.5316957316682749,7
2025-03-13,1.5158509650016083,7
2025-03-14,1.5453896983349416,7
2025-03-17,1.5550235983349419,7
2025-03-18,1.5371375983349416,7
2025-03-19,1.5494606316682749,7
2025-03-20,1.5416987316682749,7
2025-03-21,1.5403668650016085,7
2025-03-24,1.5569832650016084,7
2025-03-25,1.5525436650016082,6
2025-03-26,1.532316131668275,6
2025-03-27,1.5212751650016083,6
2025-03-28,1.5051131650016085,6
2025-03-31,1.508453031668275,6
2025-04-01,1.5103722983349417,6
2025-04-02,1.5142659983349416,6
2025-04-03,1.4573579650016082,6
2025-04-04,1.4343484833571691,1
2025-04-07,1.443549283357169,1
2025-04-08,1.4398168833571692,1
2025-04-09,1.4542835500238358,1
2025-04-10,1.4455167500238357,1
2025-04-11,1.443983283357169,1
2025-04-14,1.443896483357169,1
2025-04-15,1.4449380833571692,1
2025-04-16,1.440337683357169,1
2025-04-17,1.4392382166905024,1
2025-04-21,1.4334515500238358,1
2025-04-22,1.4365474166905023,1
2025-04-23,1.443259950023836,1
2025-04-24,1.4516795500238358,1
2025-04-25,1.4535891500238358,1
2025-04-28,1.4559038166905023,1
2025-04-29,1.452229283357169,1
2025-04-30,1.440250883357169,1
2025-05-01,1.4427680833571692,1
2025-05-02,1.4456035500238358,1
2025-05-05,1.4411478166905025,1
2025-05-06,1.4433612166905025,0
2025-05-07,1.4433612166905025,0
2025-05-08,1.4433612166905025,0
2025-05-09,1.4433612166905025,0
2025-05-12,1.4472965355124596,10
2025-05-13,1.4833878021791262,10
2025-05-14,1.4930518355124596,10
2025-05-15,1.4799177355124595,10
2025-05-16,1.4813290355124595,10
2025-05-19,1.4780728355124597,10
2025-05-20,1.479315268845793,10
2025-05-21,1.4619644355124597,10
2025-05-22,1.4593574355124597,10
2025-05-23,1.4519403355124596,10
2025-05-27,1.4868075021791265,10
2025-05-28,1.4795308355124597,10
2025-05-29,1.4831936021791263,10
2025-05-30,1.4623533355124598,10
2025-06-02,1.479395102179126,10
2025-06-03,1.5139241688457932,10
2025-06-04,1.5315484355124598,10
2025-06-05,1.5203451355124595,10
2025-06-06,1.5261075021791264,10
2025-06-09,1.535176568845793,10
2025-06-10,1.543235868845793,10
2025-06-11,1.550835602179126,10
2025-06-12,1.5599049355124597,10
2025-06-13,1.5286893355124596,10
2025-06-16,1.5753861021791262,10
2025-06-17,1.5658571688457932,10
2025-06-18,1.5805797688457932,10
2025-06-20,1.5753360355124595,10
2025-06-23,1.5808389355124595,10
2025-06-24,1.6341172688457928,10
2025-06-25,1.643702368845793,10
2025-06-26,1.655308002179126,10
2025-06-27,1.658364602179126,10
2025-06-30,1.6704706355124597,10
2025-07-01,1.6459812355124597,10
2025-07-02,1.6727916355124597,10
2025-07-03,1.685571568845793,10
2025-07-07,1.667423002179126,10
2025-07-08,1.6762905021791261,10
2025-07-09,1.6898551355124596,10
2025-07-10,1.6888912021791265,10
2025-07-11,1.6923577021791263,10
2025-07-14,1.6886349688457931,10
2025-07-15,1.713474068845793,10
2025-07-16,1.7030812688457928,10
2025-07-17,1.7130267688457927,10
2025-07-18,1.6969137021791263,10
2025-07-21,1.6956557355124597,10
2025-07-22,1.6696939021791262,10
2025-07-23,1.6927832355124597,10
2025-07-24,1.70323883551246,10
2025-07-25,1.7158562355124594,10
2025-07-28,1.7499023021791262,10
2025-07-29,1.753582268845793,10
2025-07-30,1.773846968845793,10
2025-07-31,1.7439678355124597,10
2025-08-01,1.728510868845793,10
2025-08-04,1.7623453021791262,10
2025-08-05,1.7361368021791261,10
2025-08-06,1.7441675355124597,10
2025-08-07,1.771896568845793,0
2025-08-08,1.7796053368530826,10
2025-08-11,1.7741224701864156,10
2025-08-12,1.8078098701864158,10
2025-08-13,1.8003534701864157,10
2025-08-14,1.7685564035197494,10
2025-08-15,1.7564438201864156,10
2025-08-18,1.759898486853083,10
2025-08-19,1.7233744535197493,10
2025-08-20,1.7054853868530826,10
2025-08-21,1.7092955535197494,10
2025-08-22,1.7289580201864159,10
2025-08-25,1.7233027535197494,10
2025-08-26,1.7376303868530827,10
2025-08-27,1.746407020186416,10
2025-08-28,1.7686401535197496,10
2025-08-29,1.7285460868530826,10
2025-09-02,1.717206520186416,10
2025-09-03,1.724267520186416,10
2025-09-04,1.7498384535197495,10
2025-09-05,1.758469753519749,10
2025-09-08,1.7778612868530823,10
2025-09-09,1.7808787868530827,10
2025-09-10,1.836529386853083,10
2025-09-11,1.8277902201864158,10
2025-09-12,1.8166198535197493,10
2025-09-15,1.8348523868530826,10
2025-09-16,1.8363744535197493,10
2025-09-17,1.8384490868530825,10
2025-09-18,1.8839370201864158,10
2025-09-19,1.876550553519749,10
2025-09-22,1.8739472868530824,10
2025-09-23,1.8587916868530827,10
2025-09-24,1.8362877201864163,10
2025-09-25,1.8366041868530827,10
2025-09-26,1.8361846201864156,10
2025-09-29,1.8423336868530826,10
2025-09-30,1.857210420186416,10
2025-10-01,1.8835844868530827,10
2025-10-02,1.904222420186416,10
2025-10-03,1.882228753519749,10
2025-10-06,1.9307258535197493,10
2025-10-07,1.919215720186416,10
2025-10-08,1.9822312535197493,10
2025-10-09,1.984490020186416,10
2025-10-10,1.9191549535197494,10
2025-10-13,1.9558590535197493,10
2025-10-14,1.8888863201864157,10
2025-10-15,1.9258642868530829,10
2025-10-16,1.9303020535197488,10
2025-10-17,1.9242065201864158,10
2025-10-20,1.9427689201864158,10
2025-10-21,1.9330996201864161,10
2025-10-22,1.9106329868530822,10
2025-10-23,1.9613381868530826,10
2025-10-24,1.9886897201864158,10
2025-10-27,2.0189785535197498,10
2025-10-28,2.0376164201864158,10
2025-10-29,2.068798820186416,10
2025-10-30,2.037629920186416,10
2025-10-31,2.052090186853083,10
2025-11-03,2.046669203519749,1
2025-11-04,2.023691648421756,10
2025-11-05,2.062295115088423,10
2025-11-06,2.029402548421756,10
2025-11-07,2.0248402150884233,10
2025-11-10,2.0574477650884226,9
2025-11-11,2.02726493175509,10
2025-11-12,2.043905365088423,10
2025-11-13,1.9978332984217566,10
2025-11-14,1.9949375917801524,10
2025-11-17,1.9826926251134858,10
2025-11-18,1.9562393917801526,10
2025-11-19,1.9764471251134859,10
2025-11-20,1.9189634251134857,10
2025-11-21,1.9268319917801526,8
2025-11-24,1.9577626917801525,8
2025-11-25,1.964299916669555,10
2025-11-26,1.9908330500028883,10
2025-11-28,2.0087376500028884,10
2025-12-01,2.0104591833362218,10
2025-12-02,2.025570583336221,10
2025-12-03,2.0446487833362212,10
2025-12-04,2.0408169500028883,10
2025-12-05,2.0515703500028883,10
2025-12-08,2.0605656166695545,10
2025-12-09,2.0663490166695553,10
2025-12-10,2.0903666833362218,10
2025-12-11,2.080560750002888,10
2025-12-12,2.018298850002888,10
2025-12-15,2.019075383336222,10
2025-12-16,2.0107480500028885,10
2025-12-17,1.9723499166695548,10
2025-12-18,2.0095948757305773,8
2025-12-19,2.034349475730577,8
2025-12-22,2.0490861316010225,10
2025-12-23,2.0527076316010224,10
2025-12-24,2.0566399649343556,10
2025-12-26,2.0576536316010223,10
2025-12-29,2.0532709649343555,10
2025-12-30,2.048169731601022,10
2025-12-31,2.033910831601022,10
2026-01-02,2.093229998267689,10
2026-01-05,2.118006198267689,10
2026-01-06,2.1602937649343557,10
2026-01-07,2.1377336982676893,10
2026-01-08,2.103520698267689,10
2026-01-09,2.148649598267689,10
2026-01-12,2.1492316649343555,10
2026-01-13,2.1442051316010224,10
2026-01-14,2.130599564934356,10
2026-01-15,2.1648038316010227,10
2026-01-16,2.1815639316010222,10
2026-01-20,2.1617134316010223,10
2026-01-21,2.209253358844917,10
2026-01-22,2.209279558844917,10
2026-01-23,2.1817070921782507,10
2026-01-26,2.1786323255115834,10
2026-01-27,2.2310043921782503,10
2026-01-28,2.2526023921782508,10
2026-01-29,2.2564266255115832,10
2026-01-30,2.1890302588449173,10
2026-02-02,2.2187529088449174,4
2026-02-03,2.197522320909948,10
2026-02-04,2.1497722209099477,10
2026-02-05,2.1562478730015373,10
2026-02-06,2.2021756730015376,10
2026-02-09,2.211406773001537,10
2026-02-10,2.197753039668204,10
2026-02-11,2.2215545413557365,10
2026-02-12,2.1928733913557363,9
2026-02-13,2.202775715319977,10
2026-02-17,2.2052175819866435,10
2026-02-18,2.211166781986644,10
2026-02-19,2.2056431819866433,10
2026-02-20,2.2310823819866434,10
2026-02-23,2.2257175819866437,10
2026-02-24,2.240301031986643,9
2026-02-25,2.255516371308077,10
2026-02-26,2.2292432379747433,10
2026-02-27,2.2198450046414098,10
2026-03-02,2.2173598713080773,10
2026-03-03,2.1719867046414096,10
2026-03-04,2.183423437974743,10
2026-03-05,2.1627284713080765,10
2026-03-06,2.1187493713080765,10
2026-03-09,2.145237525170426,8
2026-03-10,2.1453240522776236,10
2026-03-11,2.14890001894429,10
2026-03-12,2.12652341894429,10
2026-03-13,2.1285482111464775,9
2026-03-16,2.1480084778131445,9
2026-03-17,2.1521732108620157,10
2026-03-18,2.138234910862016,10
2026-03-19,2.1465170775286824,10
2026-03-20,2.1250209775286826,9
2026-03-23,2.1383786775286824,9
2026-03-24,2.1694314775286823,9
2026-03-25,2.1887478648219414,10
2026-03-26,2.1363693625375775,10
2026-03-27,2.1198419292042443,10
2026-03-30,2.076311095870911,10
2026-03-31,2.1248951047137634,9
2026-04-01,2.151596604713764,9
2026-04-02,2.157979104713764,9
2026-04-06,2.163938338047097,9
2026-04-07,2.171899671955471,10
2026-04-08,2.2337629719554712,10
2026-04-09,2.2499006052888046,10
2026-04-10,2.269127071955471,10
2026-04-13,2.287561838622138,10
2026-04-14,2.297907071955471,10
2026-04-15,2.2841002052888046,10
2026-04-16,2.3026615719554715,10
2026-04-17,2.339649038622138,10
2026-04-20,2.3668343386221378,10
2026-04-21,2.3835876052888048,10
2026-04-22,2.403509038622138,10
2026-04-23,2.426062038622138,10
2026-04-24,2.4660766052888046,10
2026-04-27,2.446023071955471,10
2026-04-28,2.396094371955471,10
2026-04-29,2.4131815052888044,10
2026-04-30,2.454790371955471,8
2026-05-01,2.459221951112016,10
2026-05-04,2.4423404511120164,9
2026-05-05,2.4905835344453497,10
2026-05-06,2.576487301112016,10
2026-05-07,2.5291956344453492,10
2026-05-08,2.6185277677786822,9
2026-05-11,2.6465020907150736,10
2026-05-12,2.5903186573817405,9
2026-05-13,2.632486974299762,10
2026-05-14,2.6298077409664287,10
2026-05-15,2.576625074299762,10
2026-05-18,2.5464827409664283,10
2026-05-19,2.544339274299762,10
2026-05-20,2.610814374299762,10
2026-05-21,2.6307265409664287,10
2026-05-22,2.7035472409664285,10
2026-05-26,2.797689007633095,10
2026-05-27,2.7656420742997616,10
2026-05-28,2.7921411409664287,10
2026-05-29,2.8536000742997616,10
2026-06-01,2.8826669076330953,10
2026-06-02,2.9789067409664285,10
2026-06-03,3.018649407633095,10
2026-06-04,3.0055437076330955,8
2026-06-05,2.8672320552709682,10
2026-06-08,2.9348264552709686,10
2026-06-09,2.9016278552709687,10
2026-06-10,2.8524135886043016,10
2026-06-11,2.94786804942378,10
2026-06-12,2.98473144942378,10
2026-06-15,3.0486315160904467,10
2026-06-16,2.967255916090447,10
2026-06-17,2.9704359827571136,10
2026-06-18,3.05588174942378,10
2026-06-22,3.10048384942378,9
2026-06-23,3.002827565123127,9
2026-06-24,2.99150359845646,10
2026-06-25,3.041746431789794,10
2026-06-26,2.9421645984564604,10
2026-06-29,2.991277148727426,10
2026-06-30,3.0421221487274264,10
2026-07-01,2.956182315394093,10
2026-07-02,2.8921997820607594,9
2026-07-06,2.9144767153940934,10
2026-07-07,2.8478253487274263,10
2026-07-08,2.865880248727427,10
2026-07-09,2.9061871487274265,10
2026-07-10,2.9033650487274265,10
2026-07-13,2.8469714153940933,10
2026-07-14,2.8738871153940933,10
2026-07-15,2.8418251153940934,10
2026-07-16,2.7949502153940933,10
2026-07-17,2.7720056755047433,8
2026-07-20,2.7733515755047433,8
2026-07-21,2.8240317620938833,7
2026-07-22,2.82250292876055,7
2026-07-23,2.8152556620938833,7
2026-07-24,2.7824114620938833,7
2026-07-27,2.7743862954272167,7
2026-07-28,2.73407372876055,7
2026-07-29,2.699733812093883,4
2026-07-30,2.7318066731055684,2
2026-07-31,2.7249109731055685,2
2026-08-03,2.7234979397722348,2
2026-08-04,2.7361036064389017,2
2026-08-05,2.734217439772235,2
2026-08-06,2.732993039772235,1
2026-08-07,2.7355274397722353,1
2026-08-10,2.733662906438902,0
2026-08-11,2.733662906438902,0
2026-08-12,2.733662906438902,0
2026-08-13,2.733662906438902,0
2026-08-14,2.733662906438902,0
2026-08-17,2.733662906438902,0
2026-08-18,2.733662906438902,0
2026-08-19,2.733662906438902,0
2026-08-20,2.733662906438902,0
2026-08-21,2.733662906438902,0
2026-08-24,2.733662906438902,0
2026-08-25,2.733662906438902,0
2026-08-26,2.733662906438902,0
2026-08-27,2.733662906438902,0
2026-08-28,2.733662906438902,0
2026-08-31,2.733662906438902,0
2026-09-01,2.733662906438902,0
2026-09-02,2.733662906438902,0
2026-09-03,2.733662906438902,0
2026-09-04,2.733662906438902,0
2026-09-08,2.733662906438902,0
2026-09-09,2.733662906438902,0
2026-09-10,2.733662906438902,0
2026-09-11,2.733662906438902,0
2026-09-14,2.733662906438902,0
2026-09-15,2.733662906438902,0
2026-09-16,2.733662906438902,0
2026-09-17,2.733662906438902,0
2026-09-18,2.733662906438902,0
2026-09-21,2.733662906438902,0
2026-09-22,2.760979023105569,10
2026-09-23,2.7485708564389024,10
2026-09-24,2.748231423105569,10
2026-09-25,2.7604399231055687,10
2026-09-28,2.726130756438902,10
2026-09-29,2.7357754231055686,10
2026-09-30,2.7375599564389024,10
2026-10-01,2.755188856438902,10
2026-10-02,2.7723176897722355,10
