group,year,n,r1_mean,r1b_mean,diff_pp,pass
全體,all,23390,0.1186220606111901,0.12505306968126734,-0.6431009070077237,False
全體,2021,3645,0.04257729355722901,0.0440756172631277,-0.14983237058986895,False
全體,2022,3464,-0.014938501336228574,-0.00972172567799777,-0.5216775658230804,False
全體,2023,4702,0.1829607194179092,0.18974516582279324,-0.6784446404884042,False
全體,2024,4726,0.08003198035597874,0.08492480734705245,-0.4892826991073712,False
全體,2025,4392,0.19095501961294803,0.210174983361653,-1.9219963748704965,False
全體,2026,2461,0.2931513567442503,0.287298458567139,0.5852898177111321,True
TW,all,12247,0.1342772579264583,0.14094320612895556,-0.6665948202497246,False
TW,2021,1782,0.023969594856212532,0.03154722209494297,-0.7577627238730438,False
TW,2022,2175,0.015026388397645384,0.02341653867717217,-0.8390150279526786,False
TW,2023,2390,0.1937747278454719,0.19420119510934458,-0.04264672638726874,False
TW,2024,2413,0.07842716869623159,0.0903986004647361,-1.1971431768504515,False
TW,2025,2287,0.2547430823141057,0.2790914366737541,-2.434835435964838,False
TW,2026,1200,0.301999424610781,0.27008801540485156,3.191140920592944,True
US,all,11143,0.10288023374556071,0.10907500362477769,-0.6194769879216979,False
US,2021,1863,0.06041368868514637,0.05608470071449647,0.43289879706499,True
US,2022,1289,-0.049545838775350605,-0.04799408732763067,-0.15517514477199346,False
US,2023,2312,0.17262252736115924,0.1854852018248502,-1.2862674463690964,False
US,2024,2313,0.08159796592718359,0.07958344470802241,0.20145212191611805,True
US,2025,2105,0.1252505773456611,0.13918807866249308,-1.3937501316831968,False
US,2026,1261,0.2848562931193778,0.30343324903178337,-1.8576955912405546,False
